# Blender 4.3.2
# www.blender.org
o hello_zoo-environment-0n
v 29.875000 4.265957 -0.060305
v 30.125000 4.265957 -0.060305
v 29.875000 4.508634 0.066292
v 30.125000 4.508634 0.066292
v 30.125000 4.395604 0.273782
v 29.875000 4.395604 0.273782
v 30.125000 4.555226 0.414644
v 29.875000 4.555226 0.414644
v 30.125000 4.966932 0.728292
v 30.125000 5.000000 1.000000
v 29.875000 4.966932 0.728292
v 29.875000 5.000000 1.000000
v 30.125000 4.777778 1.000000
v 30.125000 4.752059 0.788671
v 30.125000 4.676403 0.589680
v 30.125000 4.869660 0.472446
v 30.125000 4.713862 0.247400
v 30.125000 4.206856 0.175318
v 30.125000 4.000000 0.125000
v 30.125000 1.500000 0.125000
v 30.125000 4.000000 -0.125000
v 30.125000 1.500000 -0.125000
v 30.250000 5.000000 1.500000
v 30.250000 5.000000 2.000000
v 29.750000 5.000000 2.000000
v 29.750000 5.000000 1.500000
v 29.875000 4.206856 0.175318
v 29.875000 4.869660 0.472446
v 29.875000 4.000000 0.125000
v 30.250000 4.777778 2.000000
v 29.750000 4.777778 2.000000
v 29.875000 4.752059 0.788671
v 29.875000 4.777778 1.000000
v 29.875000 4.000000 -0.125000
v 30.250000 4.777778 1.500000
v 29.875000 4.713862 0.247400
v 29.750000 4.777778 1.500000
v 29.875000 4.676403 0.589680
v 29.875000 1.500000 -0.125000
v 29.875000 1.500000 0.125000
v 29.750000 1.000000 -0.250000
v 29.750000 1.000000 0.250000
v 30.250000 1.000000 -0.250000
v 30.250000 1.000000 0.250000
v 29.750000 -0.000000 -0.250000
v 30.250000 -0.000000 -0.250000
v 29.750000 0.000000 0.250000
v 30.250000 0.000000 0.250000
v 18.556459 0.175000 -0.786186
v 17.993540 0.175000 -0.461186
v 18.556459 0.825000 -0.786186
v 17.993540 0.825000 -0.461186
v 17.361191 0.175000 -1.106458
v 17.361191 0.825000 -1.106458
v 17.686190 0.175000 -0.543542
v 17.686190 0.825000 -0.543542
v 18.443960 -0.050000 -0.981042
v 18.118959 -0.050000 -1.543958
v 17.881041 -0.050000 -0.656042
v 17.556040 -0.050000 -1.218958
v 18.118959 1.050000 -1.543958
v 18.443960 1.050000 -0.981042
v 17.556040 1.050000 -1.218958
v 17.881041 1.050000 -0.656042
v 17.443541 0.175000 -1.413814
v 18.006460 0.175000 -1.738814
v 17.443541 0.825000 -1.413814
v 18.006460 0.825000 -1.738814
v 18.313810 0.825000 -1.656458
v 18.313810 0.175000 -1.656458
v 18.638809 0.825000 -1.093542
v 18.638809 0.175000 -1.093542
v 18.683010 -0.000000 -0.916987
v 18.683010 1.000000 -0.916987
v 17.816990 -0.000000 -0.416987
v 17.816990 1.000000 -0.416987
v 18.183010 1.000000 -1.783013
v 18.183010 -0.000000 -1.783013
v 17.316990 -0.000000 -1.283013
v 17.316990 1.000000 -1.283013
v 22.500000 -0.100000 4.500000
v 22.500000 0.000000 4.500000
v 23.500000 -0.100000 5.500000
v 22.500000 -0.100000 5.500000
v 23.500000 0.000000 5.500000
v 22.500000 0.000000 5.500000
v 22.500000 -0.100000 3.500000
v 22.500000 0.000000 3.500000
v 37.299999 0.000000 3.550000
v 37.500000 0.000000 3.550000
v 37.299999 0.000000 3.450000
v 37.500000 0.000000 3.450000
v 37.500000 1.000000 3.550000
v 37.299999 1.000000 3.550000
v 37.500000 1.000000 3.450000
v 37.299999 1.000000 3.450000
v 35.500000 0.000000 3.550000
v 35.700001 0.000000 3.550000
v 35.500000 0.000000 3.450000
v 35.700001 0.000000 3.450000
v 35.700001 1.000000 3.550000
v 35.500000 1.000000 3.550000
v 35.700001 1.000000 3.450000
v 35.500000 1.000000 3.450000
v 35.700001 0.900000 3.475000
v 37.299999 0.900000 3.475000
v 35.700001 0.900000 3.525000
v 37.299999 0.900000 3.525000
v 35.700001 0.800000 3.475000
v 37.299999 0.800000 3.475000
v 35.700001 0.800000 3.525000
v 37.299999 0.800000 3.525000
v 37.221531 0.973744 3.575000
v 37.178421 0.023988 3.575000
v 37.021580 0.976012 3.575000
v 36.978470 0.026257 3.575000
v 36.978470 0.026257 3.525000
v 37.021580 0.976012 3.525000
v 37.178421 0.023988 3.525000
v 37.221531 0.973744 3.525000
v 35.968449 0.976397 3.575000
v 36.031441 0.026919 3.575000
v 35.768559 0.973081 3.575000
v 35.831551 0.023604 3.575000
v 35.831551 0.023604 3.525000
v 35.768559 0.973081 3.525000
v 36.031441 0.026919 3.525000
v 35.968449 0.976397 3.525000
v 36.629791 0.973195 3.575000
v 36.570110 0.023664 3.575000
v 36.429890 0.976336 3.575000
v 36.370209 0.026805 3.575000
v 36.370209 0.026805 3.525000
v 36.429890 0.976336 3.525000
v 36.570110 0.023664 3.525000
v 36.629791 0.973195 3.525000
v 35.700001 0.200000 3.475000
v 37.299999 0.200000 3.475000
v 35.700001 0.200000 3.525000
v 37.299999 0.200000 3.525000
v 35.700001 0.100000 3.475000
v 37.299999 0.100000 3.475000
v 35.700001 0.100000 3.525000
v 37.299999 0.100000 3.525000
v 36.879040 1.000937 3.550000
v 36.920921 0.001157 3.550000
v 36.679081 0.998843 3.550000
v 36.720959 -0.000937 3.550000
v 36.720959 -0.000937 3.525000
v 36.679081 0.998843 3.525000
v 36.920921 0.001157 3.525000
v 36.879040 1.000937 3.525000
v 36.299999 1.000000 3.550000
v 36.299999 0.000000 3.550000
v 36.099998 1.000000 3.550000
v 36.099998 0.000000 3.550000
v 36.099998 0.000000 3.525000
v 36.099998 1.000000 3.525000
v 36.299999 0.000000 3.525000
v 36.299999 1.000000 3.525000
v 29.299999 -0.000000 -0.450000
v 29.500000 -0.000000 -0.450000
v 29.299999 -0.000000 -0.550000
v 29.500000 -0.000000 -0.550000
v 29.500000 1.000000 -0.450000
v 29.299999 1.000000 -0.450000
v 29.500000 1.000000 -0.550000
v 29.299999 1.000000 -0.550000
v 27.500000 -0.000000 -0.450000
v 27.700001 -0.000000 -0.450000
v 27.500000 -0.000000 -0.550000
v 27.700001 -0.000000 -0.550000
v 27.700001 1.000000 -0.450000
v 27.500000 1.000000 -0.450000
v 27.700001 1.000000 -0.550000
v 27.500000 1.000000 -0.550000
v 27.700001 0.900000 -0.525000
v 29.299999 0.900000 -0.525000
v 27.700001 0.900000 -0.475000
v 29.299999 0.900000 -0.475000
v 27.700001 0.800000 -0.525000
v 29.299999 0.800000 -0.525000
v 27.700001 0.800000 -0.475000
v 29.299999 0.800000 -0.475000
v 29.221531 0.973743 -0.425000
v 29.178419 0.023988 -0.425000
v 29.021580 0.976012 -0.425000
v 28.978470 0.026257 -0.425000
v 28.978470 0.026257 -0.475000
v 29.021580 0.976012 -0.475000
v 29.178419 0.023988 -0.475000
v 29.221531 0.973743 -0.475000
v 27.968451 0.976397 -0.425000
v 28.031441 0.026919 -0.425000
v 27.768560 0.973081 -0.425000
v 27.831551 0.023603 -0.425000
v 27.831551 0.023603 -0.475000
v 27.768560 0.973081 -0.475000
v 28.031441 0.026919 -0.475000
v 27.968451 0.976397 -0.475000
v 28.629789 0.973195 -0.425000
v 28.570110 0.023664 -0.425000
v 28.429890 0.976336 -0.425000
v 28.370211 0.026805 -0.425000
v 28.370211 0.026805 -0.475000
v 28.429890 0.976336 -0.475000
v 28.570110 0.023664 -0.475000
v 28.629789 0.973195 -0.475000
v 27.700001 0.200000 -0.525000
v 29.299999 0.200000 -0.525000
v 27.700001 0.200000 -0.475000
v 29.299999 0.200000 -0.475000
v 27.700001 0.100000 -0.525000
v 29.299999 0.100000 -0.525000
v 27.700001 0.100000 -0.475000
v 29.299999 0.100000 -0.475000
v 28.879040 1.000937 -0.450000
v 28.920919 0.001157 -0.450000
v 28.679079 0.998843 -0.450000
v 28.720961 -0.000937 -0.450000
v 28.720961 -0.000937 -0.475000
v 28.679079 0.998843 -0.475000
v 28.920919 0.001157 -0.475000
v 28.879040 1.000937 -0.475000
v 28.299999 1.000000 -0.450000
v 28.299999 -0.000000 -0.450000
v 28.100000 1.000000 -0.450000
v 28.100000 -0.000000 -0.450000
v 28.100000 -0.000000 -0.475000
v 28.100000 1.000000 -0.475000
v 28.299999 -0.000000 -0.475000
v 28.299999 1.000000 -0.475000
v 32.299999 -0.000000 -0.450000
v 32.500000 -0.000000 -0.450000
v 32.299999 -0.000000 -0.550000
v 32.500000 -0.000000 -0.550000
v 32.500000 1.000000 -0.450000
v 32.299999 1.000000 -0.450000
v 32.500000 1.000000 -0.550000
v 32.299999 1.000000 -0.550000
v 30.500000 -0.000000 -0.450000
v 30.700001 -0.000000 -0.450000
v 30.500000 -0.000000 -0.550000
v 30.700001 -0.000000 -0.550000
v 30.700001 1.000000 -0.450000
v 30.500000 1.000000 -0.450000
v 30.700001 1.000000 -0.550000
v 30.500000 1.000000 -0.550000
v 30.700001 0.900000 -0.525000
v 32.299999 0.900000 -0.525000
v 30.700001 0.900000 -0.475000
v 32.299999 0.900000 -0.475000
v 30.700001 0.800000 -0.525000
v 32.299999 0.800000 -0.525000
v 30.700001 0.800000 -0.475000
v 32.299999 0.800000 -0.475000
v 32.221531 0.973743 -0.425000
v 32.178421 0.023988 -0.425000
v 32.021580 0.976012 -0.425000
v 31.978470 0.026257 -0.425000
v 31.978470 0.026257 -0.475000
v 32.021580 0.976012 -0.475000
v 32.178421 0.023988 -0.475000
v 32.221531 0.973743 -0.475000
v 30.968451 0.976397 -0.425000
v 31.031441 0.026919 -0.425000
v 30.768560 0.973081 -0.425000
v 30.831551 0.023603 -0.425000
v 30.831551 0.023603 -0.475000
v 30.768560 0.973081 -0.475000
v 31.031441 0.026919 -0.475000
v 30.968451 0.976397 -0.475000
v 31.629789 0.973195 -0.425000
v 31.570110 0.023664 -0.425000
v 31.429890 0.976336 -0.425000
v 31.370211 0.026805 -0.425000
v 31.370211 0.026805 -0.475000
v 31.429890 0.976336 -0.475000
v 31.570110 0.023664 -0.475000
v 31.629789 0.973195 -0.475000
v 30.700001 0.200000 -0.525000
v 32.299999 0.200000 -0.525000
v 30.700001 0.200000 -0.475000
v 32.299999 0.200000 -0.475000
v 30.700001 0.100000 -0.525000
v 32.299999 0.100000 -0.525000
v 30.700001 0.100000 -0.475000
v 32.299999 0.100000 -0.475000
v 31.879040 1.000937 -0.450000
v 31.920919 0.001157 -0.450000
v 31.679079 0.998843 -0.450000
v 31.720961 -0.000937 -0.450000
v 31.720961 -0.000937 -0.475000
v 31.679079 0.998843 -0.475000
v 31.920919 0.001157 -0.475000
v 31.879040 1.000937 -0.475000
v 31.299999 1.000000 -0.450000
v 31.299999 -0.000000 -0.450000
v 31.100000 1.000000 -0.450000
v 31.100000 -0.000000 -0.450000
v 31.100000 -0.000000 -0.475000
v 31.100000 1.000000 -0.475000
v 31.299999 -0.000000 -0.475000
v 31.299999 1.000000 -0.475000
v 34.299999 -0.000000 -0.450000
v 34.500000 -0.000000 -0.450000
v 34.299999 -0.000000 -0.550000
v 34.500000 -0.000000 -0.550000
v 34.500000 1.000000 -0.450000
v 34.299999 1.000000 -0.450000
v 34.500000 1.000000 -0.550000
v 34.299999 1.000000 -0.550000
v 32.500000 -0.000000 -0.450000
v 32.700001 -0.000000 -0.450000
v 32.500000 -0.000000 -0.550000
v 32.700001 -0.000000 -0.550000
v 32.700001 1.000000 -0.450000
v 32.500000 1.000000 -0.450000
v 32.700001 1.000000 -0.550000
v 32.500000 1.000000 -0.550000
v 32.700001 0.900000 -0.525000
v 34.299999 0.900000 -0.525000
v 32.700001 0.900000 -0.475000
v 34.299999 0.900000 -0.475000
v 32.700001 0.800000 -0.525000
v 34.299999 0.800000 -0.525000
v 32.700001 0.800000 -0.475000
v 34.299999 0.800000 -0.475000
v 34.221531 0.973743 -0.425000
v 34.178421 0.023988 -0.425000
v 34.021580 0.976012 -0.425000
v 33.978470 0.026257 -0.425000
v 33.978470 0.026257 -0.475000
v 34.021580 0.976012 -0.475000
v 34.178421 0.023988 -0.475000
v 34.221531 0.973743 -0.475000
v 32.968449 0.976397 -0.425000
v 33.031441 0.026919 -0.425000
v 32.768559 0.973081 -0.425000
v 32.831551 0.023603 -0.425000
v 32.831551 0.023603 -0.475000
v 32.768559 0.973081 -0.475000
v 33.031441 0.026919 -0.475000
v 32.968449 0.976397 -0.475000
v 33.629791 0.973195 -0.425000
v 33.570110 0.023664 -0.425000
v 33.429890 0.976336 -0.425000
v 33.370209 0.026805 -0.425000
v 33.370209 0.026805 -0.475000
v 33.429890 0.976336 -0.475000
v 33.570110 0.023664 -0.475000
v 33.629791 0.973195 -0.475000
v 32.700001 0.200000 -0.525000
v 34.299999 0.200000 -0.525000
v 32.700001 0.200000 -0.475000
v 34.299999 0.200000 -0.475000
v 32.700001 0.100000 -0.525000
v 34.299999 0.100000 -0.525000
v 32.700001 0.100000 -0.475000
v 34.299999 0.100000 -0.475000
v 33.879040 1.000937 -0.450000
v 33.920921 0.001157 -0.450000
v 33.679081 0.998843 -0.450000
v 33.720959 -0.000937 -0.450000
v 33.720959 -0.000937 -0.475000
v 33.679081 0.998843 -0.475000
v 33.920921 0.001157 -0.475000
v 33.879040 1.000937 -0.475000
v 33.299999 1.000000 -0.450000
v 33.299999 -0.000000 -0.450000
v 33.099998 1.000000 -0.450000
v 33.099998 -0.000000 -0.450000
v 33.099998 -0.000000 -0.475000
v 33.099998 1.000000 -0.475000
v 33.299999 -0.000000 -0.475000
v 33.299999 1.000000 -0.475000
v 34.700001 -0.000000 -0.550000
v 34.700001 -0.000000 -0.450000
v 34.700001 1.000000 -0.550000
v 34.700001 1.000000 -0.450000
v 36.500000 -0.000000 -0.550000
v 36.299999 -0.000000 -0.550000
v 36.500000 -0.000000 -0.450000
v 36.299999 -0.000000 -0.450000
v 36.299999 1.000000 -0.550000
v 36.500000 1.000000 -0.550000
v 36.299999 1.000000 -0.450000
v 36.500000 1.000000 -0.450000
v 36.299999 0.900000 -0.475000
v 34.700001 0.900000 -0.475000
v 36.299999 0.900000 -0.525000
v 34.700001 0.900000 -0.525000
v 36.299999 0.800000 -0.475000
v 34.700001 0.800000 -0.475000
v 36.299999 0.800000 -0.525000
v 34.700001 0.800000 -0.525000
v 34.778469 0.973743 -0.575000
v 34.821579 0.023988 -0.575000
v 34.978420 0.976012 -0.575000
v 35.021530 0.026257 -0.575000
v 35.021530 0.026257 -0.525000
v 34.978420 0.976012 -0.525000
v 34.821579 0.023988 -0.525000
v 34.778469 0.973743 -0.525000
v 36.031551 0.976397 -0.575000
v 35.968559 0.026919 -0.575000
v 36.231441 0.973081 -0.575000
v 36.168449 0.023603 -0.575000
v 36.168449 0.023603 -0.525000
v 36.231441 0.973081 -0.525000
v 35.968559 0.026919 -0.525000
v 36.031551 0.976397 -0.525000
v 35.370209 0.973195 -0.575000
v 35.429890 0.023664 -0.575000
v 35.570110 0.976336 -0.575000
v 35.629791 0.026805 -0.575000
v 35.629791 0.026805 -0.525000
v 35.570110 0.976336 -0.525000
v 35.429890 0.023664 -0.525000
v 35.370209 0.973195 -0.525000
v 36.299999 0.200000 -0.475000
v 34.700001 0.200000 -0.475000
v 36.299999 0.200000 -0.525000
v 34.700001 0.200000 -0.525000
v 36.299999 0.100000 -0.475000
v 34.700001 0.100000 -0.475000
v 36.299999 0.100000 -0.525000
v 34.700001 0.100000 -0.525000
v 35.120960 1.000937 -0.550000
v 35.079079 0.001157 -0.550000
v 35.320919 0.998843 -0.550000
v 35.279041 -0.000938 -0.550000
v 35.279041 -0.000938 -0.525000
v 35.320919 0.998843 -0.525000
v 35.079079 0.001157 -0.525000
v 35.120960 1.000937 -0.525000
v 35.700001 1.000000 -0.550000
v 35.700001 -0.000000 -0.550000
v 35.900002 1.000000 -0.550000
v 35.900002 -0.000000 -0.550000
v 35.900002 -0.000000 -0.525000
v 35.900002 1.000000 -0.525000
v 35.700001 -0.000000 -0.525000
v 35.700001 1.000000 -0.525000
v 29.549999 0.000000 1.700000
v 29.549999 0.000000 1.500000
v 29.450001 0.000000 1.700000
v 29.450001 0.000000 1.500000
v 29.549999 1.000000 1.500000
v 29.549999 1.000000 1.700000
v 29.450001 1.000000 1.500000
v 29.450001 1.000000 1.700000
v 29.549999 0.000000 3.500000
v 29.549999 0.000000 3.300000
v 29.450001 0.000000 3.500000
v 29.450001 0.000000 3.300000
v 29.549999 1.000000 3.300000
v 29.549999 1.000000 3.500000
v 29.450001 1.000000 3.300000
v 29.450001 1.000000 3.500000
v 29.475000 0.900000 3.300000
v 29.475000 0.900000 1.700000
v 29.525000 0.900000 3.300000
v 29.525000 0.900000 1.700000
v 29.475000 0.800000 3.300000
v 29.475000 0.800000 1.700000
v 29.525000 0.800000 3.300000
v 29.525000 0.800000 1.700000
v 29.575001 0.973743 1.778473
v 29.575001 0.023988 1.821579
v 29.575001 0.976012 1.978421
v 29.575001 0.026257 2.021527
v 29.525000 0.026257 2.021527
v 29.525000 0.976012 1.978421
v 29.525000 0.023988 1.821579
v 29.525000 0.973743 1.778473
v 29.575001 0.976397 3.031552
v 29.575001 0.026919 2.968557
v 29.575001 0.973081 3.231442
v 29.575001 0.023604 3.168447
v 29.525000 0.023604 3.168447
v 29.525000 0.973081 3.231442
v 29.525000 0.026919 2.968557
v 29.525000 0.976397 3.031552
v 29.575001 0.973195 2.370209
v 29.575001 0.023664 2.429889
v 29.575001 0.976336 2.570110
v 29.575001 0.026805 2.629791
v 29.525000 0.026805 2.629791
v 29.525000 0.976336 2.570110
v 29.525000 0.023664 2.429889
v 29.525000 0.973195 2.370209
v 29.475000 0.200000 3.300000
v 29.475000 0.200000 1.700000
v 29.525000 0.200000 3.300000
v 29.525000 0.200000 1.700000
v 29.475000 0.100000 3.300000
v 29.475000 0.100000 1.700000
v 29.525000 0.100000 3.300000
v 29.525000 0.100000 1.700000
v 29.549999 1.000937 2.120965
v 29.549999 0.001157 2.079080
v 29.549999 0.998843 2.320920
v 29.549999 -0.000937 2.279036
v 29.525000 -0.000937 2.279036
v 29.525000 0.998843 2.320920
v 29.525000 0.001157 2.079080
v 29.525000 1.000937 2.120965
v 29.549999 1.000000 2.700000
v 29.549999 0.000000 2.700000
v 29.549999 1.000000 2.900000
v 29.549999 0.000000 2.900000
v 29.525000 0.000000 2.900000
v 29.525000 1.000000 2.900000
v 29.525000 0.000000 2.700000
v 29.525000 1.000000 2.700000
v 36.444290 1.100000 -2.562553
v 36.780750 1.100000 -1.306849
v 36.444290 2.400000 -2.562553
v 36.780750 2.400000 -1.306849
v 35.206848 1.100000 -0.419249
v 35.206848 2.400000 -0.419249
v 36.462551 1.100000 -0.755714
v 36.462551 2.400000 -0.755714
v 36.009621 0.650000 -2.446084
v 34.753910 0.650000 -2.109620
v 36.346081 0.650000 -1.190380
v 35.090382 0.650000 -0.853916
v 34.753910 2.850000 -2.109620
v 36.009621 2.850000 -2.446084
v 35.090382 2.850000 -0.853916
v 36.346081 2.850000 -1.190380
v 34.655708 1.100000 -0.737447
v 34.319248 1.100000 -1.993151
v 34.655708 2.400000 -0.737448
v 34.319248 2.400000 -1.993151
v 34.637451 2.400000 -2.544286
v 34.637451 1.100000 -2.544286
v 35.893150 2.400000 -2.880751
v 35.893150 1.100000 -2.880751
v 36.257111 0.750000 -2.874745
v 36.257111 2.750000 -2.874745
v 36.774738 0.750000 -0.942893
v 36.774738 2.750000 -0.942893
v 34.325260 2.750000 -2.357107
v 34.325260 0.750000 -2.357107
v 34.842892 0.750000 -0.425255
v 34.842892 2.750000 -0.425255
v 39.750000 0.625000 -1.550000
v 37.150002 0.625000 -1.550000
v 39.750000 2.575000 -1.550000
v 37.150002 2.575000 -1.550000
v 36.250000 0.625000 -3.300000
v 36.250000 2.575000 -3.300000
v 36.250000 0.625000 -2.000000
v 36.250000 2.575000 -2.000000
v 39.750000 -0.050000 -2.000000
v 39.750000 -0.050000 -3.300000
v 37.150002 -0.050000 -2.000000
v 37.150002 -0.050000 -3.300000
v 39.750000 3.250000 -3.300000
v 39.750000 3.250000 -2.000000
v 37.150002 3.250000 -3.300000
v 37.150002 3.250000 -2.000000
v 37.150002 0.625000 -3.750000
v 39.750000 0.625000 -3.750000
v 37.150002 2.575000 -3.750000
v 39.750000 2.575000 -3.750000
v 40.650002 2.575000 -3.300000
v 40.650002 0.625000 -3.300000
v 40.650002 2.575000 -2.000000
v 40.650002 0.625000 -2.000000
v 40.450001 0.100000 -1.650000
v 40.450001 3.100000 -1.650000
v 36.450001 0.100000 -1.650000
v 36.450001 3.100000 -1.650000
v 40.450001 3.100000 -3.650000
v 40.450001 0.100000 -3.650000
v 36.450001 0.100000 -3.650000
v 36.450001 3.100000 -3.650000
v 40.231800 0.400000 -0.412563
v 39.312561 0.400000 -1.331802
v 40.231800 1.700000 -0.412563
v 39.312561 1.700000 -1.331802
v 40.231800 0.400000 -2.887437
v 40.231800 1.700000 -2.887437
v 39.312561 0.400000 -1.968198
v 39.312561 1.700000 -1.968198
v 40.549999 -0.050000 -0.730761
v 41.469238 -0.050000 -1.650000
v 39.630760 -0.050000 -1.650000
v 40.549999 -0.050000 -2.569239
v 41.469238 2.150000 -1.650000
v 40.549999 2.150000 -0.730761
v 40.549999 2.150000 -2.569239
v 39.630760 2.150000 -1.650000
v 40.868198 0.400000 -2.887437
v 41.787441 0.400000 -1.968198
v 40.868198 1.700000 -2.887437
v 41.787441 1.700000 -1.968198
v 41.787441 1.700000 -1.331802
v 41.787441 0.400000 -1.331802
v 40.868198 1.700000 -0.412563
v 40.868198 0.400000 -0.412563
v 40.549999 0.050000 -0.235786
v 40.549999 2.050000 -0.235787
v 39.135780 0.050000 -1.650000
v 39.135780 2.050000 -1.650000
v 41.964211 2.050000 -1.650000
v 41.964211 0.050000 -1.650000
v 40.549999 0.050000 -3.064214
v 40.549999 2.050000 -3.064214
v 38.171570 0.175000 -0.484625
v 37.543720 0.175000 -0.652857
v 38.171570 0.825000 -0.484625
v 37.543720 0.825000 -0.652857
v 37.552860 0.175000 -1.556276
v 37.552860 0.825000 -1.556276
v 37.384621 0.175000 -0.928425
v 37.384621 0.825000 -0.928425
v 38.229809 -0.050000 -0.701958
v 38.398041 -0.050000 -1.329810
v 37.601959 -0.050000 -0.870190
v 37.770191 -0.050000 -1.498042
v 38.398041 1.050000 -1.329810
v 38.229809 1.050000 -0.701958
v 37.770191 1.050000 -1.498042
v 37.601959 1.050000 -0.870190
v 37.828430 0.175000 -1.715375
v 38.456280 0.175000 -1.547143
v 37.828430 0.825000 -1.715375
v 38.456280 0.825000 -1.547143
v 38.615379 0.825000 -1.271575
v 38.615379 0.175000 -1.271575
v 38.447140 0.825000 -0.643724
v 38.447140 0.175000 -0.643724
v 38.353550 -0.000000 -0.487628
v 38.353550 1.000000 -0.487628
v 37.387630 -0.000000 -0.746447
v 37.387630 1.000000 -0.746447
v 38.612370 1.000000 -1.453553
v 38.612370 -0.000000 -1.453553
v 37.646450 -0.000000 -1.712373
v 37.646450 1.000000 -1.712373
v 32.421009 0.625000 -1.251017
v 29.909599 0.625000 -1.923946
v 32.421009 2.575000 -1.251017
v 29.909599 2.575000 -1.923946
v 29.493200 0.625000 -3.847254
v 29.493200 2.575000 -3.847254
v 29.156731 0.625000 -2.591550
v 29.156731 2.575000 -2.591550
v 32.537472 -0.050000 -1.685683
v 32.873940 -0.050000 -2.941387
v 30.026060 -0.050000 -2.358613
v 30.362530 -0.050000 -3.614317
v 32.873940 3.250000 -2.941387
v 32.537472 3.250000 -1.685683
v 30.362530 3.250000 -3.614317
v 30.026060 3.250000 -2.358613
v 30.479000 0.625000 -4.048984
v 32.990410 0.625000 -3.376054
v 30.479000 2.575000 -4.048984
v 32.990410 2.575000 -3.376054
v 33.743271 2.575000 -2.708450
v 33.743271 0.625000 -2.708450
v 33.406811 2.575000 -1.452746
v 33.406811 0.625000 -1.452746
v 33.123032 0.100000 -1.166436
v 33.123032 3.100000 -1.166436
v 29.259331 0.100000 -2.201712
v 29.259331 3.100000 -2.201712
v 33.640671 3.100000 -3.098288
v 33.640671 0.100000 -3.098288
v 29.776970 0.100000 -4.133564
v 29.776970 3.100000 -4.133564
v 33.562920 0.400000 -0.372372
v 32.437080 0.400000 -1.022372
v 33.562920 1.700000 -0.372372
v 32.437080 1.700000 -1.022372
v 32.922371 0.400000 -2.762917
v 32.922371 1.700000 -2.762917
v 32.272369 0.400000 -1.637084
v 32.272369 1.700000 -1.637084
v 33.787910 -0.050000 -0.762083
v 34.437920 -0.050000 -1.887916
v 32.662079 -0.050000 -1.412084
v 33.312080 -0.050000 -2.537916
v 34.437920 2.150000 -1.887916
v 33.787910 2.150000 -0.762084
v 33.312080 2.150000 -2.537916
v 32.662079 2.150000 -1.412084
v 33.537079 0.400000 -2.927628
v 34.662910 0.400000 -2.277628
v 33.537079 1.700000 -2.927628
v 34.662910 1.700000 -2.277628
v 34.827629 1.700000 -1.662916
v 34.827629 0.400000 -1.662916
v 34.177631 1.700000 -0.537084
v 34.177631 0.400000 -0.537083
v 33.916019 0.050000 -0.283975
v 33.916019 2.050000 -0.283975
v 32.183979 0.050000 -1.283975
v 32.183979 2.050000 -1.283975
v 34.916019 2.050000 -2.016025
v 34.916019 0.050000 -2.016025
v 33.183979 0.050000 -3.016025
v 33.183979 2.050000 -3.016025
v 32.410000 0.128742 1.575000
v 32.360001 0.128742 1.796908
v 32.360001 0.128742 1.575000
v 32.410000 0.128742 1.846908
v 31.590000 0.128742 1.846908
v 31.639999 0.128742 1.796908
v 31.639999 0.128742 1.575000
v 31.590000 0.128742 1.575000
v 32.410000 0.000000 1.575000
v 32.410000 0.000000 1.846908
v 31.590000 0.000000 1.846908
v 31.590000 0.000000 1.575000
v 31.820000 0.900000 1.746908
v 31.870001 0.900000 1.796908
v 31.820000 0.900000 1.796908
v 32.180000 0.900000 1.746908
v 32.180000 0.900000 1.796908
v 32.130001 0.900000 1.796908
v 32.180000 1.000000 1.575000
v 32.180000 0.900000 1.575000
v 32.180000 1.000000 1.746908
v 32.130001 1.000000 1.796908
v 31.820000 1.000000 1.746908
v 31.870001 1.000000 1.796908
v 31.639999 0.700000 1.575000
v 31.639999 0.700000 1.796908
v 31.820000 1.000000 1.575000
v 31.820000 0.900000 1.575000
v 32.360001 0.700000 1.796908
v 32.360001 0.700000 1.575000
v 34.410000 0.128742 1.575000
v 34.360001 0.128742 1.796908
v 34.360001 0.128742 1.575000
v 34.410000 0.128742 1.846908
v 33.590000 0.128742 1.846908
v 33.639999 0.128742 1.796908
v 33.639999 0.128742 1.575000
v 33.590000 0.128742 1.575000
v 34.410000 0.000000 1.575000
v 34.410000 0.000000 1.846908
v 33.590000 0.000000 1.846908
v 33.590000 0.000000 1.575000
v 33.820000 0.900000 1.746908
v 33.869999 0.900000 1.796908
v 33.820000 0.900000 1.796908
v 34.180000 0.900000 1.746908
v 34.180000 0.900000 1.796908
v 34.130001 0.900000 1.796908
v 34.180000 1.000000 1.575000
v 34.180000 0.900000 1.575000
v 34.180000 1.000000 1.746908
v 34.130001 1.000000 1.796908
v 33.820000 1.000000 1.746908
v 33.869999 1.000000 1.796908
v 33.639999 0.700000 1.575000
v 33.639999 0.700000 1.796908
v 33.820000 1.000000 1.575000
v 33.820000 0.900000 1.575000
v 34.360001 0.700000 1.796908
v 34.360001 0.700000 1.575000
v 36.410000 0.128742 1.575000
v 36.360001 0.128742 1.796908
v 36.360001 0.128742 1.575000
v 36.410000 0.128742 1.846908
v 35.590000 0.128742 1.846908
v 35.639999 0.128742 1.796908
v 35.639999 0.128742 1.575000
v 35.590000 0.128742 1.575000
v 36.410000 0.000000 1.575000
v 36.410000 0.000000 1.846908
v 35.590000 0.000000 1.846908
v 35.590000 0.000000 1.575000
v 35.820000 0.900000 1.746908
v 35.869999 0.900000 1.796908
v 35.820000 0.900000 1.796908
v 36.180000 0.900000 1.746908
v 36.180000 0.900000 1.796908
v 36.130001 0.900000 1.796908
v 36.180000 1.000000 1.575000
v 36.180000 0.900000 1.575000
v 36.180000 1.000000 1.746908
v 36.130001 1.000000 1.796908
v 35.820000 1.000000 1.746908
v 35.869999 1.000000 1.796908
v 35.639999 0.700000 1.575000
v 35.639999 0.700000 1.796908
v 35.820000 1.000000 1.575000
v 35.820000 0.900000 1.575000
v 36.360001 0.700000 1.796908
v 36.360001 0.700000 1.575000
v 38.410000 0.128742 1.575000
v 38.360001 0.128742 1.796908
v 38.360001 0.128742 1.575000
v 38.410000 0.128742 1.846908
v 37.590000 0.128742 1.846908
v 37.639999 0.128742 1.796908
v 37.639999 0.128742 1.575000
v 37.590000 0.128742 1.575000
v 38.410000 0.000000 1.575000
v 38.410000 0.000000 1.846908
v 37.590000 0.000000 1.846908
v 37.590000 0.000000 1.575000
v 37.820000 0.900000 1.746908
v 37.869999 0.900000 1.796908
v 37.820000 0.900000 1.796908
v 38.180000 0.900000 1.746908
v 38.180000 0.900000 1.796908
v 38.130001 0.900000 1.796908
v 38.180000 1.000000 1.575000
v 38.180000 0.900000 1.575000
v 38.180000 1.000000 1.746908
v 38.130001 1.000000 1.796908
v 37.820000 1.000000 1.746908
v 37.869999 1.000000 1.796908
v 37.639999 0.700000 1.575000
v 37.639999 0.700000 1.796908
v 37.820000 1.000000 1.575000
v 37.820000 0.900000 1.575000
v 38.360001 0.700000 1.796908
v 38.360001 0.700000 1.575000
v 21.600000 0.000000 2.450000
v 21.500000 0.000000 2.450000
v 21.600000 0.000000 2.550000
v 21.500000 0.000000 2.550000
v 21.500000 0.500000 2.450000
v 21.600000 0.500000 2.450000
v 21.500000 0.500000 2.550000
v 21.600000 0.500000 2.550000
v 22.500000 0.000000 2.450000
v 22.400000 0.000000 2.450000
v 22.500000 0.000000 2.550000
v 22.400000 0.000000 2.550000
v 22.400000 0.500000 2.450000
v 22.500000 0.500000 2.450000
v 22.400000 0.500000 2.550000
v 22.500000 0.500000 2.550000
v 22.400000 0.400000 2.525000
v 21.600000 0.400000 2.525000
v 22.400000 0.400000 2.475000
v 21.600000 0.400000 2.475000
v 22.400000 0.300000 2.525000
v 21.600000 0.300000 2.525000
v 22.400000 0.300000 2.475000
v 21.600000 0.300000 2.475000
v 28.912781 0.175000 3.481276
v 28.284920 0.175000 3.313043
v 28.912781 0.825000 3.481276
v 28.284920 0.825000 3.313043
v 28.294060 0.175000 2.409624
v 28.294060 0.825000 2.409624
v 28.125820 0.175000 3.037475
v 28.125820 0.825000 3.037475
v 28.971010 -0.050000 3.263942
v 29.139240 -0.050000 2.636090
v 28.343161 -0.050000 3.095710
v 28.511391 -0.050000 2.467858
v 29.139240 1.050000 2.636090
v 28.971010 1.050000 3.263942
v 28.511391 1.050000 2.467858
v 28.343161 1.050000 3.095710
v 28.569620 0.175000 2.250525
v 29.197479 0.175000 2.418757
v 28.569620 0.825000 2.250525
v 29.197479 0.825000 2.418757
v 29.356581 0.825000 2.694325
v 29.356581 0.175000 2.694325
v 29.188339 0.825000 3.322176
v 29.188339 0.175000 3.322176
v 29.094749 0.000000 3.478272
v 29.094749 1.000000 3.478272
v 28.128830 0.000000 3.219453
v 28.128830 1.000000 3.219453
v 29.353571 1.000000 2.512347
v 29.353571 0.000000 2.512347
v 28.387650 0.000000 2.253528
v 28.387650 1.000000 2.253528
v 28.456280 0.107500 3.347143
v 27.828421 0.107500 3.515376
v 28.456280 0.562500 3.347143
v 27.828421 0.562500 3.515376
v 27.384621 0.107500 2.728425
v 27.384621 0.562500 2.728425
v 27.552860 0.107500 3.356277
v 27.552860 0.562500 3.356277
v 28.398041 -0.050000 3.129810
v 28.229811 -0.050000 2.501958
v 27.770189 -0.050000 3.298042
v 27.601959 -0.050000 2.670191
v 28.229811 0.720000 2.501958
v 28.398041 0.720000 3.129810
v 27.601959 0.720000 2.670191
v 27.770189 0.720000 3.298042
v 27.543720 0.107500 2.452857
v 28.171579 0.107500 2.284625
v 27.543720 0.562500 2.452857
v 28.171579 0.562500 2.284625
v 28.447140 0.562500 2.443724
v 28.447140 0.107500 2.443724
v 28.615379 0.562500 3.071575
v 28.615379 0.107500 3.071575
v 28.612370 -0.015000 3.253553
v 28.612370 0.685000 3.253553
v 27.646450 -0.015000 3.512372
v 27.646450 0.685000 3.512372
v 28.353550 0.685000 2.287628
v 28.353550 -0.015000 2.287628
v 27.387630 -0.015000 2.546447
v 27.387630 0.685000 2.546447
v 19.500000 -0.100000 2.500000
v 22.500000 -0.100000 2.500000
v 19.500000 0.000000 2.500000
v 22.500000 0.000000 2.500000
v 19.500000 -0.100000 5.500000
v 19.500000 0.000000 5.500000
v 24.500000 -0.100000 5.500000
v 24.500000 0.000000 5.500000
v 25.500000 -0.100000 3.500000
v 25.500000 0.000000 3.500000
v 25.500000 -0.100000 4.500000
v 25.500000 0.000000 4.500000
v 25.500000 -0.100000 5.500000
v 25.500000 0.000000 5.500000
v 25.500000 -0.100000 2.500000
v 25.500000 0.000000 2.500000
v 27.500000 -0.100000 0.500000
v 29.500000 -0.100000 0.500000
v 27.500000 0.000000 0.500000
v 29.500000 0.000000 0.500000
v 29.500000 -0.100000 2.500000
v 27.500000 -0.100000 2.500000
v 29.500000 0.000000 2.500000
v 27.500000 0.000000 2.500000
v 29.299999 0.000000 1.550000
v 29.500000 0.000000 1.550000
v 29.299999 0.000000 1.450000
v 29.500000 0.000000 1.450000
v 29.500000 1.000000 1.550000
v 29.299999 1.000000 1.550000
v 29.500000 1.000000 1.450000
v 29.299999 1.000000 1.450000
v 27.500000 0.000000 1.550000
v 27.700001 0.000000 1.550000
v 27.500000 0.000000 1.450000
v 27.700001 0.000000 1.450000
v 27.700001 1.000000 1.550000
v 27.500000 1.000000 1.550000
v 27.700001 1.000000 1.450000
v 27.500000 1.000000 1.450000
v 27.700001 0.900000 1.475000
v 29.299999 0.900000 1.475000
v 27.700001 0.900000 1.525000
v 29.299999 0.900000 1.525000
v 27.700001 0.800000 1.475000
v 29.299999 0.800000 1.475000
v 27.700001 0.800000 1.525000
v 29.299999 0.800000 1.525000
v 29.221531 0.973743 1.575000
v 29.178419 0.023988 1.575000
v 29.021580 0.976012 1.575000
v 28.978470 0.026257 1.575000
v 28.978470 0.026257 1.525000
v 29.021580 0.976012 1.525000
v 29.178419 0.023988 1.525000
v 29.221531 0.973743 1.525000
v 27.968451 0.976397 1.575000
v 28.031441 0.026919 1.575000
v 27.768560 0.973081 1.575000
v 27.831551 0.023604 1.575000
v 27.831551 0.023604 1.525000
v 27.768560 0.973081 1.525000
v 28.031441 0.026919 1.525000
v 27.968451 0.976397 1.525000
v 28.629789 0.973195 1.575000
v 28.570110 0.023664 1.575000
v 28.429890 0.976336 1.575000
v 28.370211 0.026805 1.575000
v 28.370211 0.026805 1.525000
v 28.429890 0.976336 1.525000
v 28.570110 0.023664 1.525000
v 28.629789 0.973195 1.525000
v 27.700001 0.200000 1.475000
v 29.299999 0.200000 1.475000
v 27.700001 0.200000 1.525000
v 29.299999 0.200000 1.525000
v 27.700001 0.100000 1.475000
v 29.299999 0.100000 1.475000
v 27.700001 0.100000 1.525000
v 29.299999 0.100000 1.525000
v 28.879040 1.000937 1.550000
v 28.920919 0.001157 1.550000
v 28.679079 0.998843 1.550000
v 28.720961 -0.000937 1.550000
v 28.720961 -0.000937 1.525000
v 28.679079 0.998843 1.525000
v 28.920919 0.001157 1.525000
v 28.879040 1.000937 1.525000
v 28.299999 1.000000 1.550000
v 28.299999 0.000000 1.550000
v 28.100000 1.000000 1.550000
v 28.100000 0.000000 1.550000
v 28.100000 0.000000 1.525000
v 28.100000 1.000000 1.525000
v 28.299999 0.000000 1.525000
v 28.299999 1.000000 1.525000
v 29.500000 -0.100000 5.500000
v 29.500000 0.000000 5.500000
v 21.925369 0.175000 2.406775
v 21.297520 0.175000 2.238543
v 21.925369 0.825000 2.406775
v 21.297520 0.825000 2.238543
v 21.306660 0.175000 1.335124
v 21.306660 0.825000 1.335124
v 21.138420 0.175000 1.962975
v 21.138420 0.825000 1.962975
v 21.983610 -0.050000 2.189442
v 22.151840 -0.050000 1.561590
v 21.355761 -0.050000 2.021210
v 21.523991 -0.050000 1.393358
v 22.151840 1.050000 1.561590
v 21.983610 1.050000 2.189442
v 21.523991 1.050000 1.393358
v 21.355761 1.050000 2.021210
v 21.582220 0.175000 1.176024
v 22.210079 0.175000 1.344257
v 21.582220 0.825000 1.176024
v 22.210079 0.825000 1.344257
v 22.369169 0.825000 1.619825
v 22.369169 0.175000 1.619825
v 22.200939 0.825000 2.247676
v 22.200939 0.175000 2.247676
v 22.107349 0.000000 2.403772
v 22.107349 1.000000 2.403772
v 21.141430 0.000000 2.144953
v 21.141430 1.000000 2.144953
v 22.366171 1.000000 1.437847
v 22.366171 0.000000 1.437847
v 21.400249 0.000000 1.179028
v 21.400249 1.000000 1.179028
v 29.662920 0.400000 -1.022372
v 28.537081 0.400000 -0.372372
v 29.662920 1.700000 -1.022372
v 28.537081 1.700000 -0.372372
v 27.272369 0.400000 -1.662916
v 27.272369 1.700000 -1.662916
v 27.922371 0.400000 -0.537083
v 27.922371 1.700000 -0.537084
v 29.437920 -0.050000 -1.412084
v 28.787920 -0.050000 -2.537917
v 28.312080 -0.050000 -0.762083
v 27.662081 -0.050000 -1.887916
v 28.787920 2.150000 -2.537917
v 29.437920 2.150000 -1.412084
v 27.662081 2.150000 -1.887916
v 28.312080 2.150000 -0.762084
v 27.437080 0.400000 -2.277628
v 28.562920 0.400000 -2.927628
v 27.437080 1.700000 -2.277628
v 28.562920 1.700000 -2.927628
v 29.177629 1.700000 -2.762917
v 29.177629 0.400000 -2.762917
v 29.827629 1.700000 -1.637084
v 29.827629 0.400000 -1.637084
v 29.916031 0.050000 -1.283975
v 29.916031 2.050000 -1.283975
v 28.183969 0.050000 -0.283974
v 28.183969 2.050000 -0.283975
v 28.916031 2.050000 -3.016026
v 28.916031 0.050000 -3.016026
v 27.183969 0.050000 -2.016025
v 27.183969 2.050000 -2.016025
v 29.500000 -0.124999 -4.500000
v 19.500000 -0.124999 -4.500000
v 19.500000 -0.124999 -4.500000
v 29.500000 -0.124999 -4.500000
v 19.500000 -0.124999 -14.500000
v 29.500000 -0.124999 -14.500000
v 39.500000 -0.100000 0.500000
v 39.500000 0.000000 0.500000
v 39.500000 -0.100000 3.500000
v 29.500000 -0.100000 3.500000
v 39.500000 0.000000 3.500000
v 29.500000 0.000000 3.500000
v 18.875000 4.265957 -0.060305
v 19.125000 4.265957 -0.060305
v 18.875000 4.508634 0.066292
v 19.125000 4.508634 0.066292
v 19.125000 4.395604 0.273782
v 18.875000 4.395604 0.273782
v 19.125000 4.555226 0.414644
v 18.875000 4.555226 0.414644
v 19.125000 4.966932 0.728292
v 19.125000 5.000000 1.000000
v 18.875000 4.966932 0.728292
v 18.875000 5.000000 1.000000
v 19.125000 4.777778 1.000000
v 19.125000 4.752059 0.788671
v 19.125000 4.676403 0.589680
v 19.125000 4.869660 0.472446
v 19.125000 4.713862 0.247400
v 19.125000 4.206856 0.175318
v 19.125000 4.000000 0.125000
v 19.125000 1.500000 0.125000
v 19.125000 4.000000 -0.125000
v 19.125000 1.500000 -0.125000
v 19.250000 5.000000 1.500000
v 19.250000 5.000000 2.000000
v 18.750000 5.000000 2.000000
v 18.750000 5.000000 1.500000
v 18.875000 4.206856 0.175318
v 18.875000 4.869660 0.472446
v 18.875000 4.000000 0.125000
v 19.250000 4.777778 2.000000
v 18.750000 4.777778 2.000000
v 18.875000 4.752059 0.788671
v 18.875000 4.777778 1.000000
v 18.875000 4.000000 -0.125000
v 19.250000 4.777778 1.500000
v 18.875000 4.713862 0.247400
v 18.750000 4.777778 1.500000
v 18.875000 4.676403 0.589680
v 18.875000 1.500000 -0.125000
v 18.875000 1.500000 0.125000
v 18.750000 1.000000 -0.250000
v 18.750000 1.000000 0.250000
v 19.250000 1.000000 -0.250000
v 19.250000 1.000000 0.250000
v 18.750000 -0.000000 -0.250000
v 19.250000 -0.000000 -0.250000
v 18.750000 0.000000 0.250000
v 19.250000 0.000000 0.250000
v 19.450001 0.000000 1.400000
v 19.450001 0.000000 1.500000
v 19.549999 0.000000 1.400000
v 19.549999 0.000000 1.500000
v 19.450001 0.500000 1.500000
v 19.450001 0.500000 1.400000
v 19.549999 0.500000 1.500000
v 19.549999 0.500000 1.400000
v 19.450001 0.000000 0.500000
v 19.450001 0.000000 0.600000
v 19.549999 0.000000 0.500000
v 19.549999 0.000000 0.600000
v 19.450001 0.500000 0.600000
v 19.450001 0.500000 0.500000
v 19.549999 0.500000 0.600000
v 19.549999 0.500000 0.500000
v 19.525000 0.400000 0.600000
v 19.525000 0.400000 1.400000
v 19.475000 0.400000 0.600000
v 19.475000 0.400000 1.400000
v 19.525000 0.300000 0.600000
v 19.525000 0.300000 1.400000
v 19.475000 0.300000 0.600000
v 19.475000 0.300000 1.400000
v 19.450001 0.000000 2.400000
v 19.450001 0.000000 2.500000
v 19.549999 0.000000 2.400000
v 19.549999 0.000000 2.500000
v 19.450001 0.500000 2.500000
v 19.450001 0.500000 2.400000
v 19.549999 0.500000 2.500000
v 19.549999 0.500000 2.400000
v 19.450001 0.000000 1.600000
v 19.549999 0.000000 1.600000
v 19.450001 0.500000 1.600000
v 19.549999 0.500000 1.600000
v 19.525000 0.400000 1.600000
v 19.525000 0.400000 2.400000
v 19.475000 0.400000 1.600000
v 19.475000 0.400000 2.400000
v 19.525000 0.300000 1.600000
v 19.525000 0.300000 2.400000
v 19.475000 0.300000 1.600000
v 19.475000 0.300000 2.400000
v 19.600000 0.000000 2.450000
v 19.500000 0.000000 2.450000
v 19.600000 0.000000 2.550000
v 19.500000 0.000000 2.550000
v 19.500000 0.500000 2.450000
v 19.600000 0.500000 2.450000
v 19.500000 0.500000 2.550000
v 19.600000 0.500000 2.550000
v 20.500000 0.000000 2.450000
v 20.400000 0.000000 2.450000
v 20.500000 0.000000 2.550000
v 20.400000 0.000000 2.550000
v 20.400000 0.500000 2.450000
v 20.500000 0.500000 2.450000
v 20.400000 0.500000 2.550000
v 20.500000 0.500000 2.550000
v 20.400000 0.400000 2.525000
v 19.600000 0.400000 2.525000
v 20.400000 0.400000 2.475000
v 19.600000 0.400000 2.475000
v 20.400000 0.300000 2.525000
v 19.600000 0.300000 2.525000
v 20.400000 0.300000 2.475000
v 19.600000 0.300000 2.475000
v 34.500000 -0.100000 3.500000
v 34.500000 0.000000 3.500000
v 34.500000 -0.099999 9.500000
v 29.500000 -0.099999 9.500000
v 34.500000 0.000001 9.500000
v 29.500000 0.000001 9.500000
v 0.600000 0.000000 0.450000
v 0.500000 0.000000 0.450000
v 0.600000 0.000000 0.550000
v 0.500000 0.000000 0.550000
v 0.500000 0.500000 0.450000
v 0.600000 0.500000 0.450000
v 0.500000 0.500000 0.550000
v 0.600000 0.500000 0.550000
v 1.500000 0.000000 0.450000
v 1.400000 0.000000 0.450000
v 1.500000 0.000000 0.550000
v 1.400000 0.000000 0.550000
v 1.400000 0.500000 0.450000
v 1.500000 0.500000 0.450000
v 1.400000 0.500000 0.550000
v 1.500000 0.500000 0.550000
v 1.400000 0.400000 0.525000
v 0.600000 0.400000 0.525000
v 1.400000 0.400000 0.475000
v 0.600000 0.400000 0.475000
v 1.400000 0.300000 0.525000
v 0.600000 0.300000 0.525000
v 1.400000 0.300000 0.475000
v 0.600000 0.300000 0.475000
v 2.600000 0.000000 0.450000
v 2.500000 0.000000 0.450000
v 2.600000 0.000000 0.550000
v 2.500000 0.000000 0.550000
v 2.500000 0.500000 0.450000
v 2.600000 0.500000 0.450000
v 2.500000 0.500000 0.550000
v 2.600000 0.500000 0.550000
v 3.500000 0.000000 0.450000
v 3.400000 0.000000 0.450000
v 3.500000 0.000000 0.550000
v 3.400000 0.000000 0.550000
v 3.400000 0.500000 0.450000
v 3.500000 0.500000 0.450000
v 3.400000 0.500000 0.550000
v 3.500000 0.500000 0.550000
v 3.400000 0.400000 0.525000
v 2.600000 0.400000 0.525000
v 3.400000 0.400000 0.475000
v 2.600000 0.400000 0.475000
v 3.400000 0.300000 0.525000
v 2.600000 0.300000 0.525000
v 3.400000 0.300000 0.475000
v 2.600000 0.300000 0.475000
v 3.600000 0.000000 0.450000
v 3.500000 0.000000 0.450000
v 3.600000 0.000000 0.550000
v 3.500000 0.000000 0.550000
v 3.500000 0.500000 0.450000
v 3.600000 0.500000 0.450000
v 3.500000 0.500000 0.550000
v 3.600000 0.500000 0.550000
v 4.500000 0.000000 0.450000
v 4.400000 0.000000 0.450000
v 4.500000 0.000000 0.550000
v 4.400000 0.000000 0.550000
v 4.400000 0.500000 0.450000
v 4.500000 0.500000 0.450000
v 4.400000 0.500000 0.550000
v 4.500000 0.500000 0.550000
v 4.400000 0.400000 0.525000
v 3.600000 0.400000 0.525000
v 4.400000 0.400000 0.475000
v 3.600000 0.400000 0.475000
v 4.400000 0.300000 0.525000
v 3.600000 0.300000 0.525000
v 4.400000 0.300000 0.475000
v 3.600000 0.300000 0.475000
v 17.600000 0.000000 0.450000
v 17.500000 0.000000 0.450000
v 17.600000 0.000000 0.550000
v 17.500000 0.000000 0.550000
v 17.500000 0.500000 0.450000
v 17.600000 0.500000 0.450000
v 17.500000 0.500000 0.550000
v 17.600000 0.500000 0.550000
v 18.500000 0.000000 0.450000
v 18.400000 0.000000 0.450000
v 18.500000 0.000000 0.550000
v 18.400000 0.000000 0.550000
v 18.400000 0.500000 0.450000
v 18.500000 0.500000 0.450000
v 18.400000 0.500000 0.550000
v 18.500000 0.500000 0.550000
v 18.400000 0.400000 0.525000
v 17.600000 0.400000 0.525000
v 18.400000 0.400000 0.475000
v 17.600000 0.400000 0.475000
v 18.400000 0.300000 0.525000
v 17.600000 0.300000 0.525000
v 18.400000 0.300000 0.475000
v 17.600000 0.300000 0.475000
v 33.299999 0.000000 3.550000
v 33.500000 0.000000 3.550000
v 33.299999 0.000000 3.450000
v 33.500000 0.000000 3.450000
v 33.500000 1.000000 3.550000
v 33.299999 1.000000 3.550000
v 33.500000 1.000000 3.450000
v 33.299999 1.000000 3.450000
v 31.500000 0.000000 3.550000
v 31.700001 0.000000 3.550000
v 31.500000 0.000000 3.450000
v 31.700001 0.000000 3.450000
v 31.700001 1.000000 3.550000
v 31.500000 1.000000 3.550000
v 31.700001 1.000000 3.450000
v 31.500000 1.000000 3.450000
v 31.700001 0.900000 3.475000
v 33.299999 0.900000 3.475000
v 31.700001 0.900000 3.525000
v 33.299999 0.900000 3.525000
v 31.700001 0.800000 3.475000
v 33.299999 0.800000 3.475000
v 31.700001 0.800000 3.525000
v 33.299999 0.800000 3.525000
v 33.221531 0.973744 3.575000
v 33.178421 0.023988 3.575000
v 33.021580 0.976012 3.575000
v 32.978470 0.026257 3.575000
v 32.978470 0.026257 3.525000
v 33.021580 0.976012 3.525000
v 33.178421 0.023988 3.525000
v 33.221531 0.973744 3.525000
v 31.968451 0.976397 3.575000
v 32.031441 0.026919 3.575000
v 31.768560 0.973081 3.575000
v 31.831551 0.023604 3.575000
v 31.831551 0.023604 3.525000
v 31.768560 0.973081 3.525000
v 32.031441 0.026919 3.525000
v 31.968451 0.976397 3.525000
v 32.629791 0.973195 3.575000
v 32.570110 0.023664 3.575000
v 32.429890 0.976336 3.575000
v 32.370209 0.026805 3.575000
v 32.370209 0.026805 3.525000
v 32.429890 0.976336 3.525000
v 32.570110 0.023664 3.525000
v 32.629791 0.973195 3.525000
v 31.700001 0.200000 3.475000
v 33.299999 0.200000 3.475000
v 31.700001 0.200000 3.525000
v 33.299999 0.200000 3.525000
v 31.700001 0.100000 3.475000
v 33.299999 0.100000 3.475000
v 31.700001 0.100000 3.525000
v 33.299999 0.100000 3.525000
v 32.879040 1.000937 3.550000
v 32.920921 0.001157 3.550000
v 32.679081 0.998843 3.550000
v 32.720959 -0.000937 3.550000
v 32.720959 -0.000937 3.525000
v 32.679081 0.998843 3.525000
v 32.920921 0.001157 3.525000
v 32.879040 1.000937 3.525000
v 32.299999 1.000000 3.550000
v 32.299999 0.000000 3.550000
v 32.099998 1.000000 3.550000
v 32.099998 0.000000 3.550000
v 32.099998 0.000000 3.525000
v 32.099998 1.000000 3.525000
v 32.299999 0.000000 3.525000
v 32.299999 1.000000 3.525000
v 35.299999 0.000000 3.550000
v 35.500000 0.000000 3.550000
v 35.299999 0.000000 3.450000
v 35.500000 0.000000 3.450000
v 35.500000 1.000000 3.550000
v 35.299999 1.000000 3.550000
v 35.500000 1.000000 3.450000
v 35.299999 1.000000 3.450000
v 33.500000 0.000000 3.550000
v 33.700001 0.000000 3.550000
v 33.500000 0.000000 3.450000
v 33.700001 0.000000 3.450000
v 33.700001 1.000000 3.550000
v 33.500000 1.000000 3.550000
v 33.700001 1.000000 3.450000
v 33.500000 1.000000 3.450000
v 33.700001 0.900000 3.475000
v 35.299999 0.900000 3.475000
v 33.700001 0.900000 3.525000
v 35.299999 0.900000 3.525000
v 33.700001 0.800000 3.475000
v 35.299999 0.800000 3.475000
v 33.700001 0.800000 3.525000
v 35.299999 0.800000 3.525000
v 35.221531 0.973744 3.575000
v 35.178421 0.023988 3.575000
v 35.021580 0.976012 3.575000
v 34.978470 0.026257 3.575000
v 34.978470 0.026257 3.525000
v 35.021580 0.976012 3.525000
v 35.178421 0.023988 3.525000
v 35.221531 0.973744 3.525000
v 33.968449 0.976397 3.575000
v 34.031441 0.026919 3.575000
v 33.768559 0.973081 3.575000
v 33.831551 0.023604 3.575000
v 33.831551 0.023604 3.525000
v 33.768559 0.973081 3.525000
v 34.031441 0.026919 3.525000
v 33.968449 0.976397 3.525000
v 34.629791 0.973195 3.575000
v 34.570110 0.023664 3.575000
v 34.429890 0.976336 3.575000
v 34.370209 0.026805 3.575000
v 34.370209 0.026805 3.525000
v 34.429890 0.976336 3.525000
v 34.570110 0.023664 3.525000
v 34.629791 0.973195 3.525000
v 33.700001 0.200000 3.475000
v 35.299999 0.200000 3.475000
v 33.700001 0.200000 3.525000
v 35.299999 0.200000 3.525000
v 33.700001 0.100000 3.475000
v 35.299999 0.100000 3.475000
v 33.700001 0.100000 3.525000
v 35.299999 0.100000 3.525000
v 34.879040 1.000937 3.550000
v 34.920921 0.001157 3.550000
v 34.679081 0.998843 3.550000
v 34.720959 -0.000937 3.550000
v 34.720959 -0.000937 3.525000
v 34.679081 0.998843 3.525000
v 34.920921 0.001157 3.525000
v 34.879040 1.000937 3.525000
v 34.299999 1.000000 3.550000
v 34.299999 0.000000 3.550000
v 34.099998 1.000000 3.550000
v 34.099998 0.000000 3.550000
v 34.099998 0.000000 3.525000
v 34.099998 1.000000 3.525000
v 34.299999 0.000000 3.525000
v 34.299999 1.000000 3.525000
v 31.299999 0.000000 3.550000
v 31.500000 0.000000 3.550000
v 31.299999 0.000000 3.450000
v 31.500000 0.000000 3.450000
v 31.500000 1.000000 3.550000
v 31.299999 1.000000 3.550000
v 31.500000 1.000000 3.450000
v 31.299999 1.000000 3.450000
v 29.500000 0.000000 3.550000
v 29.700001 0.000000 3.550000
v 29.500000 0.000000 3.450000
v 29.700001 0.000000 3.450000
v 29.700001 1.000000 3.550000
v 29.500000 1.000000 3.550000
v 29.700001 1.000000 3.450000
v 29.500000 1.000000 3.450000
v 29.700001 0.900000 3.475000
v 31.299999 0.900000 3.475000
v 29.700001 0.900000 3.525000
v 31.299999 0.900000 3.525000
v 29.700001 0.800000 3.475000
v 31.299999 0.800000 3.475000
v 29.700001 0.800000 3.525000
v 31.299999 0.800000 3.525000
v 31.221531 0.973744 3.575000
v 31.178419 0.023988 3.575000
v 31.021580 0.976012 3.575000
v 30.978470 0.026257 3.575000
v 30.978470 0.026257 3.525000
v 31.021580 0.976012 3.525000
v 31.178419 0.023988 3.525000
v 31.221531 0.973744 3.525000
v 29.968451 0.976397 3.575000
v 30.031441 0.026919 3.575000
v 29.768560 0.973081 3.575000
v 29.831551 0.023604 3.575000
v 29.831551 0.023604 3.525000
v 29.768560 0.973081 3.525000
v 30.031441 0.026919 3.525000
v 29.968451 0.976397 3.525000
v 30.629789 0.973195 3.575000
v 30.570110 0.023664 3.575000
v 30.429890 0.976336 3.575000
v 30.370211 0.026805 3.575000
v 30.370211 0.026805 3.525000
v 30.429890 0.976336 3.525000
v 30.570110 0.023664 3.525000
v 30.629789 0.973195 3.525000
v 29.700001 0.200000 3.475000
v 31.299999 0.200000 3.475000
v 29.700001 0.200000 3.525000
v 31.299999 0.200000 3.525000
v 29.700001 0.100000 3.475000
v 31.299999 0.100000 3.475000
v 29.700001 0.100000 3.525000
v 31.299999 0.100000 3.525000
v 30.879040 1.000937 3.550000
v 30.920919 0.001157 3.550000
v 30.679079 0.998843 3.550000
v 30.720961 -0.000937 3.550000
v 30.720961 -0.000937 3.525000
v 30.679079 0.998843 3.525000
v 30.920919 0.001157 3.525000
v 30.879040 1.000937 3.525000
v 30.299999 1.000000 3.550000
v 30.299999 0.000000 3.550000
v 30.100000 1.000000 3.550000
v 30.100000 0.000000 3.550000
v 30.100000 0.000000 3.525000
v 30.100000 1.000000 3.525000
v 30.299999 0.000000 3.525000
v 30.299999 1.000000 3.525000
v 2.300000 0.000001 10.550000
v 2.500000 0.000001 10.550000
v 2.300000 0.000001 10.450000
v 2.500000 0.000001 10.450000
v 2.500000 1.000001 10.550000
v 2.300000 1.000001 10.550000
v 2.500000 1.000001 10.450000
v 2.300000 1.000001 10.450000
v 0.500000 0.000001 10.550000
v 0.700000 0.000001 10.550000
v 0.500000 0.000001 10.450000
v 0.700000 0.000001 10.450000
v 0.700000 1.000001 10.550000
v 0.500000 1.000001 10.550000
v 0.700000 1.000001 10.450000
v 0.500000 1.000001 10.450000
v 0.700000 0.900001 10.475000
v 2.300000 0.900001 10.475000
v 0.700000 0.900001 10.525000
v 2.300000 0.900001 10.525000
v 0.700000 0.800001 10.475000
v 2.300000 0.800001 10.475000
v 0.700000 0.800001 10.525000
v 2.300000 0.800001 10.525000
v 2.221527 0.973744 10.575000
v 2.178421 0.023989 10.575000
v 2.021579 0.976013 10.575000
v 1.978473 0.026257 10.575000
v 1.978473 0.026257 10.525000
v 2.021579 0.976013 10.525000
v 2.178421 0.023989 10.525000
v 2.221527 0.973744 10.525000
v 0.968448 0.976397 10.575000
v 1.031443 0.026920 10.575000
v 0.768558 0.973082 10.575000
v 0.831553 0.023604 10.575000
v 0.831553 0.023604 10.525000
v 0.768558 0.973082 10.525000
v 1.031443 0.026920 10.525000
v 0.968448 0.976397 10.525000
v 1.629791 0.973196 10.575000
v 1.570111 0.023665 10.575000
v 1.429890 0.976337 10.575000
v 1.370209 0.026806 10.575000
v 1.370209 0.026806 10.525000
v 1.429890 0.976337 10.525000
v 1.570111 0.023665 10.525000
v 1.629791 0.973196 10.525000
v 0.700000 0.200001 10.475000
v 2.300000 0.200001 10.475000
v 0.700000 0.200001 10.525000
v 2.300000 0.200001 10.525000
v 0.700000 0.100001 10.475000
v 2.300000 0.100001 10.475000
v 0.700000 0.100001 10.525000
v 2.300000 0.100001 10.525000
v 1.879036 1.000938 10.550000
v 1.920920 0.001158 10.550000
v 1.679080 0.998844 10.550000
v 1.720964 -0.000937 10.550000
v 1.720964 -0.000937 10.525000
v 1.679080 0.998844 10.525000
v 1.920920 0.001158 10.525000
v 1.879036 1.000938 10.525000
v 1.300000 1.000001 10.550000
v 1.300000 0.000001 10.550000
v 1.100000 1.000001 10.550000
v 1.100000 0.000001 10.550000
v 1.100000 0.000001 10.525000
v 1.100000 1.000001 10.525000
v 1.300000 0.000001 10.525000
v 1.300000 1.000001 10.525000
v 0.450000 0.000002 19.900000
v 0.450000 0.000002 20.000000
v 0.550000 0.000002 19.900000
v 0.550000 0.000002 20.000000
v 0.450000 0.500001 20.000000
v 0.450000 0.500001 19.900000
v 0.550000 0.500001 20.000000
v 0.550000 0.500001 19.900000
v 0.450000 0.000001 19.000000
v 0.450000 0.000001 19.100000
v 0.550000 0.000001 19.000000
v 0.550000 0.000001 19.100000
v 0.450000 0.500001 19.100000
v 0.450000 0.500001 19.000000
v 0.550000 0.500001 19.100000
v 0.550000 0.500001 19.000000
v 0.525000 0.400001 19.100000
v 0.525000 0.400001 19.900000
v 0.475000 0.400001 19.100000
v 0.475000 0.400001 19.900000
v 0.525000 0.300001 19.100000
v 0.525000 0.300002 19.900000
v 0.475000 0.300001 19.100000
v 0.475000 0.300002 19.900000
v 0.450000 0.000002 20.900000
v 0.450000 0.000002 21.000000
v 0.550000 0.000002 20.900000
v 0.550000 0.000002 21.000000
v 0.450000 0.500002 21.000000
v 0.450000 0.500002 20.900000
v 0.550000 0.500002 21.000000
v 0.550000 0.500002 20.900000
v 0.450000 0.000002 20.000000
v 0.450000 0.000002 20.100000
v 0.550000 0.000002 20.000000
v 0.550000 0.000002 20.100000
v 0.450000 0.500001 20.100000
v 0.450000 0.500001 20.000000
v 0.550000 0.500001 20.100000
v 0.550000 0.500001 20.000000
v 0.525000 0.400001 20.100000
v 0.525000 0.400002 20.900000
v 0.475000 0.400001 20.100000
v 0.475000 0.400002 20.900000
v 0.525000 0.300002 20.100000
v 0.525000 0.300002 20.900000
v 0.475000 0.300002 20.100000
v 0.475000 0.300002 20.900000
v 0.450000 0.000002 21.900000
v 0.450000 0.000002 22.000000
v 0.550000 0.000002 21.900000
v 0.550000 0.000002 22.000000
v 0.450000 0.500002 22.000000
v 0.450000 0.500002 21.900000
v 0.550000 0.500002 22.000000
v 0.550000 0.500002 21.900000
v 0.450000 0.000002 21.000000
v 0.450000 0.000002 21.100000
v 0.550000 0.000002 21.000000
v 0.550000 0.000002 21.100000
v 0.450000 0.500002 21.100000
v 0.450000 0.500002 21.000000
v 0.550000 0.500002 21.100000
v 0.550000 0.500002 21.000000
v 0.525000 0.400001 21.100000
v 0.525000 0.400002 21.900000
v 0.475000 0.400001 21.100000
v 0.475000 0.400002 21.900000
v 0.525000 0.300002 21.100000
v 0.525000 0.300002 21.900000
v 0.475000 0.300002 21.100000
v 0.475000 0.300002 21.900000
v 0.450000 0.000002 22.900000
v 0.450000 0.000002 23.000000
v 0.550000 0.000002 22.900000
v 0.550000 0.000002 23.000000
v 0.450000 0.500002 23.000000
v 0.450000 0.500002 22.900000
v 0.550000 0.500002 23.000000
v 0.550000 0.500002 22.900000
v 0.450000 0.000002 22.000000
v 0.450000 0.000002 22.100000
v 0.550000 0.000002 22.000000
v 0.550000 0.000002 22.100000
v 0.450000 0.500002 22.100000
v 0.450000 0.500002 22.000000
v 0.550000 0.500002 22.100000
v 0.550000 0.500002 22.000000
v 0.525000 0.400002 22.100000
v 0.525000 0.400002 22.900000
v 0.475000 0.400002 22.100000
v 0.475000 0.400002 22.900000
v 0.525000 0.300002 22.100000
v 0.525000 0.300002 22.900000
v 0.475000 0.300002 22.100000
v 0.475000 0.300002 22.900000
v 0.450000 0.000002 23.900000
v 0.450000 0.000002 24.000000
v 0.550000 0.000002 23.900000
v 0.550000 0.000002 24.000000
v 0.450000 0.500002 24.000000
v 0.450000 0.500002 23.900000
v 0.550000 0.500002 24.000000
v 0.550000 0.500002 23.900000
v 0.450000 0.000002 23.000000
v 0.450000 0.000002 23.100000
v 0.550000 0.000002 23.000000
v 0.550000 0.000002 23.100000
v 0.450000 0.500002 23.100000
v 0.450000 0.500002 23.000000
v 0.550000 0.500002 23.100000
v 0.550000 0.500002 23.000000
v 0.525000 0.400002 23.100000
v 0.525000 0.400002 23.900000
v 0.475000 0.400002 23.100000
v 0.475000 0.400002 23.900000
v 0.525000 0.300002 23.100000
v 0.525000 0.300002 23.900000
v 0.475000 0.300002 23.100000
v 0.475000 0.300002 23.900000
v 0.450000 0.000002 24.900000
v 0.450000 0.000002 25.000000
v 0.550000 0.000002 24.900000
v 0.550000 0.000002 25.000000
v 0.450000 0.500002 25.000000
v 0.450000 0.500002 24.900000
v 0.550000 0.500002 25.000000
v 0.550000 0.500002 24.900000
v 0.450000 0.000002 24.000000
v 0.450000 0.000002 24.100000
v 0.550000 0.000002 24.000000
v 0.550000 0.000002 24.100000
v 0.450000 0.500002 24.100000
v 0.450000 0.500002 24.000000
v 0.550000 0.500002 24.100000
v 0.550000 0.500002 24.000000
v 0.525000 0.400002 24.100000
v 0.525000 0.400002 24.900000
v 0.475000 0.400002 24.100000
v 0.475000 0.400002 24.900000
v 0.525000 0.300002 24.100000
v 0.525000 0.300002 24.900000
v 0.475000 0.300002 24.100000
v 0.475000 0.300002 24.900000
v 0.450000 0.000002 25.900000
v 0.450000 0.000002 26.000000
v 0.550000 0.000002 25.900000
v 0.550000 0.000002 26.000000
v 0.450000 0.500002 26.000000
v 0.450000 0.500002 25.900000
v 0.550000 0.500002 26.000000
v 0.550000 0.500002 25.900000
v 0.450000 0.000002 25.000000
v 0.450000 0.000002 25.100000
v 0.550000 0.000002 25.000000
v 0.550000 0.000002 25.100000
v 0.450000 0.500002 25.100000
v 0.450000 0.500002 25.000000
v 0.550000 0.500002 25.100000
v 0.550000 0.500002 25.000000
v 0.525000 0.400002 25.100000
v 0.525000 0.400002 25.900000
v 0.475000 0.400002 25.100000
v 0.475000 0.400002 25.900000
v 0.525000 0.300002 25.100000
v 0.525000 0.300002 25.900000
v 0.475000 0.300002 25.100000
v 0.475000 0.300002 25.900000
v 0.450000 0.000002 26.900000
v 0.450000 0.000002 27.000000
v 0.550000 0.000002 26.900000
v 0.550000 0.000002 27.000000
v 0.450000 0.500002 27.000000
v 0.450000 0.500002 26.900000
v 0.550000 0.500002 27.000000
v 0.550000 0.500002 26.900000
v 0.450000 0.000002 26.000000
v 0.450000 0.000002 26.100000
v 0.550000 0.000002 26.000000
v 0.550000 0.000002 26.100000
v 0.450000 0.500002 26.100000
v 0.450000 0.500002 26.000000
v 0.550000 0.500002 26.100000
v 0.550000 0.500002 26.000000
v 0.525000 0.400002 26.100000
v 0.525000 0.400002 26.900000
v 0.475000 0.400002 26.100000
v 0.475000 0.400002 26.900000
v 0.525000 0.300002 26.100000
v 0.525000 0.300002 26.900000
v 0.475000 0.300002 26.100000
v 0.475000 0.300002 26.900000
v 0.450000 0.000002 27.900000
v 0.450000 0.000002 28.000000
v 0.550000 0.000002 27.900000
v 0.550000 0.000002 28.000000
v 0.450000 0.500002 28.000000
v 0.450000 0.500002 27.900000
v 0.550000 0.500002 28.000000
v 0.550000 0.500002 27.900000
v 0.450000 0.000002 27.000000
v 0.450000 0.000002 27.100000
v 0.550000 0.000002 27.000000
v 0.550000 0.000002 27.100000
v 0.450000 0.500002 27.100000
v 0.450000 0.500002 27.000000
v 0.550000 0.500002 27.100000
v 0.550000 0.500002 27.000000
v 0.525000 0.400002 27.100000
v 0.525000 0.400002 27.900000
v 0.475000 0.400002 27.100000
v 0.475000 0.400002 27.900000
v 0.525000 0.300002 27.100000
v 0.525000 0.300002 27.900000
v 0.475000 0.300002 27.100000
v 0.475000 0.300002 27.900000
v 0.450000 0.000002 28.900000
v 0.450000 0.000002 29.000000
v 0.550000 0.000002 28.900000
v 0.550000 0.000002 29.000000
v 0.450000 0.500002 29.000000
v 0.450000 0.500002 28.900000
v 0.550000 0.500002 29.000000
v 0.550000 0.500002 28.900000
v 0.450000 0.000002 28.000000
v 0.450000 0.000002 28.100000
v 0.550000 0.000002 28.000000
v 0.550000 0.000002 28.100000
v 0.450000 0.500002 28.100000
v 0.450000 0.500002 28.000000
v 0.550000 0.500002 28.100000
v 0.550000 0.500002 28.000000
v 0.525000 0.400002 28.100000
v 0.525000 0.400002 28.900000
v 0.475000 0.400002 28.100000
v 0.475000 0.400002 28.900000
v 0.525000 0.300002 28.100000
v 0.525000 0.300002 28.900000
v 0.475000 0.300002 28.100000
v 0.475000 0.300002 28.900000
v 0.450000 0.000002 29.900000
v 0.450000 0.000002 30.000000
v 0.550000 0.000002 29.900000
v 0.550000 0.000002 30.000000
v 0.450000 0.500002 30.000000
v 0.450000 0.500002 29.900000
v 0.550000 0.500002 30.000000
v 0.550000 0.500002 29.900000
v 0.450000 0.000002 29.000000
v 0.450000 0.000002 29.100000
v 0.550000 0.000002 29.000000
v 0.550000 0.000002 29.100000
v 0.450000 0.500002 29.100000
v 0.450000 0.500002 29.000000
v 0.550000 0.500002 29.100000
v 0.550000 0.500002 29.000000
v 0.525000 0.400002 29.100000
v 0.525000 0.400002 29.900000
v 0.475000 0.400002 29.100000
v 0.475000 0.400002 29.900000
v 0.525000 0.300002 29.100000
v 0.525000 0.300002 29.900000
v 0.475000 0.300002 29.100000
v 0.475000 0.300002 29.900000
v 14.171580 0.175000 -0.484625
v 13.543720 0.175000 -0.652857
v 14.171580 0.825000 -0.484625
v 13.543720 0.825000 -0.652857
v 13.552860 0.175000 -1.556276
v 13.552860 0.825000 -1.556276
v 13.384620 0.175000 -0.928425
v 13.384620 0.825000 -0.928425
v 14.229810 -0.050000 -0.701958
v 14.398040 -0.050000 -1.329810
v 13.601960 -0.050000 -0.870190
v 13.770190 -0.050000 -1.498042
v 14.398040 1.050000 -1.329810
v 14.229810 1.050000 -0.701958
v 13.770190 1.050000 -1.498042
v 13.601960 1.050000 -0.870190
v 13.828420 0.175000 -1.715375
v 14.456280 0.175000 -1.547143
v 13.828420 0.825000 -1.715375
v 14.456280 0.825000 -1.547143
v 14.615380 0.825000 -1.271575
v 14.615380 0.175000 -1.271575
v 14.447140 0.825000 -0.643724
v 14.447140 0.175000 -0.643724
v 14.353550 -0.000000 -0.487628
v 14.353550 1.000000 -0.487628
v 13.387630 -0.000000 -0.746447
v 13.387630 1.000000 -0.746447
v 14.612370 1.000000 -1.453553
v 14.612370 -0.000000 -1.453553
v 13.646450 -0.000000 -1.712373
v 13.646450 1.000000 -1.712373
v 16.562920 0.400000 -0.372372
v 15.437080 0.400000 -1.022372
v 16.562920 1.700000 -0.372372
v 15.437080 1.700000 -1.022372
v 15.922370 0.400000 -2.762917
v 15.922370 1.700000 -2.762917
v 15.272370 0.400000 -1.637084
v 15.272370 1.700000 -1.637084
v 16.787920 -0.050000 -0.762083
v 17.437920 -0.050000 -1.887916
v 15.662080 -0.050000 -1.412084
v 16.312080 -0.050000 -2.537916
v 17.437920 2.150000 -1.887916
v 16.787920 2.150000 -0.762084
v 16.312080 2.150000 -2.537916
v 15.662080 2.150000 -1.412084
v 16.537081 0.400000 -2.927628
v 17.662920 0.400000 -2.277628
v 16.537081 1.700000 -2.927628
v 17.662920 1.700000 -2.277628
v 17.827629 1.700000 -1.662916
v 17.827629 0.400000 -1.662916
v 17.177629 1.700000 -0.537084
v 17.177629 0.400000 -0.537083
v 16.916031 0.050000 -0.283975
v 16.916031 2.050000 -0.283975
v 15.183970 0.050000 -1.283975
v 15.183970 2.050000 -1.283975
v 17.916031 2.050000 -2.016025
v 17.916031 0.050000 -2.016025
v 16.183969 0.050000 -3.016025
v 16.183969 2.050000 -3.016025
v -1.514025 0.175000 1.045425
v -1.682257 0.175000 1.673276
v -1.514025 0.825000 1.045425
v -1.682257 0.825000 1.673276
v -2.585676 0.175000 1.664143
v -2.585676 0.825000 1.664143
v -1.957825 0.175000 1.832375
v -1.957825 0.825000 1.832375
v -1.731358 -0.050000 0.987190
v -2.359210 -0.050000 0.818958
v -1.899590 -0.050000 1.615042
v -2.527442 -0.050000 1.446810
v -2.359210 1.050000 0.818958
v -1.731358 1.050000 0.987190
v -2.527442 1.050000 1.446810
v -1.899590 1.050000 1.615042
v -2.744775 0.175000 1.388575
v -2.576543 0.175000 0.760724
v -2.744775 0.825000 1.388575
v -2.576543 0.825000 0.760724
v -2.300975 0.825000 0.601625
v -2.300975 0.175000 0.601625
v -1.673124 0.825000 0.769857
v -1.673124 0.175000 0.769857
v -1.517028 0.000000 0.863447
v -1.517028 1.000000 0.863447
v -1.775847 0.000000 1.829372
v -1.775847 1.000000 1.829372
v -2.482953 1.000000 0.604628
v -2.482953 0.000000 0.604628
v -2.741772 0.000000 1.570553
v -2.741772 1.000000 1.570553
v -2.051772 0.400000 2.554083
v -1.401772 0.400000 3.679917
v -2.051772 1.700000 2.554083
v -1.401772 1.700000 3.679917
v -2.692317 0.400000 4.944628
v -2.692317 1.700000 4.944628
v -1.566483 0.400000 4.294628
v -1.566483 1.700000 4.294628
v -2.441483 -0.050000 2.779083
v -3.567317 -0.050000 3.429083
v -1.791483 -0.050000 3.904917
v -2.917316 -0.050000 4.554916
v -3.567317 2.150000 3.429083
v -2.441483 2.150000 2.779083
v -2.917316 2.150000 4.554916
v -1.791483 2.150000 3.904917
v -3.307028 0.400000 4.779917
v -3.957028 0.400000 3.654083
v -3.307028 1.700000 4.779917
v -3.957028 1.700000 3.654083
v -3.792317 1.700000 3.039372
v -3.792317 0.400000 3.039372
v -2.666483 1.700000 2.389372
v -2.666483 0.400000 2.389372
v -2.313375 0.050000 2.300975
v -2.313375 2.050000 2.300975
v -1.313375 0.050000 4.033026
v -1.313375 2.050000 4.033026
v -4.045425 2.050000 3.300975
v -4.045425 0.050000 3.300975
v -3.045425 0.050000 5.033026
v -3.045425 2.050000 5.033026
v -1.401772 0.400000 -1.345917
v -2.051772 0.400000 -0.220084
v -1.401772 1.700000 -1.345917
v -2.051772 1.700000 -0.220084
v -3.792316 0.400000 -0.705372
v -3.792316 1.700000 -0.705372
v -2.666483 0.400000 -0.055372
v -2.666483 1.700000 -0.055372
v -1.791484 -0.050000 -1.570917
v -2.917317 -0.050000 -2.220917
v -2.441483 -0.050000 -0.445083
v -3.567317 -0.050000 -1.095083
v -2.917317 2.150000 -2.220917
v -1.791484 2.150000 -1.570917
v -3.567317 2.150000 -1.095083
v -2.441483 2.150000 -0.445084
v -3.957028 0.400000 -1.320083
v -3.307028 0.400000 -2.445916
v -3.957028 1.700000 -1.320083
v -3.307028 1.700000 -2.445916
v -2.692317 1.700000 -2.610628
v -2.692317 0.400000 -2.610628
v -1.566483 1.700000 -1.960628
v -1.566483 0.400000 -1.960628
v -1.313375 0.050000 -1.699026
v -1.313375 2.050000 -1.699026
v -2.313374 0.050000 0.033025
v -2.313374 2.050000 0.033025
v -3.045426 2.050000 -2.699025
v -3.045426 0.050000 -2.699025
v -4.045425 0.050000 -0.966974
v -4.045425 2.050000 -0.966974
v -1.280417 0.625001 8.795998
v -1.953346 0.625001 11.307400
v -1.280417 2.575001 8.795998
v -1.953346 2.575001 11.307400
v -3.876654 0.625001 11.723800
v -3.876654 2.575001 11.723800
v -2.620950 0.625001 12.060270
v -2.620950 2.575001 12.060270
v -1.715083 -0.049999 8.679529
v -2.970787 -0.049999 8.343064
v -2.388013 -0.049999 11.190940
v -3.643717 -0.049999 10.854470
v -2.970787 3.250001 8.343064
v -1.715083 3.250001 8.679529
v -3.643717 3.250001 10.854470
v -2.388013 3.250001 11.190940
v -4.078383 0.625001 10.738000
v -3.405454 0.625001 8.226596
v -4.078383 2.575001 10.738000
v -3.405454 2.575001 8.226596
v -2.737850 2.575001 7.473731
v -2.737850 0.625001 7.473731
v -1.482146 2.575001 7.810196
v -1.482146 0.625001 7.810196
v -1.195836 0.100001 8.093967
v -1.195836 3.100001 8.093967
v -2.231112 0.100001 11.957670
v -2.231112 3.100001 11.957670
v -3.127688 3.100000 7.576329
v -3.127688 0.100001 7.576329
v -4.162964 0.100001 11.440030
v -4.162964 3.100001 11.440030
v -1.322147 0.400001 13.860790
v -2.577850 0.400001 14.197250
v -1.322147 1.700001 13.860790
v -2.577850 1.700001 14.197250
v -3.465451 0.400001 12.623350
v -3.465451 1.700001 12.623350
v -3.128986 0.400001 13.879050
v -3.128986 1.700001 13.879050
v -1.438616 -0.049999 13.426120
v -1.775081 -0.049999 12.170420
v -2.694319 -0.049999 13.762580
v -3.030784 -0.049999 12.506880
v -1.775081 2.150001 12.170420
v -1.438616 2.150001 13.426120
v -3.030784 2.150001 12.506880
v -2.694319 2.150001 13.762580
v -3.147253 0.400001 12.072210
v -1.891550 0.400001 11.735750
v -3.147253 1.700001 12.072210
v -1.891550 1.700001 11.735750
v -1.340414 1.700001 12.053950
v -1.340414 0.400001 12.053950
v -1.003949 1.700001 13.309650
v -1.003949 0.400001 13.309650
v -1.009955 0.050001 13.673610
v -1.009955 2.050001 13.673610
v -2.941806 0.050001 14.191250
v -2.941806 2.050001 14.191250
v -1.527594 2.050001 11.741760
v -1.527594 0.050001 11.741760
v -3.459445 0.050001 12.259390
v -3.459445 2.050001 12.259390
v -0.597824 0.175001 12.217240
v -1.225675 0.175001 12.385480
v -0.597824 0.825001 12.217240
v -1.225675 0.825001 12.385480
v -1.669476 0.175001 11.598520
v -1.669476 0.825001 11.598520
v -1.501243 0.175001 12.226380
v -1.501243 0.825001 12.226380
v -0.656058 -0.049999 11.999910
v -0.824291 -0.049999 11.372060
v -1.283910 -0.049999 12.168140
v -1.452142 -0.049999 11.540290
v -0.824291 1.050001 11.372060
v -0.656058 1.050001 11.999910
v -1.452142 1.050001 11.540290
v -1.283910 1.050001 12.168140
v -1.510377 0.175001 11.322960
v -0.882525 0.175001 11.154720
v -1.510377 0.825001 11.322960
v -0.882525 0.825001 11.154720
v -0.606957 0.825001 11.313820
v -0.606957 0.175001 11.313820
v -0.438725 0.825001 11.941680
v -0.438725 0.175001 11.941680
v -0.441727 0.000001 12.123650
v -0.441727 1.000001 12.123650
v -1.407653 0.000001 12.382470
v -1.407653 1.000001 12.382470
v -0.700547 1.000001 11.157730
v -0.700547 0.000001 11.157730
v -1.666473 0.000001 11.416550
v -1.666473 1.000001 11.416550
v 2.484929 0.400000 -1.166901
v -0.654330 0.400000 -2.008063
v 2.484929 1.700000 -1.166901
v -0.654330 1.700000 -2.008063
v -1.288064 0.400000 -3.989604
v -1.288064 1.700000 -3.989604
v -1.624528 0.400000 -2.733901
v -1.624528 1.700000 -2.733901
v 2.601397 -0.050000 -1.601567
v 2.937862 -0.050000 -2.857271
v -0.537862 -0.050000 -2.442729
v -0.201397 -0.050000 -3.698433
v 2.937862 2.150000 -2.857271
v 2.601397 2.150000 -1.601567
v -0.201397 2.150000 -3.698433
v -0.537862 2.150000 -2.442729
v -0.084928 0.400000 -4.133100
v 3.054330 0.400000 -3.291938
v -0.084928 1.700000 -4.133100
v 3.054330 1.700000 -3.291938
v 4.024529 1.700000 -2.566099
v 4.024529 0.400000 -2.566099
v 3.688064 1.700000 -1.310396
v 3.688064 0.400000 -1.310396
v 3.355995 0.050000 -1.037027
v 3.355995 2.050000 -1.037027
v -1.473634 0.050000 -2.331122
v -1.473634 2.050000 -2.331122
v 3.873634 2.050000 -2.968878
v 3.873634 0.050000 -2.968878
v -0.955995 0.050000 -4.262974
v -0.955995 2.050000 -4.262974
v -0.579400 0.400000 6.017000
v -0.579400 0.400001 7.316999
v -0.579400 1.700001 6.017000
v -0.579400 1.700001 7.316999
v -2.329400 0.400001 7.767000
v -2.329400 1.700001 7.767000
v -1.029400 0.400001 7.767000
v -1.029400 1.700001 7.767000
v -1.029400 -0.050000 6.017000
v -2.329400 -0.050000 6.017000
v -1.029400 -0.049999 7.317000
v -2.329400 -0.049999 7.317000
v -2.329400 2.150001 6.017000
v -1.029400 2.150001 6.017000
v -2.329400 2.150001 7.317000
v -1.029400 2.150001 7.317000
v -2.779400 0.400001 7.317000
v -2.779400 0.400000 6.017000
v -2.779400 1.700001 7.317000
v -2.779400 1.700001 6.017000
v -2.329400 1.700001 5.566999
v -2.329400 0.400000 5.566999
v -1.029400 1.700001 5.566999
v -1.029400 0.400000 5.566999
v -0.679400 0.050000 5.667000
v -0.679400 2.050000 5.667000
v -0.679400 0.050001 7.667000
v -0.679400 2.050000 7.667000
v -2.679400 2.050000 5.667000
v -2.679400 0.050000 5.667000
v -2.679400 0.050001 7.667000
v -2.679400 2.050000 7.667000
v 0.450000 0.000001 8.400000
v 0.450000 0.000001 8.500000
v 0.550000 0.000001 8.400000
v 0.550000 0.000001 8.500000
v 0.450000 0.500001 8.500000
v 0.450000 0.500001 8.400000
v 0.550000 0.500001 8.500000
v 0.550000 0.500001 8.400000
v 0.450000 0.000001 7.500000
v 0.450000 0.000001 7.600000
v 0.550000 0.000001 7.500000
v 0.550000 0.000001 7.600000
v 0.450000 0.500001 7.600000
v 0.450000 0.500001 7.500000
v 0.550000 0.500001 7.600000
v 0.550000 0.500001 7.500000
v 0.525000 0.400000 7.600000
v 0.525000 0.400001 8.400000
v 0.475000 0.400000 7.600000
v 0.475000 0.400001 8.400000
v 0.525000 0.300001 7.600000
v 0.525000 0.300001 8.400000
v 0.475000 0.300001 7.600000
v 0.475000 0.300001 8.400000
v 0.450000 0.000001 9.400000
v 0.450000 0.000001 9.500000
v 0.550000 0.000001 9.400000
v 0.550000 0.000001 9.500000
v 0.450000 0.500001 9.500000
v 0.450000 0.500001 9.400000
v 0.550000 0.500001 9.500000
v 0.550000 0.500001 9.400000
v 0.450000 0.000001 8.500000
v 0.450000 0.000001 8.600000
v 0.550000 0.000001 8.500000
v 0.550000 0.000001 8.600000
v 0.450000 0.500001 8.600000
v 0.450000 0.500001 8.500000
v 0.550000 0.500001 8.600000
v 0.550000 0.500001 8.500000
v 0.525000 0.400001 8.600000
v 0.525000 0.400001 9.400000
v 0.475000 0.400001 8.600000
v 0.475000 0.400001 9.400000
v 0.525000 0.300001 8.600000
v 0.525000 0.300001 9.400000
v 0.475000 0.300001 8.600000
v 0.475000 0.300001 9.400000
v 0.450000 0.000001 10.400000
v 0.450000 0.000001 10.500000
v 0.550000 0.000001 10.400000
v 0.550000 0.000001 10.500000
v 0.450000 0.500001 10.500000
v 0.450000 0.500001 10.400000
v 0.550000 0.500001 10.500000
v 0.550000 0.500001 10.400000
v 0.450000 0.000001 9.500000
v 0.450000 0.000001 9.600000
v 0.550000 0.000001 9.500000
v 0.550000 0.000001 9.600000
v 0.450000 0.500001 9.600000
v 0.450000 0.500001 9.500000
v 0.550000 0.500001 9.600000
v 0.550000 0.500001 9.500000
v 0.525000 0.400001 9.600000
v 0.525000 0.400001 10.400000
v 0.475000 0.400001 9.600000
v 0.475000 0.400001 10.400000
v 0.525000 0.300001 9.600000
v 0.525000 0.300001 10.400000
v 0.475000 0.300001 9.600000
v 0.475000 0.300001 10.400000
v 0.450000 0.000001 13.400000
v 0.450000 0.000001 13.500000
v 0.550000 0.000001 13.400000
v 0.550000 0.000001 13.500000
v 0.450000 0.500001 13.500000
v 0.450000 0.500001 13.400000
v 0.550000 0.500001 13.500000
v 0.550000 0.500001 13.400000
v 0.450000 0.000001 12.500000
v 0.450000 0.000001 12.600000
v 0.550000 0.000001 12.500000
v 0.550000 0.000001 12.600000
v 0.450000 0.500001 12.600000
v 0.450000 0.500001 12.500000
v 0.550000 0.500001 12.600000
v 0.550000 0.500001 12.500000
v 0.525000 0.400001 12.600000
v 0.525000 0.400001 13.400000
v 0.475000 0.400001 12.600000
v 0.475000 0.400001 13.400000
v 0.525000 0.300001 12.600000
v 0.525000 0.300001 13.400000
v 0.475000 0.300001 12.600000
v 0.475000 0.300001 13.400000
v 1.600000 0.000001 13.450000
v 1.500000 0.000001 13.450000
v 1.600000 0.000001 13.550000
v 1.500000 0.000001 13.550000
v 1.500000 0.500001 13.450000
v 1.600000 0.500001 13.450000
v 1.500000 0.500001 13.550000
v 1.600000 0.500001 13.550000
v 2.500000 0.000001 13.450000
v 2.400000 0.000001 13.450000
v 2.500000 0.000001 13.550000
v 2.400000 0.000001 13.550000
v 2.400000 0.500001 13.450000
v 2.500000 0.500001 13.450000
v 2.400000 0.500001 13.550000
v 2.500000 0.500001 13.550000
v 2.400000 0.400001 13.525000
v 1.600000 0.400001 13.525000
v 2.400000 0.400001 13.475000
v 1.600000 0.400001 13.475000
v 2.400000 0.300001 13.525000
v 1.600000 0.300001 13.525000
v 2.400000 0.300001 13.475000
v 1.600000 0.300001 13.475000
v 2.600000 0.000001 13.450000
v 2.600000 0.000001 13.550000
v 2.600000 0.500001 13.450000
v 2.600000 0.500001 13.550000
v 3.500000 0.000001 13.450000
v 3.400000 0.000001 13.450000
v 3.500000 0.000001 13.550000
v 3.400000 0.000001 13.550000
v 3.400000 0.500001 13.450000
v 3.500000 0.500001 13.450000
v 3.400000 0.500001 13.550000
v 3.500000 0.500001 13.550000
v 3.400000 0.400001 13.525000
v 2.600000 0.400001 13.525000
v 3.400000 0.400001 13.475000
v 2.600000 0.400001 13.475000
v 3.400000 0.300001 13.525000
v 2.600000 0.300001 13.525000
v 3.400000 0.300001 13.475000
v 2.600000 0.300001 13.475000
v 3.600000 0.000001 13.450000
v 3.600000 0.000001 13.550000
v 3.600000 0.500001 13.450000
v 3.600000 0.500001 13.550000
v 4.500000 0.000001 13.450000
v 4.400000 0.000001 13.450000
v 4.500000 0.000001 13.550000
v 4.400000 0.000001 13.550000
v 4.400000 0.500001 13.450000
v 4.500000 0.500001 13.450000
v 4.400000 0.500001 13.550000
v 4.500000 0.500001 13.550000
v 4.400000 0.400001 13.525000
v 3.600000 0.400001 13.525000
v 4.400000 0.400001 13.475000
v 3.600000 0.400001 13.475000
v 4.400000 0.300001 13.525000
v 3.600000 0.300001 13.525000
v 4.400000 0.300001 13.475000
v 3.600000 0.300001 13.475000
v 0.600000 0.000001 16.450001
v 0.500000 0.000001 16.450001
v 0.600000 0.000001 16.549999
v 0.500000 0.000001 16.549999
v 0.500000 0.500001 16.450001
v 0.600000 0.500001 16.450001
v 0.500000 0.500001 16.549999
v 0.600000 0.500001 16.549999
v 1.500000 0.000001 16.450001
v 1.400000 0.000001 16.450001
v 1.500000 0.000001 16.549999
v 1.400000 0.000001 16.549999
v 1.400000 0.500001 16.450001
v 1.500000 0.500001 16.450001
v 1.400000 0.500001 16.549999
v 1.500000 0.500001 16.549999
v 1.400000 0.400001 16.525000
v 0.600000 0.400001 16.525000
v 1.400000 0.400001 16.475000
v 0.600000 0.400001 16.475000
v 1.400000 0.300001 16.525000
v 0.600000 0.300001 16.525000
v 1.400000 0.300001 16.475000
v 0.600000 0.300001 16.475000
v 0.450000 0.000001 17.400000
v 0.450000 0.000001 17.500000
v 0.550000 0.000001 17.400000
v 0.550000 0.000001 17.500000
v 0.450000 0.500001 17.500000
v 0.450000 0.500001 17.400000
v 0.550000 0.500001 17.500000
v 0.550000 0.500001 17.400000
v 0.450000 0.000001 16.500000
v 0.450000 0.000001 16.600000
v 0.550000 0.000001 16.500000
v 0.550000 0.000001 16.600000
v 0.450000 0.500001 16.600000
v 0.450000 0.500001 16.500000
v 0.550000 0.500001 16.600000
v 0.550000 0.500001 16.500000
v 0.525000 0.400001 16.600000
v 0.525000 0.400001 17.400000
v 0.475000 0.400001 16.600000
v 0.475000 0.400001 17.400000
v 0.525000 0.300001 16.600000
v 0.525000 0.300001 17.400000
v 0.475000 0.300001 16.600000
v 0.475000 0.300001 17.400000
v 0.450000 0.000001 18.400000
v 0.450000 0.000001 18.500000
v 0.550000 0.000001 18.400000
v 0.550000 0.000001 18.500000
v 0.450000 0.500001 18.500000
v 0.450000 0.500001 18.400000
v 0.550000 0.500001 18.500000
v 0.550000 0.500001 18.400000
v 0.450000 0.000001 17.500000
v 0.450000 0.000001 17.600000
v 0.550000 0.000001 17.500000
v 0.550000 0.000001 17.600000
v 0.450000 0.500001 17.600000
v 0.450000 0.500001 17.500000
v 0.550000 0.500001 17.600000
v 0.550000 0.500001 17.500000
v 0.525000 0.400001 17.600000
v 0.525000 0.400001 18.400000
v 0.475000 0.400001 17.600000
v 0.475000 0.400001 18.400000
v 0.525000 0.300001 17.600000
v 0.525000 0.300001 18.400000
v 0.475000 0.300001 17.600000
v 0.475000 0.300001 18.400000
v 1.171575 0.175001 10.515380
v 0.543724 0.175001 10.347140
v 1.171575 0.825001 10.515380
v 0.543724 0.825001 10.347140
v 0.552857 0.175001 9.443724
v 0.552857 0.825001 9.443724
v 0.384625 0.175001 10.071580
v 0.384625 0.825001 10.071580
v 1.229810 -0.049999 10.298040
v 1.398042 -0.049999 9.670190
v 0.601958 -0.049999 10.129810
v 0.770190 -0.049999 9.501958
v 1.398042 1.050001 9.670190
v 1.229810 1.050001 10.298040
v 0.770190 1.050001 9.501958
v 0.601958 1.050001 10.129810
v 0.828425 0.175001 9.284624
v 1.456276 0.175001 9.452857
v 0.828425 0.825001 9.284624
v 1.456276 0.825001 9.452857
v 1.615376 0.825001 9.728424
v 1.615376 0.175001 9.728424
v 1.447143 0.825001 10.356280
v 1.447143 0.175001 10.356280
v 1.353553 0.000001 10.512370
v 1.353553 1.000001 10.512370
v 0.387628 0.000001 10.253550
v 0.387628 1.000001 10.253550
v 1.612372 1.000001 9.546446
v 1.612372 0.000001 9.546446
v 0.646447 0.000001 9.287627
v 0.646447 1.000001 9.287627
v 2.325000 0.175001 10.450000
v 1.675000 0.175001 10.450000
v 2.325000 0.825001 10.450000
v 1.675000 0.825001 10.450000
v 1.450000 0.175001 9.575000
v 1.450000 0.825001 9.575000
v 1.450000 0.175001 10.225000
v 1.450000 0.825001 10.225000
v 2.325000 -0.049999 10.225000
v 2.325000 -0.049999 9.575000
v 1.675000 -0.049999 10.225000
v 1.675000 -0.049999 9.575000
v 2.325000 1.050001 9.575000
v 2.325000 1.050001 10.225000
v 1.675000 1.050001 9.575000
v 1.675000 1.050001 10.225000
v 1.675000 0.175001 9.349999
v 2.325000 0.175001 9.349999
v 1.675000 0.825001 9.349999
v 2.325000 0.825001 9.349999
v 2.550000 0.825001 9.575000
v 2.550000 0.175001 9.575000
v 2.550000 0.825001 10.225000
v 2.550000 0.175001 10.225000
v 2.500000 0.000001 10.400000
v 2.500000 1.000001 10.400000
v 1.500000 0.000001 10.400000
v 1.500000 1.000001 10.400000
v 2.500000 1.000001 9.400000
v 2.500000 0.000001 9.400000
v 1.500000 0.000001 9.400000
v 1.500000 1.000001 9.400000
v 0.600000 0.000001 13.450000
v 0.500000 0.000001 13.450000
v 0.600000 0.000001 13.550000
v 0.500000 0.000001 13.550000
v 0.500000 0.500001 13.450000
v 0.600000 0.500001 13.450000
v 0.500000 0.500001 13.550000
v 0.600000 0.500001 13.550000
v 1.500000 0.000001 13.450000
v 1.400000 0.000001 13.450000
v 1.500000 0.000001 13.550000
v 1.400000 0.000001 13.550000
v 1.400000 0.500001 13.450000
v 1.500000 0.500001 13.450000
v 1.400000 0.500001 13.550000
v 1.500000 0.500001 13.550000
v 1.400000 0.400001 13.525000
v 0.600000 0.400001 13.525000
v 1.400000 0.400001 13.475000
v 0.600000 0.400001 13.475000
v 1.400000 0.300001 13.525000
v 0.600000 0.300001 13.525000
v 1.400000 0.300001 13.475000
v 0.600000 0.300001 13.475000
v 1.171575 -0.324999 17.515381
v 0.543724 -0.324999 17.347139
v 1.171575 0.325001 17.515381
v 0.543724 0.325001 17.347139
v 0.552857 -0.324999 16.443720
v 0.552857 0.325001 16.443720
v 0.384625 -0.324999 17.071581
v 0.384625 0.325001 17.071581
v 1.229810 -0.549999 17.298040
v 1.398042 -0.549999 16.670191
v 0.601958 -0.549999 17.129810
v 0.770190 -0.549999 16.501961
v 1.398042 0.550001 16.670191
v 1.229810 0.550001 17.298040
v 0.770190 0.550001 16.501961
v 0.601958 0.550001 17.129810
v 0.828425 -0.324999 16.284620
v 1.456276 -0.324999 16.452860
v 0.828425 0.325001 16.284620
v 1.456276 0.325001 16.452860
v 1.615376 0.325001 16.728420
v 1.615376 -0.324999 16.728420
v 1.447143 0.325001 17.356279
v 1.447143 -0.324999 17.356279
v 1.353553 -0.499999 17.512369
v 1.353553 0.500001 17.512369
v 0.387628 -0.499999 17.253550
v 0.387628 0.500001 17.253550
v 1.612372 0.500001 16.546450
v 1.612372 -0.499999 16.546450
v 0.646447 -0.499999 16.287630
v 0.646447 0.500001 16.287630
v 4.600000 0.000001 13.450000
v 4.600000 0.000001 13.550000
v 4.600000 0.500001 13.450000
v 4.600000 0.500001 13.550000
v 5.500000 0.000001 13.450000
v 5.400000 0.000001 13.450000
v 5.500000 0.000001 13.550000
v 5.400000 0.000001 13.550000
v 5.400000 0.500001 13.450000
v 5.500000 0.500001 13.450000
v 5.400000 0.500001 13.550000
v 5.500000 0.500001 13.550000
v 5.400000 0.400001 13.525000
v 4.600000 0.400001 13.525000
v 5.400000 0.400001 13.475000
v 4.600000 0.400001 13.475000
v 5.400000 0.300001 13.525000
v 4.600000 0.300001 13.525000
v 5.400000 0.300001 13.475000
v 4.600000 0.300001 13.475000
v 24.956970 0.602981 15.024300
v 24.928129 0.897611 15.079650
v 25.010000 0.602981 15.077330
v 24.954651 0.897611 15.106170
v 25.047510 0.400090 15.092860
v 25.149960 0.438913 14.990410
v 25.061230 0.622392 15.026110
v 24.941441 0.400090 14.986790
v 25.043890 0.438913 14.884340
v 25.008190 0.622392 14.973070
v 24.953739 0.907317 15.054040
v 24.980261 0.907317 15.080560
v 8.600000 0.000001 13.450000
v 8.500000 0.000001 13.450000
v 8.600000 0.000001 13.550000
v 8.500000 0.000001 13.550000
v 8.500000 0.500001 13.450000
v 8.600000 0.500001 13.450000
v 8.500000 0.500001 13.550000
v 8.600000 0.500001 13.550000
v 9.500000 0.000001 13.450000
v 9.400000 0.000001 13.450000
v 9.500000 0.000001 13.550000
v 9.400000 0.000001 13.550000
v 9.400000 0.500001 13.450000
v 9.500000 0.500001 13.450000
v 9.400000 0.500001 13.550000
v 9.500000 0.500001 13.550000
v 9.400001 0.400001 13.525000
v 8.599999 0.400001 13.525000
v 9.400001 0.400001 13.475000
v 8.599999 0.400001 13.475000
v 9.400001 0.300001 13.525000
v 8.599999 0.300001 13.525000
v 9.400001 0.300001 13.475000
v 8.599999 0.300001 13.475000
v 7.600000 0.000001 13.450000
v 7.500000 0.000001 13.450000
v 7.600000 0.000001 13.550000
v 7.500000 0.000001 13.550000
v 7.500000 0.500001 13.450000
v 7.600000 0.500001 13.450000
v 7.500000 0.500001 13.550000
v 7.600000 0.500001 13.550000
v 8.400000 0.000001 13.450000
v 8.400000 0.000001 13.550000
v 8.400000 0.500001 13.450000
v 8.400000 0.500001 13.550000
v 8.400001 0.400001 13.525000
v 7.600000 0.400001 13.525000
v 8.400001 0.400001 13.475000
v 7.600000 0.400001 13.475000
v 8.400001 0.300001 13.525000
v 7.600000 0.300001 13.525000
v 8.400001 0.300001 13.475000
v 7.600000 0.300001 13.475000
v 6.600000 0.000001 13.450000
v 6.500000 0.000001 13.450000
v 6.600000 0.000001 13.550000
v 6.500000 0.000001 13.550000
v 6.500000 0.500001 13.450000
v 6.600000 0.500001 13.450000
v 6.500000 0.500001 13.550000
v 6.600000 0.500001 13.550000
v 7.400000 0.000001 13.450000
v 7.400000 0.000001 13.550000
v 7.400000 0.500001 13.450000
v 7.400000 0.500001 13.550000
v 7.400000 0.400001 13.525000
v 6.600000 0.400001 13.525000
v 7.400000 0.400001 13.475000
v 6.600000 0.400001 13.475000
v 7.400000 0.300001 13.525000
v 6.600000 0.300001 13.525000
v 7.400000 0.300001 13.475000
v 6.600000 0.300001 13.475000
v 5.600000 0.000001 13.450000
v 5.600000 0.000001 13.550000
v 5.600000 0.500001 13.450000
v 5.600000 0.500001 13.550000
v 6.400000 0.000001 13.450000
v 6.400000 0.000001 13.550000
v 6.400000 0.500001 13.450000
v 6.400000 0.500001 13.550000
v 6.400000 0.400001 13.525000
v 5.600000 0.400001 13.525000
v 6.400000 0.400001 13.475000
v 5.600000 0.400001 13.475000
v 6.400000 0.300001 13.525000
v 5.600000 0.300001 13.525000
v 6.400000 0.300001 13.475000
v 5.600000 0.300001 13.475000
v 10.600000 0.000001 13.450000
v 10.500000 0.000001 13.450000
v 10.600000 0.000001 13.550000
v 10.500000 0.000001 13.550000
v 10.500000 0.500001 13.450000
v 10.600000 0.500001 13.450000
v 10.500000 0.500001 13.550000
v 10.600000 0.500001 13.550000
v 11.500000 0.000001 13.450000
v 11.400000 0.000001 13.450000
v 11.500000 0.000001 13.550000
v 11.400000 0.000001 13.550000
v 11.400000 0.500001 13.450000
v 11.500000 0.500001 13.450000
v 11.400000 0.500001 13.550000
v 11.500000 0.500001 13.550000
v 11.400000 0.400001 13.525000
v 10.600000 0.400001 13.525000
v 11.400000 0.400001 13.475000
v 10.600000 0.400001 13.475000
v 11.400000 0.300001 13.525000
v 10.600000 0.300001 13.525000
v 11.400000 0.300001 13.475000
v 10.600000 0.300001 13.475000
v 9.600000 0.000001 13.450000
v 9.600000 0.000001 13.550000
v 9.600000 0.500001 13.450000
v 9.600000 0.500001 13.550000
v 10.400000 0.000001 13.450000
v 10.400000 0.000001 13.550000
v 10.400000 0.500001 13.450000
v 10.400000 0.500001 13.550000
v 10.400000 0.400001 13.525000
v 9.599999 0.400001 13.525000
v 10.400000 0.400001 13.475000
v 9.599999 0.400001 13.475000
v 10.400000 0.300001 13.525000
v 9.599999 0.300001 13.525000
v 10.400000 0.300001 13.475000
v 9.599999 0.300001 13.475000
v 4.325000 0.175001 10.450000
v 3.675000 0.175001 10.450000
v 4.325000 0.825001 10.450000
v 3.675000 0.825001 10.450000
v 3.450000 0.175001 9.575000
v 3.450000 0.825001 9.575000
v 3.450000 0.175001 10.225000
v 3.450000 0.825001 10.225000
v 4.325000 -0.049999 10.225000
v 4.325000 -0.049999 9.575000
v 3.675000 -0.049999 10.225000
v 3.675000 -0.049999 9.575000
v 4.325000 1.050001 9.575000
v 4.325000 1.050001 10.225000
v 3.675000 1.050001 9.575000
v 3.675000 1.050001 10.225000
v 3.675000 0.175001 9.349999
v 4.325000 0.175001 9.349999
v 3.675000 0.825001 9.349999
v 4.325000 0.825001 9.349999
v 4.550000 0.825001 9.575000
v 4.550000 0.175001 9.575000
v 4.550000 0.825001 10.225000
v 4.550000 0.175001 10.225000
v 4.500000 0.000001 10.400000
v 4.500000 1.000001 10.400000
v 3.500000 0.000001 10.400000
v 3.500000 1.000001 10.400000
v 4.500000 1.000001 9.400000
v 4.500000 0.000001 9.400000
v 3.500000 0.000001 9.400000
v 3.500000 1.000001 9.400000
v 5.171576 0.175001 10.515380
v 4.543724 0.175001 10.347140
v 5.171576 0.825001 10.515380
v 4.543724 0.825001 10.347140
v 4.552857 0.175001 9.443724
v 4.552857 0.825001 9.443724
v 4.384624 0.175001 10.071580
v 4.384624 0.825001 10.071580
v 5.229810 -0.049999 10.298040
v 5.398042 -0.049999 9.670190
v 4.601958 -0.049999 10.129810
v 4.770190 -0.049999 9.501958
v 5.398042 1.050001 9.670190
v 5.229810 1.050001 10.298040
v 4.770190 1.050001 9.501958
v 4.601958 1.050001 10.129810
v 4.828424 0.175001 9.284624
v 5.456276 0.175001 9.452857
v 4.828424 0.825001 9.284624
v 5.456276 0.825001 9.452857
v 5.615376 0.825001 9.728424
v 5.615376 0.175001 9.728424
v 5.447143 0.825001 10.356280
v 5.447143 0.175001 10.356280
v 5.353553 0.000001 10.512370
v 5.353553 1.000001 10.512370
v 4.387628 0.000001 10.253550
v 4.387628 1.000001 10.253550
v 5.612372 1.000001 9.546446
v 5.612372 0.000001 9.546446
v 4.646447 0.000001 9.287627
v 4.646447 1.000001 9.287627
v 5.300000 0.000001 10.550000
v 5.500000 0.000001 10.550000
v 5.300000 0.000001 10.450000
v 5.500000 0.000001 10.450000
v 5.500000 1.000001 10.550000
v 5.300000 1.000001 10.550000
v 5.500000 1.000001 10.450000
v 5.300000 1.000001 10.450000
v 3.500000 0.000001 10.550000
v 3.700000 0.000001 10.550000
v 3.500000 0.000001 10.450000
v 3.700000 0.000001 10.450000
v 3.700000 1.000001 10.550000
v 3.500000 1.000001 10.550000
v 3.700000 1.000001 10.450000
v 3.500000 1.000001 10.450000
v 3.700000 0.900001 10.475000
v 5.300000 0.900001 10.475000
v 3.700000 0.900001 10.525000
v 5.300000 0.900001 10.525000
v 3.700000 0.800001 10.475000
v 5.300000 0.800001 10.475000
v 3.700000 0.800001 10.525000
v 5.300000 0.800001 10.525000
v 5.221527 0.973744 10.575000
v 5.178421 0.023989 10.575000
v 5.021579 0.976013 10.575000
v 4.978473 0.026257 10.575000
v 4.978473 0.026257 10.525000
v 5.021579 0.976013 10.525000
v 5.178421 0.023989 10.525000
v 5.221527 0.973744 10.525000
v 3.968448 0.976397 10.575000
v 4.031443 0.026920 10.575000
v 3.768558 0.973082 10.575000
v 3.831553 0.023604 10.575000
v 3.831553 0.023604 10.525000
v 3.768558 0.973082 10.525000
v 4.031443 0.026920 10.525000
v 3.968448 0.976397 10.525000
v 4.629791 0.973196 10.575000
v 4.570111 0.023665 10.575000
v 4.429890 0.976337 10.575000
v 4.370209 0.026806 10.575000
v 4.370209 0.026806 10.525000
v 4.429890 0.976337 10.525000
v 4.570111 0.023665 10.525000
v 4.629791 0.973196 10.525000
v 3.700000 0.200001 10.475000
v 5.300000 0.200001 10.475000
v 3.700000 0.200001 10.525000
v 5.300000 0.200001 10.525000
v 3.700000 0.100001 10.475000
v 5.300000 0.100001 10.475000
v 3.700000 0.100001 10.525000
v 5.300000 0.100001 10.525000
v 4.879035 1.000938 10.550000
v 4.920920 0.001158 10.550000
v 4.679080 0.998844 10.550000
v 4.720964 -0.000937 10.550000
v 4.720964 -0.000937 10.525000
v 4.679080 0.998844 10.525000
v 4.920920 0.001158 10.525000
v 4.879035 1.000938 10.525000
v 4.300000 1.000001 10.550000
v 4.300000 0.000001 10.550000
v 4.100000 1.000001 10.550000
v 4.100000 0.000001 10.550000
v 4.100000 0.000001 10.525000
v 4.100000 1.000001 10.525000
v 4.300000 0.000001 10.525000
v 4.300000 1.000001 10.525000
v 7.300000 0.000001 10.550000
v 7.500000 0.000001 10.550000
v 7.300000 0.000001 10.450000
v 7.500000 0.000001 10.450000
v 7.500000 1.000001 10.550000
v 7.300000 1.000001 10.550000
v 7.500000 1.000001 10.450000
v 7.300000 1.000001 10.450000
v 5.700000 0.000001 10.550000
v 5.700000 0.000001 10.450000
v 5.700000 1.000001 10.550000
v 5.700000 1.000001 10.450000
v 5.700000 0.900001 10.475000
v 7.300000 0.900001 10.475000
v 5.700000 0.900001 10.525000
v 7.300000 0.900001 10.525000
v 5.700000 0.800001 10.475000
v 7.300000 0.800001 10.475000
v 5.700000 0.800001 10.525000
v 7.300000 0.800001 10.525000
v 7.221527 0.973744 10.575000
v 7.178421 0.023989 10.575000
v 7.021579 0.976013 10.575000
v 6.978473 0.026257 10.575000
v 6.978473 0.026257 10.525000
v 7.021579 0.976013 10.525000
v 7.178421 0.023989 10.525000
v 7.221527 0.973744 10.525000
v 5.968448 0.976397 10.575000
v 6.031443 0.026920 10.575000
v 5.768558 0.973082 10.575000
v 5.831553 0.023604 10.575000
v 5.831553 0.023604 10.525000
v 5.768558 0.973082 10.525000
v 6.031443 0.026920 10.525000
v 5.968448 0.976397 10.525000
v 6.629791 0.973196 10.575000
v 6.570111 0.023665 10.575000
v 6.429890 0.976337 10.575000
v 6.370209 0.026806 10.575000
v 6.370209 0.026806 10.525000
v 6.429890 0.976337 10.525000
v 6.570111 0.023665 10.525000
v 6.629791 0.973196 10.525000
v 5.700000 0.200001 10.475000
v 7.300000 0.200001 10.475000
v 5.700000 0.200001 10.525000
v 7.300000 0.200001 10.525000
v 5.700000 0.100001 10.475000
v 7.300000 0.100001 10.475000
v 5.700000 0.100001 10.525000
v 7.300000 0.100001 10.525000
v 6.879035 1.000938 10.550000
v 6.920920 0.001158 10.550000
v 6.679080 0.998844 10.550000
v 6.720964 -0.000937 10.550000
v 6.720964 -0.000937 10.525000
v 6.679080 0.998844 10.525000
v 6.920920 0.001158 10.525000
v 6.879035 1.000938 10.525000
v 6.300000 1.000001 10.550000
v 6.300000 0.000001 10.550000
v 6.100000 1.000001 10.550000
v 6.100000 0.000001 10.550000
v 6.100000 0.000001 10.525000
v 6.100000 1.000001 10.525000
v 6.300000 0.000001 10.525000
v 6.300000 1.000001 10.525000
v 6.171576 0.175001 10.515380
v 5.543724 0.175001 10.347140
v 6.171576 0.825001 10.515380
v 5.543724 0.825001 10.347140
v 5.552857 0.175001 9.443724
v 5.552857 0.825001 9.443724
v 5.384624 0.175001 10.071580
v 5.384624 0.825001 10.071580
v 6.229810 -0.049999 10.298040
v 6.398042 -0.049999 9.670190
v 5.601958 -0.049999 10.129810
v 5.770190 -0.049999 9.501958
v 6.398042 1.050001 9.670190
v 6.229810 1.050001 10.298040
v 5.770190 1.050001 9.501958
v 5.601958 1.050001 10.129810
v 5.828424 0.175001 9.284624
v 6.456276 0.175001 9.452857
v 5.828424 0.825001 9.284624
v 6.456276 0.825001 9.452857
v 6.615376 0.825001 9.728424
v 6.615376 0.175001 9.728424
v 6.447143 0.825001 10.356280
v 6.447143 0.175001 10.356280
v 6.353553 0.000001 10.512370
v 6.353553 1.000001 10.512370
v 5.387628 0.000001 10.253550
v 5.387628 1.000001 10.253550
v 6.612372 1.000001 9.546446
v 6.612372 0.000001 9.546446
v 5.646447 0.000001 9.287627
v 5.646447 1.000001 9.287627
v 39.875000 4.265957 -0.060305
v 40.125000 4.265957 -0.060305
v 39.875000 4.508634 0.066292
v 40.125000 4.508634 0.066292
v 40.125000 4.395604 0.273782
v 39.875000 4.395604 0.273782
v 40.125000 4.555226 0.414644
v 39.875000 4.555226 0.414644
v 40.125000 4.966932 0.728292
v 40.125000 5.000000 1.000000
v 39.875000 4.966932 0.728292
v 39.875000 5.000000 1.000000
v 40.125000 4.777778 1.000000
v 40.125000 4.752059 0.788671
v 40.125000 4.676403 0.589680
v 40.125000 4.869660 0.472446
v 40.125000 4.713862 0.247400
v 40.125000 4.206856 0.175318
v 40.125000 4.000000 0.125000
v 40.125000 1.500000 0.125000
v 40.125000 4.000000 -0.125000
v 40.125000 1.500000 -0.125000
v 40.250000 5.000000 1.500000
v 40.250000 5.000000 2.000000
v 39.750000 5.000000 2.000000
v 39.750000 5.000000 1.500000
v 39.875000 4.206856 0.175318
v 39.875000 4.869660 0.472446
v 39.875000 4.000000 0.125000
v 40.250000 4.777778 2.000000
v 39.750000 4.777778 2.000000
v 39.875000 4.752059 0.788671
v 39.875000 4.777778 1.000000
v 39.875000 4.000000 -0.125000
v 40.250000 4.777778 1.500000
v 39.875000 4.713862 0.247400
v 39.750000 4.777778 1.500000
v 39.875000 4.676403 0.589680
v 39.875000 1.500000 -0.125000
v 39.875000 1.500000 0.125000
v 39.750000 1.000000 -0.250000
v 39.750000 1.000000 0.250000
v 40.250000 1.000000 -0.250000
v 40.250000 1.000000 0.250000
v 39.750000 -0.000000 -0.250000
v 40.250000 -0.000000 -0.250000
v 39.750000 0.000000 0.250000
v 40.250000 0.000000 0.250000
v 27.500000 -0.100000 -3.500000
v 39.500000 -0.100000 -3.500000
v 27.500000 -0.000000 -3.500000
v 39.500000 -0.000000 -3.500000
v 39.299999 0.000000 3.550000
v 39.500000 0.000000 3.550000
v 39.299999 0.000000 3.450000
v 39.500000 0.000000 3.450000
v 39.500000 1.000000 3.550000
v 39.299999 1.000000 3.550000
v 39.500000 1.000000 3.450000
v 39.299999 1.000000 3.450000
v 37.500000 0.000000 3.550000
v 37.700001 0.000000 3.550000
v 37.500000 0.000000 3.450000
v 37.700001 0.000000 3.450000
v 37.700001 1.000000 3.550000
v 37.500000 1.000000 3.550000
v 37.700001 1.000000 3.450000
v 37.500000 1.000000 3.450000
v 37.700001 0.900000 3.475000
v 39.299999 0.900000 3.475000
v 37.700001 0.900000 3.525000
v 39.299999 0.900000 3.525000
v 37.700001 0.800000 3.475000
v 39.299999 0.800000 3.475000
v 37.700001 0.800000 3.525000
v 39.299999 0.800000 3.525000
v 39.221531 0.973744 3.575000
v 39.178421 0.023988 3.575000
v 39.021580 0.976012 3.575000
v 38.978470 0.026257 3.575000
v 38.978470 0.026257 3.525000
v 39.021580 0.976012 3.525000
v 39.178421 0.023988 3.525000
v 39.221531 0.973744 3.525000
v 37.968449 0.976397 3.575000
v 38.031441 0.026919 3.575000
v 37.768559 0.973081 3.575000
v 37.831551 0.023604 3.575000
v 37.831551 0.023604 3.525000
v 37.768559 0.973081 3.525000
v 38.031441 0.026919 3.525000
v 37.968449 0.976397 3.525000
v 38.629791 0.973195 3.575000
v 38.570110 0.023664 3.575000
v 38.429890 0.976336 3.575000
v 38.370209 0.026805 3.575000
v 38.370209 0.026805 3.525000
v 38.429890 0.976336 3.525000
v 38.570110 0.023664 3.525000
v 38.629791 0.973195 3.525000
v 37.700001 0.200000 3.475000
v 39.299999 0.200000 3.475000
v 37.700001 0.200000 3.525000
v 39.299999 0.200000 3.525000
v 37.700001 0.100000 3.475000
v 39.299999 0.100000 3.475000
v 37.700001 0.100000 3.525000
v 39.299999 0.100000 3.525000
v 38.879040 1.000937 3.550000
v 38.920921 0.001157 3.550000
v 38.679081 0.998843 3.550000
v 38.720959 -0.000937 3.550000
v 38.720959 -0.000937 3.525000
v 38.679081 0.998843 3.525000
v 38.920921 0.001157 3.525000
v 38.879040 1.000937 3.525000
v 38.299999 1.000000 3.550000
v 38.299999 0.000000 3.550000
v 38.099998 1.000000 3.550000
v 38.099998 0.000000 3.550000
v 38.099998 0.000000 3.525000
v 38.099998 1.000000 3.525000
v 38.299999 0.000000 3.525000
v 38.299999 1.000000 3.525000
v 39.450001 0.000000 3.300000
v 39.450001 0.000000 3.500000
v 39.549999 0.000000 3.300000
v 39.549999 0.000000 3.500000
v 39.450001 1.000000 3.500000
v 39.450001 1.000000 3.300000
v 39.549999 1.000000 3.500000
v 39.549999 1.000000 3.300000
v 39.450001 0.000000 1.500000
v 39.450001 0.000000 1.700000
v 39.549999 0.000000 1.500000
v 39.549999 0.000000 1.700000
v 39.450001 1.000000 1.700000
v 39.450001 1.000000 1.500000
v 39.549999 1.000000 1.700000
v 39.549999 1.000000 1.500000
v 39.525002 0.900000 1.700000
v 39.525002 0.900000 3.300000
v 39.474998 0.900000 1.700000
v 39.474998 0.900000 3.300000
v 39.525002 0.800000 1.700000
v 39.525002 0.800000 3.300000
v 39.474998 0.800000 1.700000
v 39.474998 0.800000 3.300000
v 39.424999 0.973744 3.221527
v 39.424999 0.023988 3.178421
v 39.424999 0.976012 3.021579
v 39.424999 0.026257 2.978473
v 39.474998 0.026257 2.978473
v 39.474998 0.976012 3.021579
v 39.474998 0.023988 3.178421
v 39.474998 0.973744 3.221527
v 39.424999 0.976397 1.968448
v 39.424999 0.026919 2.031443
v 39.424999 0.973081 1.768558
v 39.424999 0.023604 1.831553
v 39.474998 0.023604 1.831553
v 39.474998 0.973081 1.768558
v 39.474998 0.026919 2.031443
v 39.474998 0.976397 1.968448
v 39.424999 0.973195 2.629791
v 39.424999 0.023664 2.570111
v 39.424999 0.976336 2.429890
v 39.424999 0.026805 2.370209
v 39.474998 0.026805 2.370209
v 39.474998 0.976336 2.429890
v 39.474998 0.023664 2.570111
v 39.474998 0.973195 2.629791
v 39.525002 0.200000 1.700000
v 39.525002 0.200000 3.300000
v 39.474998 0.200000 1.700000
v 39.474998 0.200000 3.300000
v 39.525002 0.100000 1.700000
v 39.525002 0.100000 3.300000
v 39.474998 0.100000 1.700000
v 39.474998 0.100000 3.300000
v 39.450001 1.000937 2.879035
v 39.450001 0.001157 2.920920
v 39.450001 0.998843 2.679080
v 39.450001 -0.000937 2.720964
v 39.474998 -0.000937 2.720964
v 39.474998 0.998843 2.679080
v 39.474998 0.001157 2.920920
v 39.474998 1.000937 2.879035
v 39.450001 1.000000 2.300000
v 39.450001 0.000000 2.300000
v 39.450001 1.000000 2.100000
v 39.450001 0.000000 2.100000
v 39.474998 0.000000 2.100000
v 39.474998 1.000000 2.100000
v 39.474998 0.000000 2.300000
v 39.474998 1.000000 2.300000
v 39.450001 0.000000 1.300000
v 39.450001 0.000000 1.500000
v 39.549999 0.000000 1.300000
v 39.549999 0.000000 1.500000
v 39.450001 1.000000 1.500000
v 39.450001 1.000000 1.300000
v 39.549999 1.000000 1.500000
v 39.549999 1.000000 1.300000
v 39.450001 -0.000000 -0.500000
v 39.450001 -0.000000 -0.300000
v 39.549999 -0.000000 -0.500000
v 39.549999 -0.000000 -0.300000
v 39.450001 1.000000 -0.300000
v 39.450001 1.000000 -0.500000
v 39.549999 1.000000 -0.300000
v 39.549999 1.000000 -0.500000
v 39.525002 0.900000 -0.300000
v 39.525002 0.900000 1.300000
v 39.474998 0.900000 -0.300000
v 39.474998 0.900000 1.300000
v 39.525002 0.800000 -0.300000
v 39.525002 0.800000 1.300000
v 39.474998 0.800000 -0.300000
v 39.474998 0.800000 1.300000
v 39.424999 0.973743 1.221527
v 39.424999 0.023988 1.178421
v 39.424999 0.976012 1.021579
v 39.424999 0.026257 0.978473
v 39.474998 0.026257 0.978473
v 39.474998 0.976012 1.021579
v 39.474998 0.023988 1.178421
v 39.474998 0.973743 1.221527
v 39.424999 0.976397 -0.031552
v 39.424999 0.026919 0.031443
v 39.424999 0.973081 -0.231442
v 39.424999 0.023603 -0.168447
v 39.474998 0.023603 -0.168447
v 39.474998 0.973081 -0.231442
v 39.474998 0.026919 0.031443
v 39.474998 0.976397 -0.031552
v 39.424999 0.973195 0.629791
v 39.424999 0.023664 0.570111
v 39.424999 0.976336 0.429890
v 39.424999 0.026805 0.370209
v 39.474998 0.026805 0.370209
v 39.474998 0.976336 0.429890
v 39.474998 0.023664 0.570111
v 39.474998 0.973195 0.629791
v 39.525002 0.200000 -0.300000
v 39.525002 0.200000 1.300000
v 39.474998 0.200000 -0.300000
v 39.474998 0.200000 1.300000
v 39.525002 0.100000 -0.300000
v 39.525002 0.100000 1.300000
v 39.474998 0.100000 -0.300000
v 39.474998 0.100000 1.300000
v 39.450001 1.000937 0.879036
v 39.450001 0.001157 0.920920
v 39.450001 0.998843 0.679079
v 39.450001 -0.000937 0.720964
v 39.474998 -0.000937 0.720964
v 39.474998 0.998843 0.679079
v 39.474998 0.001157 0.920920
v 39.474998 1.000937 0.879036
v 39.450001 1.000000 0.300000
v 39.450001 0.000000 0.300000
v 39.450001 1.000000 0.100000
v 39.450001 0.000000 0.100000
v 39.474998 0.000000 0.100000
v 39.474998 1.000000 0.100000
v 39.474998 0.000000 0.300000
v 39.474998 1.000000 0.300000
v 37.700001 -0.000000 -0.550000
v 37.500000 -0.000000 -0.550000
v 37.700001 -0.000000 -0.450000
v 37.500000 -0.000000 -0.450000
v 37.500000 1.000000 -0.550000
v 37.700001 1.000000 -0.550000
v 37.500000 1.000000 -0.450000
v 37.700001 1.000000 -0.450000
v 39.500000 -0.000000 -0.550000
v 39.299999 -0.000000 -0.550000
v 39.500000 -0.000000 -0.450000
v 39.299999 -0.000000 -0.450000
v 39.299999 1.000000 -0.550000
v 39.500000 1.000000 -0.550000
v 39.299999 1.000000 -0.450000
v 39.500000 1.000000 -0.450000
v 39.299999 0.900000 -0.475000
v 37.700001 0.900000 -0.475000
v 39.299999 0.900000 -0.525000
v 37.700001 0.900000 -0.525000
v 39.299999 0.800000 -0.475000
v 37.700001 0.800000 -0.475000
v 39.299999 0.800000 -0.525000
v 37.700001 0.800000 -0.525000
v 37.778469 0.973743 -0.575000
v 37.821579 0.023988 -0.575000
v 37.978420 0.976012 -0.575000
v 38.021530 0.026257 -0.575000
v 38.021530 0.026257 -0.525000
v 37.978420 0.976012 -0.525000
v 37.821579 0.023988 -0.525000
v 37.778469 0.973743 -0.525000
v 39.031551 0.976397 -0.575000
v 38.968559 0.026919 -0.575000
v 39.231441 0.973081 -0.575000
v 39.168449 0.023603 -0.575000
v 39.168449 0.023603 -0.525000
v 39.231441 0.973081 -0.525000
v 38.968559 0.026919 -0.525000
v 39.031551 0.976397 -0.525000
v 38.370209 0.973195 -0.575000
v 38.429890 0.023664 -0.575000
v 38.570110 0.976336 -0.575000
v 38.629791 0.026805 -0.575000
v 38.629791 0.026805 -0.525000
v 38.570110 0.976336 -0.525000
v 38.429890 0.023664 -0.525000
v 38.370209 0.973195 -0.525000
v 39.299999 0.200000 -0.475000
v 37.700001 0.200000 -0.475000
v 39.299999 0.200000 -0.525000
v 37.700001 0.200000 -0.525000
v 39.299999 0.100000 -0.475000
v 37.700001 0.100000 -0.475000
v 39.299999 0.100000 -0.525000
v 37.700001 0.100000 -0.525000
v 38.120960 1.000937 -0.550000
v 38.079079 0.001157 -0.550000
v 38.320919 0.998843 -0.550000
v 38.279041 -0.000938 -0.550000
v 38.279041 -0.000938 -0.525000
v 38.320919 0.998843 -0.525000
v 38.079079 0.001157 -0.525000
v 38.120960 1.000937 -0.525000
v 38.700001 1.000000 -0.550000
v 38.700001 -0.000000 -0.550000
v 38.900002 1.000000 -0.550000
v 38.900002 -0.000000 -0.550000
v 38.900002 -0.000000 -0.525000
v 38.900002 1.000000 -0.525000
v 38.700001 -0.000000 -0.525000
v 38.700001 1.000000 -0.525000
v 0.450000 0.000001 7.400000
v 0.450000 0.000001 7.500000
v 0.550000 0.000001 7.400000
v 0.550000 0.000001 7.500000
v 0.450000 0.500001 7.500000
v 0.450000 0.500001 7.400000
v 0.550000 0.500001 7.500000
v 0.550000 0.500001 7.400000
v 0.450000 0.000000 6.500000
v 0.450000 0.000000 6.600000
v 0.550000 0.000000 6.500000
v 0.550000 0.000000 6.600000
v 0.450000 0.500000 6.600000
v 0.450000 0.500000 6.500000
v 0.550000 0.500000 6.600000
v 0.550000 0.500000 6.500000
v 0.525000 0.400000 6.600000
v 0.525000 0.400001 7.400000
v 0.475000 0.400000 6.600000
v 0.475000 0.400001 7.400000
v 0.525000 0.300001 6.600000
v 0.525000 0.300001 7.400000
v 0.475000 0.300001 6.600000
v 0.475000 0.300001 7.400000
v 0.450000 0.000000 6.400000
v 0.450000 0.000000 6.500000
v 0.550000 0.000000 6.400000
v 0.550000 0.000000 6.500000
v 0.450000 0.500000 6.500000
v 0.450000 0.500000 6.400000
v 0.550000 0.500000 6.500000
v 0.550000 0.500000 6.400000
v 0.450000 0.000000 5.500000
v 0.450000 0.000000 5.600000
v 0.550000 0.000000 5.500000
v 0.550000 0.000000 5.600000
v 0.450000 0.500000 5.600000
v 0.450000 0.500000 5.500000
v 0.550000 0.500000 5.600000
v 0.550000 0.500000 5.500000
v 0.525000 0.400000 5.600000
v 0.525000 0.400000 6.400000
v 0.475000 0.400000 5.600000
v 0.475000 0.400000 6.400000
v 0.525000 0.300000 5.600000
v 0.525000 0.300000 6.400000
v 0.475000 0.300000 5.600000
v 0.475000 0.300000 6.400000
v 2.300000 0.000000 6.550000
v 2.500000 0.000000 6.550000
v 2.300000 0.000000 6.450000
v 2.500000 0.000000 6.450000
v 2.500000 1.000000 6.550000
v 2.300000 1.000000 6.550000
v 2.500000 1.000000 6.450000
v 2.300000 1.000000 6.450000
v 0.500000 0.000000 6.550000
v 0.700000 0.000000 6.550000
v 0.500000 0.000000 6.450000
v 0.700000 0.000000 6.450000
v 0.700000 1.000000 6.550000
v 0.500000 1.000000 6.550000
v 0.700000 1.000000 6.450000
v 0.500000 1.000000 6.450000
v 0.700000 0.900000 6.475000
v 2.300000 0.900000 6.475000
v 0.700000 0.900000 6.525000
v 2.300000 0.900000 6.525000
v 0.700000 0.800000 6.475000
v 2.300000 0.800000 6.475000
v 0.700000 0.800000 6.525000
v 2.300000 0.800000 6.525000
v 2.221527 0.973744 6.575000
v 2.178421 0.023988 6.575000
v 2.021579 0.976013 6.575000
v 1.978473 0.026257 6.575000
v 1.978473 0.026257 6.525000
v 2.021579 0.976013 6.525000
v 2.178421 0.023988 6.525000
v 2.221527 0.973744 6.525000
v 0.968448 0.976397 6.575000
v 1.031443 0.026919 6.575000
v 0.768558 0.973082 6.575000
v 0.831553 0.023604 6.575000
v 0.831553 0.023604 6.525000
v 0.768558 0.973082 6.525000
v 1.031443 0.026919 6.525000
v 0.968448 0.976397 6.525000
v 1.629791 0.973195 6.575000
v 1.570111 0.023664 6.575000
v 1.429890 0.976337 6.575000
v 1.370209 0.026805 6.575000
v 1.370209 0.026805 6.525000
v 1.429890 0.976337 6.525000
v 1.570111 0.023664 6.525000
v 1.629791 0.973195 6.525000
v 0.700000 0.200000 6.475000
v 2.300000 0.200000 6.475000
v 0.700000 0.200000 6.525000
v 2.300000 0.200000 6.525000
v 0.700000 0.100000 6.475000
v 2.300000 0.100000 6.475000
v 0.700000 0.100000 6.525000
v 2.300000 0.100000 6.525000
v 1.879036 1.000937 6.550000
v 1.920920 0.001157 6.550000
v 1.679080 0.998844 6.550000
v 1.720964 -0.000937 6.550000
v 1.720964 -0.000937 6.525000
v 1.679080 0.998844 6.525000
v 1.920920 0.001157 6.525000
v 1.879036 1.000937 6.525000
v 1.300000 1.000000 6.550000
v 1.300000 0.000000 6.550000
v 1.100000 1.000000 6.550000
v 1.100000 0.000000 6.550000
v 1.100000 0.000000 6.525000
v 1.100000 1.000000 6.525000
v 1.300000 0.000000 6.525000
v 1.300000 1.000000 6.525000
v 11.600000 0.000001 13.450000
v 11.600000 0.000001 13.550000
v 11.600000 0.500001 13.450000
v 11.600000 0.500001 13.550000
v 12.500000 0.000001 13.450000
v 12.400000 0.000001 13.450000
v 12.500000 0.000001 13.550000
v 12.400000 0.000001 13.550000
v 12.400000 0.500001 13.450000
v 12.500000 0.500001 13.450000
v 12.400000 0.500001 13.550000
v 12.500000 0.500001 13.550000
v 12.400000 0.400001 13.525000
v 11.600000 0.400001 13.525000
v 12.400000 0.400001 13.475000
v 11.600000 0.400001 13.475000
v 12.400000 0.300001 13.525000
v 11.600000 0.300001 13.525000
v 12.400000 0.300001 13.475000
v 11.600000 0.300001 13.475000
v 0.450000 0.000000 3.400000
v 0.450000 0.000000 3.500000
v 0.550000 0.000000 3.400000
v 0.550000 0.000000 3.500000
v 0.450000 0.500000 3.500000
v 0.450000 0.500000 3.400000
v 0.550000 0.500000 3.500000
v 0.550000 0.500000 3.400000
v 0.450000 0.000000 2.500000
v 0.450000 0.000000 2.600000
v 0.550000 0.000000 2.500000
v 0.550000 0.000000 2.600000
v 0.450000 0.500000 2.600000
v 0.450000 0.500000 2.500000
v 0.550000 0.500000 2.600000
v 0.550000 0.500000 2.500000
v 0.525000 0.400000 2.600000
v 0.525000 0.400000 3.400000
v 0.475000 0.400000 2.600000
v 0.475000 0.400000 3.400000
v 0.525000 0.300000 2.600000
v 0.525000 0.300000 3.400000
v 0.475000 0.300000 2.600000
v 0.475000 0.300000 3.400000
v 0.450000 0.000000 2.400000
v 0.450000 0.000000 2.500000
v 0.550000 0.000000 2.400000
v 0.550000 0.000000 2.500000
v 0.450000 0.500000 2.500000
v 0.450000 0.500000 2.400000
v 0.550000 0.500000 2.500000
v 0.550000 0.500000 2.400000
v 0.450000 0.000000 1.500000
v 0.450000 0.000000 1.600000
v 0.550000 0.000000 1.500000
v 0.550000 0.000000 1.600000
v 0.450000 0.500000 1.600000
v 0.450000 0.500000 1.500000
v 0.550000 0.500000 1.600000
v 0.550000 0.500000 1.500000
v 0.525000 0.400000 1.600000
v 0.525000 0.400000 2.400000
v 0.475000 0.400000 1.600000
v 0.475000 0.400000 2.400000
v 0.525000 0.300000 1.600000
v 0.525000 0.300000 2.400000
v 0.475000 0.300000 1.600000
v 0.475000 0.300000 2.400000
v 0.450000 0.000000 5.400000
v 0.450000 0.000000 5.500000
v 0.550000 0.000000 5.400000
v 0.550000 0.000000 5.500000
v 0.450000 0.500000 5.500000
v 0.450000 0.500000 5.400000
v 0.550000 0.500000 5.500000
v 0.550000 0.500000 5.400000
v 0.450000 0.000000 4.500000
v 0.450000 0.000000 4.600000
v 0.550000 0.000000 4.500000
v 0.550000 0.000000 4.600000
v 0.450000 0.500000 4.600000
v 0.450000 0.500000 4.500000
v 0.550000 0.500000 4.600000
v 0.550000 0.500000 4.500000
v 0.525000 0.400000 4.600000
v 0.525000 0.400000 5.400000
v 0.475000 0.400000 4.600000
v 0.475000 0.400000 5.400000
v 0.525000 0.300000 4.600000
v 0.525000 0.300000 5.400000
v 0.475000 0.300000 4.600000
v 0.475000 0.300000 5.400000
v 0.450000 0.000000 4.400000
v 0.450000 0.000000 4.500000
v 0.550000 0.000000 4.400000
v 0.550000 0.000000 4.500000
v 0.450000 0.500000 4.500000
v 0.450000 0.500000 4.400000
v 0.550000 0.500000 4.500000
v 0.550000 0.500000 4.400000
v 0.450000 0.000000 3.500000
v 0.450000 0.000000 3.600000
v 0.550000 0.000000 3.500000
v 0.550000 0.000000 3.600000
v 0.450000 0.500000 3.600000
v 0.450000 0.500000 3.500000
v 0.550000 0.500000 3.600000
v 0.550000 0.500000 3.500000
v 0.525000 0.400000 3.600000
v 0.525000 0.400000 4.400000
v 0.475000 0.400000 3.600000
v 0.475000 0.400000 4.400000
v 0.525000 0.300000 3.600000
v 0.525000 0.300000 4.400000
v 0.475000 0.300000 3.600000
v 0.475000 0.300000 4.400000
v 0.450000 0.000000 1.400000
v 0.450000 0.000000 1.500000
v 0.550000 0.000000 1.400000
v 0.550000 0.000000 1.500000
v 0.450000 0.500000 1.500000
v 0.450000 0.500000 1.400000
v 0.550000 0.500000 1.500000
v 0.550000 0.500000 1.400000
v 0.450000 0.000000 0.500000
v 0.450000 0.000000 0.600000
v 0.550000 0.000000 0.500000
v 0.550000 0.000000 0.600000
v 0.450000 0.500000 0.600000
v 0.450000 0.500000 0.500000
v 0.550000 0.500000 0.600000
v 0.550000 0.500000 0.500000
v 0.525000 0.400000 0.600000
v 0.525000 0.400000 1.400000
v 0.475000 0.400000 0.600000
v 0.475000 0.400000 1.400000
v 0.525000 0.300000 0.600000
v 0.525000 0.300000 1.400000
v 0.475000 0.300000 0.600000
v 0.475000 0.300000 1.400000
v 39.450001 0.000000 5.400000
v 39.450001 0.000000 5.500000
v 39.549999 0.000000 5.400000
v 39.549999 0.000000 5.500000
v 39.450001 0.500000 5.500000
v 39.450001 0.500000 5.400000
v 39.549999 0.500000 5.500000
v 39.549999 0.500000 5.400000
v 39.450001 0.000000 4.500000
v 39.450001 0.000000 4.600000
v 39.549999 0.000000 4.500000
v 39.549999 0.000000 4.600000
v 39.450001 0.500000 4.600000
v 39.450001 0.500000 4.500000
v 39.549999 0.500000 4.600000
v 39.549999 0.500000 4.500000
v 39.525002 0.400000 4.600000
v 39.525002 0.400000 5.400000
v 39.474998 0.400000 4.600000
v 39.474998 0.400000 5.400000
v 39.525002 0.300000 4.600000
v 39.525002 0.300000 5.400000
v 39.474998 0.300000 4.600000
v 39.474998 0.300000 5.400000
v 39.450001 0.000000 4.400000
v 39.549999 0.000000 4.400000
v 39.450001 0.500000 4.400000
v 39.549999 0.500000 4.400000
v 39.450001 0.000000 3.600000
v 39.549999 0.000000 3.600000
v 39.450001 0.500000 3.600000
v 39.450001 0.500000 3.500000
v 39.549999 0.500000 3.600000
v 39.549999 0.500000 3.500000
v 39.525002 0.400000 3.600000
v 39.525002 0.400000 4.400000
v 39.474998 0.400000 3.600000
v 39.474998 0.400000 4.400000
v 39.525002 0.300000 3.600000
v 39.525002 0.300000 4.400000
v 39.474998 0.300000 3.600000
v 39.474998 0.300000 4.400000
v 39.450001 0.000001 17.400000
v 39.450001 0.000001 17.500000
v 39.549999 0.000001 17.400000
v 39.549999 0.000001 17.500000
v 39.450001 0.500001 17.500000
v 39.450001 0.500001 17.400000
v 39.549999 0.500001 17.500000
v 39.549999 0.500001 17.400000
v 39.450001 0.000001 16.500000
v 39.450001 0.000001 16.600000
v 39.549999 0.000001 16.500000
v 39.549999 0.000001 16.600000
v 39.450001 0.500001 16.600000
v 39.450001 0.500001 16.500000
v 39.549999 0.500001 16.600000
v 39.549999 0.500001 16.500000
v 39.525002 0.400001 16.600000
v 39.525002 0.400001 17.400000
v 39.474998 0.400001 16.600000
v 39.474998 0.400001 17.400000
v 39.525002 0.300001 16.600000
v 39.525002 0.300001 17.400000
v 39.474998 0.300001 16.600000
v 39.474998 0.300001 17.400000
v 39.450001 0.000001 16.400000
v 39.549999 0.000001 16.400000
v 39.450001 0.500001 16.400000
v 39.549999 0.500001 16.400000
v 39.450001 0.000001 15.500000
v 39.450001 0.000001 15.600000
v 39.549999 0.000001 15.500000
v 39.549999 0.000001 15.600000
v 39.450001 0.500001 15.600000
v 39.450001 0.500001 15.500000
v 39.549999 0.500001 15.600000
v 39.549999 0.500001 15.500000
v 39.525002 0.400001 15.600000
v 39.525002 0.400001 16.400000
v 39.474998 0.400001 15.600000
v 39.474998 0.400001 16.400000
v 39.525002 0.300001 15.600000
v 39.525002 0.300001 16.400000
v 39.474998 0.300001 15.600000
v 39.474998 0.300001 16.400000
v 39.450001 0.000001 19.400000
v 39.450001 0.000001 19.500000
v 39.549999 0.000001 19.400000
v 39.549999 0.000001 19.500000
v 39.450001 0.500001 19.500000
v 39.450001 0.500001 19.400000
v 39.549999 0.500001 19.500000
v 39.549999 0.500001 19.400000
v 39.450001 0.000001 18.500000
v 39.450001 0.000001 18.600000
v 39.549999 0.000001 18.500000
v 39.549999 0.000001 18.600000
v 39.450001 0.500001 18.600000
v 39.450001 0.500001 18.500000
v 39.549999 0.500001 18.600000
v 39.549999 0.500001 18.500000
v 39.525002 0.400001 18.600000
v 39.525002 0.400001 19.400000
v 39.474998 0.400001 18.600000
v 39.474998 0.400001 19.400000
v 39.525002 0.300001 18.600000
v 39.525002 0.300001 19.400000
v 39.474998 0.300001 18.600000
v 39.474998 0.300001 19.400000
v 39.450001 0.000001 18.400000
v 39.549999 0.000001 18.400000
v 39.450001 0.500001 18.400000
v 39.549999 0.500001 18.400000
v 39.450001 0.000001 17.600000
v 39.549999 0.000001 17.600000
v 39.450001 0.500001 17.600000
v 39.549999 0.500001 17.600000
v 39.525002 0.400001 17.600000
v 39.525002 0.400001 18.400000
v 39.474998 0.400001 17.600000
v 39.474998 0.400001 18.400000
v 39.525002 0.300001 17.600000
v 39.525002 0.300001 18.400000
v 39.474998 0.300001 17.600000
v 39.474998 0.300001 18.400000
v 39.450001 0.000001 15.400000
v 39.549999 0.000001 15.400000
v 39.450001 0.500001 15.400000
v 39.549999 0.500001 15.400000
v 39.450001 0.000001 14.500000
v 39.450001 0.000001 14.600000
v 39.549999 0.000001 14.500000
v 39.549999 0.000001 14.600000
v 39.450001 0.500001 14.600000
v 39.450001 0.500001 14.500000
v 39.549999 0.500001 14.600000
v 39.549999 0.500001 14.500000
v 39.525002 0.400001 14.600000
v 39.525002 0.400001 15.400000
v 39.474998 0.400001 14.600000
v 39.474998 0.400001 15.400000
v 39.525002 0.300001 14.600000
v 39.525002 0.300001 15.400000
v 39.474998 0.300001 14.600000
v 39.474998 0.300001 15.400000
v 17.500000 0.281877 6.390000
v 15.500000 0.281877 6.390000
v 17.500000 0.281877 5.610000
v 15.500000 0.281877 5.610000
v 15.500000 0.219377 5.610000
v 15.500000 0.219377 6.390000
v 17.500000 0.219377 6.390000
v 17.500000 0.219377 5.610000
v 17.360001 0.219377 5.820000
v 17.360001 0.219377 6.180000
v 17.379999 0.219377 5.820000
v 17.360001 0.219377 5.670000
v 17.459999 0.219377 6.180000
v 17.459999 0.219377 5.820000
v 17.459999 0.219377 6.330000
v 17.459999 0.219377 5.670000
v 17.360001 0.219377 6.330000
v 15.640000 0.219377 5.670000
v 15.540000 0.219377 5.670000
v 15.640000 0.219377 5.820000
v 15.540000 0.219377 6.180000
v 15.540000 0.219377 5.820000
v 15.620000 0.219377 5.820000
v 15.540000 0.219377 6.330000
v 15.640000 0.219377 6.180000
v 15.640000 0.219377 6.330000
v 15.640000 0.000000 6.330000
v 15.540000 0.000000 6.330000
v 17.459999 0.000000 6.180000
v 17.459999 0.000000 6.330000
v 15.540000 0.000000 5.670000
v 15.540000 0.000000 5.820000
v 15.640000 0.000000 6.180000
v 15.620000 0.000000 6.180000
v 15.540000 0.000000 6.180000
v 17.360001 0.165939 5.707500
v 17.360001 0.165939 5.782500
v 15.640000 0.165939 5.707500
v 15.640000 0.165939 5.782500
v 15.640000 0.000000 5.820000
v 15.640000 0.000000 5.670000
v 17.360001 0.000000 6.330000
v 15.615000 0.103439 6.180000
v 15.615000 0.103439 5.820000
v 15.565000 0.103439 6.180000
v 15.565000 0.103439 5.820000
v 17.379999 0.000000 6.180000
v 17.360001 0.000000 6.180000
v 15.565000 0.165939 5.820000
v 15.615000 0.165939 5.820000
v 15.565000 0.165939 6.180000
v 17.360001 0.000000 5.670000
v 17.459999 0.000000 5.670000
v 17.360001 0.103439 5.782500
v 17.360001 0.103439 5.707500
v 15.640000 0.103439 5.782500
v 15.640000 0.103439 5.707500
v 15.615000 0.165939 6.180000
v 17.434999 0.165939 6.180000
v 17.385000 0.165939 6.180000
v 17.434999 0.165939 5.820000
v 17.385000 0.165939 5.820000
v 17.360001 0.103439 6.292500
v 17.360001 0.103439 6.217500
v 15.640000 0.103439 6.292500
v 15.640000 0.103439 6.217500
v 17.434999 0.103439 6.180000
v 17.434999 0.103439 5.820000
v 17.385000 0.103439 6.180000
v 17.385000 0.103439 5.820000
v 17.459999 0.000000 5.820000
v 17.360001 0.165939 6.292500
v 15.640000 0.165939 6.292500
v 17.360001 0.165939 6.217500
v 15.640000 0.165939 6.217500
v 17.360001 0.000000 5.820000
v 15.600000 0.000001 19.450001
v 15.500000 0.000001 19.450001
v 15.600000 0.000001 19.549999
v 15.500000 0.000001 19.549999
v 15.500000 0.500001 19.450001
v 15.600000 0.500001 19.450001
v 15.500000 0.500001 19.549999
v 15.600000 0.500001 19.549999
v 16.500000 0.000001 19.450001
v 16.400000 0.000001 19.450001
v 16.500000 0.000001 19.549999
v 16.400000 0.000001 19.549999
v 16.400000 0.500001 19.450001
v 16.500000 0.500001 19.450001
v 16.400000 0.500001 19.549999
v 16.500000 0.500001 19.549999
v 16.400000 0.400001 19.525000
v 15.600000 0.400001 19.525000
v 16.400000 0.400001 19.475000
v 15.600000 0.400001 19.475000
v 16.400000 0.300001 19.525000
v 15.600000 0.300001 19.525000
v 16.400000 0.300001 19.475000
v 15.600000 0.300001 19.475000
v 14.600000 0.000001 19.450001
v 14.500000 0.000001 19.450001
v 14.600000 0.000001 19.549999
v 14.500000 0.000001 19.549999
v 14.500000 0.500001 19.450001
v 14.600000 0.500001 19.450001
v 14.500000 0.500001 19.549999
v 14.600000 0.500001 19.549999
v 15.400000 0.000001 19.450001
v 15.400000 0.000001 19.549999
v 15.400000 0.500001 19.450001
v 15.400000 0.500001 19.549999
v 15.400000 0.400001 19.525000
v 14.600000 0.400001 19.525000
v 15.400000 0.400001 19.475000
v 14.600000 0.400001 19.475000
v 15.400000 0.300001 19.525000
v 14.600000 0.300001 19.525000
v 15.400000 0.300001 19.475000
v 14.600000 0.300001 19.475000
v 16.600000 0.000001 19.450001
v 16.600000 0.000001 19.549999
v 16.600000 0.500001 19.450001
v 16.600000 0.500001 19.549999
v 17.500000 0.000001 19.450001
v 17.400000 0.000001 19.450001
v 17.500000 0.000001 19.549999
v 17.400000 0.000001 19.549999
v 17.400000 0.500001 19.450001
v 17.500000 0.500001 19.450001
v 17.400000 0.500001 19.549999
v 17.500000 0.500001 19.549999
v 17.400000 0.400001 19.525000
v 16.600000 0.400001 19.525000
v 17.400000 0.400001 19.475000
v 16.600000 0.400001 19.475000
v 17.400000 0.300001 19.525000
v 16.600000 0.300001 19.525000
v 17.400000 0.300001 19.475000
v 16.600000 0.300001 19.475000
v 17.600000 0.000001 19.450001
v 17.600000 0.000001 19.549999
v 17.600000 0.500001 19.450001
v 17.600000 0.500001 19.549999
v 18.500000 0.000001 19.450001
v 18.400000 0.000001 19.450001
v 18.500000 0.000001 19.549999
v 18.400000 0.000001 19.549999
v 18.400000 0.500001 19.450001
v 18.500000 0.500001 19.450001
v 18.400000 0.500001 19.549999
v 18.500000 0.500001 19.549999
v 18.400000 0.400001 19.525000
v 17.600000 0.400001 19.525000
v 18.400000 0.400001 19.475000
v 17.600000 0.400001 19.475000
v 18.400000 0.300001 19.525000
v 17.600000 0.300001 19.525000
v 18.400000 0.300001 19.475000
v 17.600000 0.300001 19.475000
v 19.600000 0.000001 19.450001
v 19.500000 0.000001 19.450001
v 19.600000 0.000001 19.549999
v 19.500000 0.000001 19.549999
v 19.500000 0.500001 19.450001
v 19.600000 0.500001 19.450001
v 19.500000 0.500001 19.549999
v 19.600000 0.500001 19.549999
v 20.500000 0.000001 19.450001
v 20.400000 0.000001 19.450001
v 20.500000 0.000001 19.549999
v 20.400000 0.000001 19.549999
v 20.400000 0.500001 19.450001
v 20.500000 0.500001 19.450001
v 20.400000 0.500001 19.549999
v 20.500000 0.500001 19.549999
v 20.400000 0.400001 19.525000
v 19.600000 0.400001 19.525000
v 20.400000 0.400001 19.475000
v 19.600000 0.400001 19.475000
v 20.400000 0.300001 19.525000
v 19.600000 0.300001 19.525000
v 20.400000 0.300001 19.475000
v 19.600000 0.300001 19.475000
v 18.600000 0.000001 19.450001
v 18.600000 0.000001 19.549999
v 18.600000 0.500001 19.450001
v 18.600000 0.500001 19.549999
v 19.400000 0.000001 19.450001
v 19.400000 0.000001 19.549999
v 19.400000 0.500001 19.450001
v 19.400000 0.500001 19.549999
v 19.400000 0.400001 19.525000
v 18.600000 0.400001 19.525000
v 19.400000 0.400001 19.475000
v 18.600000 0.400001 19.475000
v 19.400000 0.300001 19.525000
v 18.600000 0.300001 19.525000
v 19.400000 0.300001 19.475000
v 18.600000 0.300001 19.475000
v 20.600000 0.000001 19.450001
v 20.600000 0.000001 19.549999
v 20.600000 0.500001 19.450001
v 20.600000 0.500001 19.549999
v 21.500000 0.000001 19.450001
v 21.400000 0.000001 19.450001
v 21.500000 0.000001 19.549999
v 21.400000 0.000001 19.549999
v 21.400000 0.500001 19.450001
v 21.500000 0.500001 19.450001
v 21.400000 0.500001 19.549999
v 21.500000 0.500001 19.549999
v 21.400000 0.400001 19.525000
v 20.600000 0.400001 19.525000
v 21.400000 0.400001 19.475000
v 20.600000 0.400001 19.475000
v 21.400000 0.300001 19.525000
v 20.600000 0.300001 19.525000
v 21.400000 0.300001 19.475000
v 20.600000 0.300001 19.475000
v 21.600000 0.000001 19.450001
v 21.600000 0.000001 19.549999
v 21.600000 0.500001 19.450001
v 21.600000 0.500001 19.549999
v 22.500000 0.000001 19.450001
v 22.400000 0.000001 19.450001
v 22.500000 0.000001 19.549999
v 22.400000 0.000001 19.549999
v 22.400000 0.500001 19.450001
v 22.500000 0.500001 19.450001
v 22.400000 0.500001 19.549999
v 22.500000 0.500001 19.549999
v 22.400000 0.400001 19.525000
v 21.600000 0.400001 19.525000
v 22.400000 0.400001 19.475000
v 21.600000 0.400001 19.475000
v 22.400000 0.300001 19.525000
v 21.600000 0.300001 19.525000
v 22.400000 0.300001 19.475000
v 21.600000 0.300001 19.475000
v 23.600000 0.000001 19.450001
v 23.500000 0.000001 19.450001
v 23.600000 0.000001 19.549999
v 23.500000 0.000001 19.549999
v 23.500000 0.500001 19.450001
v 23.600000 0.500001 19.450001
v 23.500000 0.500001 19.549999
v 23.600000 0.500001 19.549999
v 24.500000 0.000001 19.450001
v 24.400000 0.000001 19.450001
v 24.500000 0.000001 19.549999
v 24.400000 0.000001 19.549999
v 24.400000 0.500001 19.450001
v 24.500000 0.500001 19.450001
v 24.400000 0.500001 19.549999
v 24.500000 0.500001 19.549999
v 24.400000 0.400001 19.525000
v 23.600000 0.400001 19.525000
v 24.400000 0.400001 19.475000
v 23.600000 0.400001 19.475000
v 24.400000 0.300001 19.525000
v 23.600000 0.300001 19.525000
v 24.400000 0.300001 19.475000
v 23.600000 0.300001 19.475000
v 22.600000 0.000001 19.450001
v 22.600000 0.000001 19.549999
v 22.600000 0.500001 19.450001
v 22.600000 0.500001 19.549999
v 23.400000 0.000001 19.450001
v 23.400000 0.000001 19.549999
v 23.400000 0.500001 19.450001
v 23.400000 0.500001 19.549999
v 23.400000 0.400001 19.525000
v 22.600000 0.400001 19.525000
v 23.400000 0.400001 19.475000
v 22.600000 0.400001 19.475000
v 23.400000 0.300001 19.525000
v 22.600000 0.300001 19.525000
v 23.400000 0.300001 19.475000
v 22.600000 0.300001 19.475000
v 24.600000 0.000001 19.450001
v 24.600000 0.000001 19.549999
v 24.600000 0.500001 19.450001
v 24.600000 0.500001 19.549999
v 25.500000 0.000001 19.450001
v 25.400000 0.000001 19.450001
v 25.500000 0.000001 19.549999
v 25.400000 0.000001 19.549999
v 25.400000 0.500001 19.450001
v 25.500000 0.500001 19.450001
v 25.400000 0.500001 19.549999
v 25.500000 0.500001 19.549999
v 25.400000 0.400001 19.525000
v 24.600000 0.400001 19.525000
v 25.400000 0.400001 19.475000
v 24.600000 0.400001 19.475000
v 25.400000 0.300001 19.525000
v 24.600000 0.300001 19.525000
v 25.400000 0.300001 19.475000
v 24.600000 0.300001 19.475000
v 25.600000 0.000001 19.450001
v 25.600000 0.000001 19.549999
v 25.600000 0.500001 19.450001
v 25.600000 0.500001 19.549999
v 26.500000 0.000001 19.450001
v 26.400000 0.000001 19.450001
v 26.500000 0.000001 19.549999
v 26.400000 0.000001 19.549999
v 26.400000 0.500001 19.450001
v 26.500000 0.500001 19.450001
v 26.400000 0.500001 19.549999
v 26.500000 0.500001 19.549999
v 26.400000 0.400001 19.525000
v 25.600000 0.400001 19.525000
v 26.400000 0.400001 19.475000
v 25.600000 0.400001 19.475000
v 26.400000 0.300001 19.525000
v 25.600000 0.300001 19.525000
v 26.400000 0.300001 19.475000
v 25.600000 0.300001 19.475000
v 27.600000 0.000001 19.450001
v 27.500000 0.000001 19.450001
v 27.600000 0.000001 19.549999
v 27.500000 0.000001 19.549999
v 27.500000 0.500001 19.450001
v 27.600000 0.500001 19.450001
v 27.500000 0.500001 19.549999
v 27.600000 0.500001 19.549999
v 28.500000 0.000001 19.450001
v 28.400000 0.000001 19.450001
v 28.500000 0.000001 19.549999
v 28.400000 0.000001 19.549999
v 28.400000 0.500001 19.450001
v 28.500000 0.500001 19.450001
v 28.400000 0.500001 19.549999
v 28.500000 0.500001 19.549999
v 28.400000 0.400001 19.525000
v 27.600000 0.400001 19.525000
v 28.400000 0.400001 19.475000
v 27.600000 0.400001 19.475000
v 28.400000 0.300001 19.525000
v 27.600000 0.300001 19.525000
v 28.400000 0.300001 19.475000
v 27.600000 0.300001 19.475000
v 26.600000 0.000001 19.450001
v 26.600000 0.000001 19.549999
v 26.600000 0.500001 19.450001
v 26.600000 0.500001 19.549999
v 27.400000 0.000001 19.450001
v 27.400000 0.000001 19.549999
v 27.400000 0.500001 19.450001
v 27.400000 0.500001 19.549999
v 27.400000 0.400001 19.525000
v 26.600000 0.400001 19.525000
v 27.400000 0.400001 19.475000
v 26.600000 0.400001 19.475000
v 27.400000 0.300001 19.525000
v 26.600000 0.300001 19.525000
v 27.400000 0.300001 19.475000
v 26.600000 0.300001 19.475000
v 28.600000 0.000001 19.450001
v 28.600000 0.000001 19.549999
v 28.600000 0.500001 19.450001
v 28.600000 0.500001 19.549999
v 29.500000 0.000001 19.450001
v 29.400000 0.000001 19.450001
v 29.500000 0.000001 19.549999
v 29.400000 0.000001 19.549999
v 29.400000 0.500001 19.450001
v 29.500000 0.500001 19.450001
v 29.400000 0.500001 19.549999
v 29.500000 0.500001 19.549999
v 29.400000 0.400001 19.525000
v 28.600000 0.400001 19.525000
v 29.400000 0.400001 19.475000
v 28.600000 0.400001 19.475000
v 29.400000 0.300001 19.525000
v 28.600000 0.300001 19.525000
v 29.400000 0.300001 19.475000
v 28.600000 0.300001 19.475000
v 29.600000 0.000001 19.450001
v 29.600000 0.000001 19.549999
v 29.600000 0.500001 19.450001
v 29.600000 0.500001 19.549999
v 30.500000 0.000001 19.450001
v 30.400000 0.000001 19.450001
v 30.500000 0.000001 19.549999
v 30.400000 0.000001 19.549999
v 30.400000 0.500001 19.450001
v 30.500000 0.500001 19.450001
v 30.400000 0.500001 19.549999
v 30.500000 0.500001 19.549999
v 30.400000 0.400001 19.525000
v 29.600000 0.400001 19.525000
v 30.400000 0.400001 19.475000
v 29.600000 0.400001 19.475000
v 30.400000 0.300001 19.525000
v 29.600000 0.300001 19.525000
v 30.400000 0.300001 19.475000
v 29.600000 0.300001 19.475000
v 31.600000 0.000001 19.450001
v 31.500000 0.000001 19.450001
v 31.600000 0.000001 19.549999
v 31.500000 0.000001 19.549999
v 31.500000 0.500001 19.450001
v 31.600000 0.500001 19.450001
v 31.500000 0.500001 19.549999
v 31.600000 0.500001 19.549999
v 32.500000 0.000001 19.450001
v 32.400002 0.000001 19.450001
v 32.500000 0.000001 19.549999
v 32.400002 0.000001 19.549999
v 32.400002 0.500001 19.450001
v 32.500000 0.500001 19.450001
v 32.400002 0.500001 19.549999
v 32.500000 0.500001 19.549999
v 32.400002 0.400001 19.525000
v 31.600000 0.400001 19.525000
v 32.400002 0.400001 19.475000
v 31.600000 0.400001 19.475000
v 32.400002 0.300001 19.525000
v 31.600000 0.300001 19.525000
v 32.400002 0.300001 19.475000
v 31.600000 0.300001 19.475000
v 30.600000 0.000001 19.450001
v 30.600000 0.000001 19.549999
v 30.600000 0.500001 19.450001
v 30.600000 0.500001 19.549999
v 31.400000 0.000001 19.450001
v 31.400000 0.000001 19.549999
v 31.400000 0.500001 19.450001
v 31.400000 0.500001 19.549999
v 31.400000 0.400001 19.525000
v 30.600000 0.400001 19.525000
v 31.400000 0.400001 19.475000
v 30.600000 0.400001 19.475000
v 31.400000 0.300001 19.525000
v 30.600000 0.300001 19.525000
v 31.400000 0.300001 19.475000
v 30.600000 0.300001 19.475000
v 32.599998 0.000001 19.450001
v 32.599998 0.000001 19.549999
v 32.599998 0.500001 19.450001
v 32.599998 0.500001 19.549999
v 33.500000 0.000001 19.450001
v 33.400002 0.000001 19.450001
v 33.500000 0.000001 19.549999
v 33.400002 0.000001 19.549999
v 33.400002 0.500001 19.450001
v 33.500000 0.500001 19.450001
v 33.400002 0.500001 19.549999
v 33.500000 0.500001 19.549999
v 33.400002 0.400001 19.525000
v 32.599998 0.400001 19.525000
v 33.400002 0.400001 19.475000
v 32.599998 0.400001 19.475000
v 33.400002 0.300001 19.525000
v 32.599998 0.300001 19.525000
v 33.400002 0.300001 19.475000
v 32.599998 0.300001 19.475000
v 33.599998 0.000001 19.450001
v 33.599998 0.000001 19.549999
v 33.599998 0.500001 19.450001
v 33.599998 0.500001 19.549999
v 34.500000 0.000001 19.450001
v 34.400002 0.000001 19.450001
v 34.500000 0.000001 19.549999
v 34.400002 0.000001 19.549999
v 34.400002 0.500001 19.450001
v 34.500000 0.500001 19.450001
v 34.400002 0.500001 19.549999
v 34.500000 0.500001 19.549999
v 34.400002 0.400001 19.525000
v 33.599998 0.400001 19.525000
v 34.400002 0.400001 19.475000
v 33.599998 0.400001 19.475000
v 34.400002 0.300001 19.525000
v 33.599998 0.300001 19.525000
v 34.400002 0.300001 19.475000
v 33.599998 0.300001 19.475000
v 35.599998 0.000001 19.450001
v 35.500000 0.000001 19.450001
v 35.599998 0.000001 19.549999
v 35.500000 0.000001 19.549999
v 35.500000 0.500001 19.450001
v 35.599998 0.500001 19.450001
v 35.500000 0.500001 19.549999
v 35.599998 0.500001 19.549999
v 36.500000 0.000001 19.450001
v 36.400002 0.000001 19.450001
v 36.500000 0.000001 19.549999
v 36.400002 0.000001 19.549999
v 36.400002 0.500001 19.450001
v 36.500000 0.500001 19.450001
v 36.400002 0.500001 19.549999
v 36.500000 0.500001 19.549999
v 36.400002 0.400001 19.525000
v 35.599998 0.400001 19.525000
v 36.400002 0.400001 19.475000
v 35.599998 0.400001 19.475000
v 36.400002 0.300001 19.525000
v 35.599998 0.300001 19.525000
v 36.400002 0.300001 19.475000
v 35.599998 0.300001 19.475000
v 34.599998 0.000001 19.450001
v 34.599998 0.000001 19.549999
v 34.599998 0.500001 19.450001
v 34.599998 0.500001 19.549999
v 35.400002 0.000001 19.450001
v 35.400002 0.000001 19.549999
v 35.400002 0.500001 19.450001
v 35.400002 0.500001 19.549999
v 35.400002 0.400001 19.525000
v 34.599998 0.400001 19.525000
v 35.400002 0.400001 19.475000
v 34.599998 0.400001 19.475000
v 35.400002 0.300001 19.525000
v 34.599998 0.300001 19.525000
v 35.400002 0.300001 19.475000
v 34.599998 0.300001 19.475000
v 36.599998 0.000001 19.450001
v 36.599998 0.000001 19.549999
v 36.599998 0.500001 19.450001
v 36.599998 0.500001 19.549999
v 37.500000 0.000001 19.450001
v 37.400002 0.000001 19.450001
v 37.500000 0.000001 19.549999
v 37.400002 0.000001 19.549999
v 37.400002 0.500001 19.450001
v 37.500000 0.500001 19.450001
v 37.400002 0.500001 19.549999
v 37.500000 0.500001 19.549999
v 37.400002 0.400001 19.525000
v 36.599998 0.400001 19.525000
v 37.400002 0.400001 19.475000
v 36.599998 0.400001 19.475000
v 37.400002 0.300001 19.525000
v 36.599998 0.300001 19.525000
v 37.400002 0.300001 19.475000
v 36.599998 0.300001 19.475000
v 37.599998 0.000001 19.450001
v 37.599998 0.000001 19.549999
v 37.599998 0.500001 19.450001
v 37.599998 0.500001 19.549999
v 38.500000 0.000001 19.450001
v 38.400002 0.000001 19.450001
v 38.500000 0.000001 19.549999
v 38.400002 0.000001 19.549999
v 38.400002 0.500001 19.450001
v 38.500000 0.500001 19.450001
v 38.400002 0.500001 19.549999
v 38.500000 0.500001 19.549999
v 38.400002 0.400001 19.525000
v 37.599998 0.400001 19.525000
v 38.400002 0.400001 19.475000
v 37.599998 0.400001 19.475000
v 38.400002 0.300001 19.525000
v 37.599998 0.300001 19.525000
v 38.400002 0.300001 19.475000
v 37.599998 0.300001 19.475000
v 38.599998 0.000001 19.450001
v 38.599998 0.000001 19.549999
v 38.599998 0.500001 19.450001
v 38.599998 0.500001 19.549999
v 39.500000 0.000001 19.450001
v 39.400002 0.000001 19.450001
v 39.500000 0.000001 19.549999
v 39.400002 0.000001 19.549999
v 39.400002 0.500001 19.450001
v 39.500000 0.500001 19.450001
v 39.400002 0.500001 19.549999
v 39.500000 0.500001 19.549999
v 39.400002 0.400001 19.525000
v 38.599998 0.400001 19.525000
v 39.400002 0.400001 19.475000
v 38.599998 0.400001 19.475000
v 39.400002 0.300001 19.525000
v 38.599998 0.300001 19.525000
v 39.400002 0.300001 19.475000
v 38.599998 0.300001 19.475000
v 13.600000 0.000000 0.450000
v 13.500000 0.000000 0.450000
v 13.600000 0.000000 0.550000
v 13.500000 0.000000 0.550000
v 13.500000 0.500000 0.450000
v 13.600000 0.500000 0.450000
v 13.500000 0.500000 0.550000
v 13.600000 0.500000 0.550000
v 14.500000 0.000000 0.450000
v 14.400000 0.000000 0.450000
v 14.500000 0.000000 0.550000
v 14.400000 0.000000 0.550000
v 14.400000 0.500000 0.450000
v 14.500000 0.500000 0.450000
v 14.400000 0.500000 0.550000
v 14.500000 0.500000 0.550000
v 14.400000 0.400000 0.525000
v 13.600000 0.400000 0.525000
v 14.400000 0.400000 0.475000
v 13.600000 0.400000 0.475000
v 14.400000 0.300000 0.525000
v 13.600000 0.300000 0.525000
v 14.400000 0.300000 0.475000
v 13.600000 0.300000 0.475000
v 14.600000 0.000000 0.450000
v 14.500000 0.000000 0.450000
v 14.600000 0.000000 0.550000
v 14.500000 0.000000 0.550000
v 14.500000 0.500000 0.450000
v 14.600000 0.500000 0.450000
v 14.500000 0.500000 0.550000
v 14.600000 0.500000 0.550000
v 15.500000 0.000000 0.450000
v 15.400000 0.000000 0.450000
v 15.500000 0.000000 0.550000
v 15.400000 0.000000 0.550000
v 15.400000 0.500000 0.450000
v 15.500000 0.500000 0.450000
v 15.400000 0.500000 0.550000
v 15.500000 0.500000 0.550000
v 15.400000 0.400000 0.525000
v 14.600000 0.400000 0.525000
v 15.400000 0.400000 0.475000
v 14.600000 0.400000 0.475000
v 15.400000 0.300000 0.525000
v 14.600000 0.300000 0.525000
v 15.400000 0.300000 0.475000
v 14.600000 0.300000 0.475000
v 15.600000 0.000000 0.450000
v 15.500000 0.000000 0.450000
v 15.600000 0.000000 0.550000
v 15.500000 0.000000 0.550000
v 15.500000 0.500000 0.450000
v 15.600000 0.500000 0.450000
v 15.500000 0.500000 0.550000
v 15.600000 0.500000 0.550000
v 16.500000 0.000000 0.450000
v 16.400000 0.000000 0.450000
v 16.500000 0.000000 0.550000
v 16.400000 0.000000 0.550000
v 16.400000 0.500000 0.450000
v 16.500000 0.500000 0.450000
v 16.400000 0.500000 0.550000
v 16.500000 0.500000 0.550000
v 16.400000 0.400000 0.525000
v 15.600000 0.400000 0.525000
v 16.400000 0.400000 0.475000
v 15.600000 0.400000 0.475000
v 16.400000 0.300000 0.525000
v 15.600000 0.300000 0.525000
v 16.400000 0.300000 0.475000
v 15.600000 0.300000 0.475000
v 16.600000 0.000000 0.450000
v 16.500000 0.000000 0.450000
v 16.600000 0.000000 0.550000
v 16.500000 0.000000 0.550000
v 16.500000 0.500000 0.450000
v 16.600000 0.500000 0.450000
v 16.500000 0.500000 0.550000
v 16.600000 0.500000 0.550000
v 17.500000 0.000000 0.450000
v 17.400000 0.000000 0.450000
v 17.500000 0.000000 0.550000
v 17.400000 0.000000 0.550000
v 17.400000 0.500000 0.450000
v 17.500000 0.500000 0.450000
v 17.400000 0.500000 0.550000
v 17.500000 0.500000 0.550000
v 17.400000 0.400000 0.525000
v 16.600000 0.400000 0.525000
v 17.400000 0.400000 0.475000
v 16.600000 0.400000 0.475000
v 17.400000 0.300000 0.525000
v 16.600000 0.300000 0.525000
v 17.400000 0.300000 0.475000
v 16.600000 0.300000 0.475000
v -0.125000 4.265957 -0.060305
v 0.125000 4.265957 -0.060305
v -0.125000 4.508634 0.066292
v 0.125000 4.508634 0.066292
v 0.125000 4.395604 0.273782
v -0.125000 4.395604 0.273782
v 0.125000 4.555226 0.414644
v -0.125000 4.555226 0.414644
v 0.125000 4.966932 0.728292
v 0.125000 5.000000 1.000000
v -0.125000 4.966932 0.728292
v -0.125000 5.000000 1.000000
v 0.125000 4.777778 1.000000
v 0.125000 4.752059 0.788671
v 0.125000 4.676403 0.589680
v 0.125000 4.869660 0.472446
v 0.125000 4.713862 0.247400
v 0.125000 4.206856 0.175318
v 0.125000 4.000000 0.125000
v 0.125000 1.500000 0.125000
v 0.125000 4.000000 -0.125000
v 0.125000 1.500000 -0.125000
v 0.250000 5.000000 1.500000
v 0.250000 5.000000 2.000000
v -0.250000 5.000000 2.000000
v -0.250000 5.000000 1.500000
v -0.125000 4.206856 0.175318
v -0.125000 4.869660 0.472446
v -0.125000 4.000000 0.125000
v 0.250000 4.777778 2.000000
v -0.250000 4.777778 2.000000
v -0.125000 4.752059 0.788671
v -0.125000 4.777778 1.000000
v -0.125000 4.000000 -0.125000
v 0.250000 4.777778 1.500000
v -0.125000 4.713862 0.247400
v -0.250000 4.777778 1.500000
v -0.125000 4.676403 0.589680
v -0.125000 1.500000 -0.125000
v -0.125000 1.500000 0.125000
v -0.250000 1.000000 -0.250000
v -0.250000 1.000000 0.250000
v 0.250000 1.000000 -0.250000
v 0.250000 1.000000 0.250000
v -0.250000 -0.000000 -0.250000
v 0.250000 -0.000000 -0.250000
v -0.250000 0.000000 0.250000
v 0.250000 0.000000 0.250000
v 4.500000 2.000000 5.500000
v 4.500000 3.000000 5.500000
v 4.500000 2.000000 6.500000
v 5.500000 3.000000 5.500000
v 5.500000 2.000000 5.500000
v 5.500000 2.000000 6.500000
v 5.600000 3.141422 5.500000
v 5.600000 3.000000 5.500000
v 5.600000 2.000000 6.641421
v 5.600000 1.929289 6.570711
v 4.400000 3.000000 5.500000
v 4.400000 1.929289 6.570711
v 4.400000 2.000000 6.641421
v 4.400000 3.141422 5.500000
v 5.500000 3.500000 5.000000
v 5.500000 3.000000 4.500000
v 4.500000 3.000000 4.500000
v 4.500000 3.500000 5.000000
v 5.600000 3.000000 4.358579
v 5.600000 3.641422 5.000000
v 4.400000 3.000000 4.358579
v 4.400000 3.641422 5.000000
v 5.600000 3.000000 5.641421
v 4.400000 3.000000 5.641421
v 5.600000 2.929289 4.429289
v 5.600000 3.500000 5.000000
v 5.600000 2.929290 5.570711
v 4.400000 2.929290 5.570711
v 4.400000 2.929289 4.429289
v 4.400000 3.500000 5.000000
v 5.500000 2.000000 4.500000
v 5.500000 2.000000 3.500000
v 4.500000 2.000000 4.500000
v 4.500000 2.000000 3.500000
v 4.400000 3.141421 4.500000
v 4.400000 3.000000 4.500000
v 4.400000 2.000000 3.358579
v 4.400000 1.929289 3.429289
v 5.600000 3.000000 4.500000
v 5.600000 1.929289 3.429289
v 5.600000 2.000000 3.358579
v 5.600000 3.141421 4.500000
v 2.500000 2.000000 5.500000
v 2.500000 3.000000 5.500000
v 2.500000 2.000000 6.500000
v 3.500000 3.000000 5.500000
v 3.500000 2.000000 5.500000
v 3.500000 2.000000 6.500000
v 3.600000 3.141422 5.500000
v 3.600000 3.000000 5.500000
v 3.600000 2.000000 6.641421
v 3.600000 1.929289 6.570711
v 2.400000 3.000000 5.500000
v 2.400000 1.929289 6.570711
v 2.400000 2.000000 6.641421
v 2.400000 3.141422 5.500000
v 4.359418 0.000000 6.530000
v 4.359418 1.405581 6.530000
v 4.359418 0.000000 6.590000
v 4.359418 1.405581 6.590000
v 4.489009 0.000000 6.500000
v 4.489009 0.000000 6.590000
v 4.489009 1.405581 6.500000
v 4.489009 1.405581 6.590000
v 4.359418 1.535172 6.500000
v 4.359418 1.535172 6.590000
v 3.640582 1.535172 6.500000
v 3.640582 1.535172 6.590000
v 3.510991 0.000000 6.500000
v 3.510991 1.405581 6.500000
v 3.510991 0.000000 6.590000
v 3.510991 1.405581 6.590000
v 4.487900 1.422495 6.590000
v 3.640582 1.405581 6.590000
v 3.640582 0.000000 6.590000
v 3.512100 1.422495 6.590000
v 4.484593 1.439121 6.590000
v 3.515407 1.439121 6.590000
v 4.479145 1.455172 6.590000
v 3.520855 1.455172 6.590000
v 4.471647 1.470375 6.590000
v 3.528353 1.470375 6.590000
v 4.462229 1.484470 6.590000
v 3.537771 1.484470 6.590000
v 4.451053 1.497214 6.590000
v 3.548947 1.497214 6.590000
v 4.438308 1.508391 6.590000
v 3.561692 1.508391 6.590000
v 4.424213 1.517810 6.590000
v 3.575787 1.517810 6.590000
v 4.409010 1.525306 6.590000
v 3.590990 1.525306 6.590000
v 4.392959 1.530756 6.590000
v 3.607041 1.530756 6.590000
v 4.376333 1.534063 6.590000
v 3.623667 1.534063 6.590000
v 3.640582 0.000000 6.530000
v 3.512100 1.422495 6.500000
v 3.515407 1.439121 6.500000
v 3.520855 1.455172 6.500000
v 3.528353 1.470375 6.500000
v 3.537771 1.484470 6.500000
v 3.640582 1.405581 6.530000
v 3.575787 1.517810 6.500000
v 3.561692 1.508391 6.500000
v 3.623667 1.534063 6.500000
v 4.392959 1.530756 6.500000
v 4.376333 1.534063 6.500000
v 3.590990 1.525306 6.500000
v 3.607041 1.530756 6.500000
v 4.409010 1.525306 6.500000
v 4.471647 1.470375 6.500000
v 4.479145 1.455172 6.500000
v 4.438308 1.508391 6.500000
v 4.424213 1.517810 6.500000
v 4.484593 1.439121 6.500000
v 3.548947 1.497214 6.500000
v 4.462229 1.484470 6.500000
v 4.487900 1.422495 6.500000
v 4.451053 1.497214 6.500000
v 4.297530 0.061888 6.530000
v 3.702470 0.061888 6.530000
v 4.297530 0.671846 6.530000
v 3.702470 0.671846 6.530000
v 4.297530 0.733734 6.530000
v 3.702470 0.733734 6.530000
v 4.297530 1.343692 6.530000
v 3.702470 1.343692 6.530000
v 4.600000 3.141422 5.500000
v 4.600000 3.000000 5.500000
v 4.600000 2.000000 6.641421
v 4.600000 1.929289 6.570711
v 3.400000 3.000000 5.500000
v 3.400000 1.929289 6.570711
v 3.400000 2.000000 6.641421
v 3.400000 3.141422 5.500000
v 3.500000 2.000000 4.500000
v 2.500000 2.000000 4.500000
v 2.500000 3.000000 4.500000
v 3.500000 3.000000 4.500000
v 3.500000 3.500000 5.000000
v 2.500000 3.500000 5.000000
v 3.600000 3.000000 4.358579
v 3.600000 3.641422 5.000000
v 2.400000 3.000000 4.358579
v 2.400000 3.641422 5.000000
v 3.600000 3.000000 5.641421
v 2.400000 3.000000 5.641421
v 3.600000 2.929289 4.429289
v 3.600000 3.500000 5.000000
v 3.600000 2.929290 5.570711
v 2.400000 2.929290 5.570711
v 2.400000 2.929289 4.429289
v 2.400000 3.500000 5.000000
v 3.500000 2.000000 3.500000
v 2.500000 2.000000 3.500000
v 2.400000 3.141421 4.500000
v 2.400000 3.000000 4.500000
v 2.400000 2.000000 3.358579
v 2.400000 1.929289 3.429289
v 3.600000 3.000000 4.500000
v 3.600000 1.929289 3.429289
v 3.600000 2.000000 3.358579
v 3.600000 3.141421 4.500000
v 4.600000 3.000000 4.358579
v 4.600000 3.641422 5.000000
v 3.400000 3.000000 4.358579
v 3.400000 3.641422 5.000000
v 4.600000 3.000000 5.641421
v 3.400000 3.000000 5.641421
v 4.600000 2.929289 4.429289
v 4.600000 3.500000 5.000000
v 4.600000 2.929290 5.570711
v 3.400000 2.929290 5.570711
v 3.400000 2.929289 4.429289
v 3.400000 3.500000 5.000000
v 3.400000 3.141421 4.500000
v 3.400000 3.000000 4.500000
v 3.400000 2.000000 3.358579
v 3.400000 1.929289 3.429289
v 4.600000 3.000000 4.500000
v 4.600000 1.929289 3.429289
v 4.600000 2.000000 3.358579
v 4.600000 3.141421 4.500000
v 6.500000 3.500000 5.000000
v 6.500000 3.000000 4.500000
v 6.500000 3.000000 5.500000
v 6.600000 3.000000 4.358579
v 6.600000 3.641422 5.000000
v 5.400000 3.000000 4.358579
v 5.400000 3.641422 5.000000
v 6.600000 3.000000 5.641421
v 5.400000 3.000000 5.641421
v 6.600000 2.929289 4.429289
v 6.600000 3.500000 5.000000
v 6.600000 2.929290 5.570711
v 5.400000 2.929290 5.570711
v 5.400000 2.929289 4.429289
v 5.400000 3.500000 5.000000
v 3.500000 0.000000 6.500000
v 4.500000 0.000000 6.500000
v 3.500000 0.100000 6.500000
v 4.500000 0.100000 6.500000
v 4.500000 0.000001 7.500000
v 3.500000 0.000001 7.500000
v 4.500000 0.100001 7.500000
v 3.500000 0.100001 7.500000
v 42.500000 2.000001 8.500000
v 42.500000 3.000001 8.500000
v 42.500000 2.000001 9.500000
v 43.500000 3.000001 8.500000
v 43.500000 2.000001 8.500000
v 43.500000 2.000001 9.500000
v 43.599998 3.141422 8.500000
v 43.599998 3.000001 8.500000
v 43.599998 2.000001 9.641421
v 43.599998 1.929290 9.570711
v 42.400002 3.000001 8.500000
v 42.400002 1.929290 9.570711
v 42.400002 2.000001 9.641421
v 42.400002 3.141422 8.500000
v 43.500000 3.500001 8.000000
v 43.500000 3.000000 7.500000
v 42.500000 3.000000 7.500000
v 42.500000 3.500001 8.000000
v 43.599998 3.000000 7.358579
v 43.599998 3.641422 8.000000
v 42.400002 3.000000 7.358579
v 42.400002 3.641422 8.000000
v 43.599998 3.000001 8.641421
v 42.400002 3.000001 8.641421
v 43.599998 2.929290 7.429289
v 43.599998 3.500001 8.000000
v 43.599998 2.929290 8.570711
v 42.400002 2.929290 8.570711
v 42.400002 2.929290 7.429289
v 42.400002 3.500001 8.000000
v 43.500000 2.000000 7.500000
v 43.500000 2.000000 6.500000
v 42.500000 2.000000 7.500000
v 42.500000 2.000000 6.500000
v 42.400002 3.141422 7.500000
v 42.400002 3.000000 7.500000
v 42.400002 2.000000 6.358579
v 42.400002 1.929289 6.429289
v 43.599998 3.000000 7.500000
v 43.599998 1.929289 6.429289
v 43.599998 2.000000 6.358579
v 43.599998 3.141422 7.500000
v 44.500000 3.000001 8.500000
v 44.500000 2.000001 8.500000
v 44.500000 2.000001 9.500000
v 44.599998 3.141422 8.500000
v 44.599998 3.000001 8.500000
v 44.599998 2.000001 9.641421
v 44.599998 1.929290 9.570711
v 43.400002 3.000001 8.500000
v 43.400002 1.929290 9.570711
v 43.400002 2.000001 9.641421
v 43.400002 3.141422 8.500000
v 45.017029 0.468466 9.520000
v 44.279011 0.468466 9.520000
v 45.017029 0.468466 9.550000
v 44.279011 0.468466 9.550000
v 43.112560 1.501945 9.530001
v 43.112560 1.183428 9.530001
v 43.112560 1.501945 9.550000
v 43.112560 1.183428 9.540001
v 43.112560 1.100724 9.540001
v 43.112560 0.598057 9.550000
v 43.112560 0.598057 9.530001
v 43.112560 1.100724 9.530001
v 44.279011 1.631536 9.520000
v 44.279011 1.631536 9.550000
v 42.982971 0.468466 9.520000
v 42.982971 1.631536 9.520000
v 42.982971 0.468466 9.550000
v 42.982971 1.631536 9.550000
v 43.591400 0.598057 9.530001
v 43.591400 0.598057 9.550000
v 43.591400 1.100724 9.530001
v 43.591400 1.100724 9.540001
v 43.591400 1.183428 9.540001
v 43.591400 1.501945 9.550000
v 43.591400 1.501945 9.530001
v 43.591400 1.183428 9.530001
v 43.310631 1.183428 9.530001
v 43.310631 1.183428 9.540001
v 44.887440 1.183428 9.530001
v 44.887440 1.183428 9.540001
v 44.689369 1.183428 9.530001
v 44.689369 1.183428 9.540001
v 44.887440 0.598057 9.530001
v 44.887440 1.100724 9.530001
v 44.887440 0.598057 9.550000
v 44.887440 1.100724 9.540001
v 44.887440 1.501945 9.550000
v 44.887440 1.501945 9.530001
v 43.720989 0.468466 9.520000
v 43.720989 0.468466 9.550000
v 43.720989 1.631536 9.520000
v 43.720989 1.631536 9.550000
v 43.393330 1.501945 9.530001
v 43.393330 1.501945 9.540001
v 43.310631 1.501945 9.540001
v 43.310631 1.501945 9.530001
v 44.689369 1.501945 9.530001
v 44.689369 1.501945 9.540001
v 44.408600 1.501945 9.550000
v 44.606670 1.501945 9.540001
v 44.408600 1.501945 9.530001
v 44.606670 1.501945 9.530001
v 44.408600 0.598057 9.530001
v 44.408600 0.598057 9.550000
v 44.606670 1.183428 9.530001
v 44.606670 1.183428 9.540001
v 43.393330 1.183428 9.540001
v 44.408600 1.183428 9.530001
v 44.408600 1.183428 9.540001
v 44.408600 1.100724 9.540001
v 45.017029 1.631536 9.520000
v 45.017029 1.631536 9.550000
v 43.393330 1.183428 9.530001
v 44.408600 1.100724 9.530001
v 45.500000 3.000001 8.500000
v 45.500000 2.000001 8.500000
v 45.500000 2.000001 9.500000
v 45.599998 3.141422 8.500000
v 45.599998 3.000001 8.500000
v 45.599998 2.000001 9.641421
v 45.599998 1.929290 9.570711
v 44.400002 3.000001 8.500000
v 44.400002 1.929290 9.570711
v 44.400002 2.000001 9.641421
v 44.400002 3.141422 8.500000
v 40.500000 2.000001 8.500000
v 40.500000 3.000001 8.500000
v 40.500000 2.000001 9.500000
v 41.500000 3.000001 8.500000
v 41.500000 2.000001 8.500000
v 41.500000 2.000001 9.500000
v 41.599998 3.141422 8.500000
v 41.599998 3.000001 8.500000
v 41.599998 2.000001 9.641421
v 41.599998 1.929290 9.570711
v 40.400002 3.000001 8.500000
v 40.400002 1.929290 9.570711
v 40.400002 2.000001 9.641421
v 40.400002 3.141422 8.500000
v 42.359421 0.000001 9.530000
v 42.359421 1.405581 9.530000
v 42.359421 0.000001 9.590000
v 42.359421 1.405581 9.590000
v 42.489010 0.000001 9.500000
v 42.489010 0.000001 9.590000
v 42.489010 1.405581 9.500000
v 42.489010 1.405581 9.590000
v 42.359421 1.535172 9.500000
v 42.359421 1.535172 9.590000
v 41.640579 1.535172 9.500000
v 41.640579 1.535172 9.590000
v 41.510990 0.000001 9.500000
v 41.510990 1.405581 9.500000
v 41.510990 0.000001 9.590000
v 41.510990 1.405581 9.590000
v 42.487900 1.422496 9.590000
v 41.640579 1.405581 9.590000
v 41.640579 0.000001 9.590000
v 41.512100 1.422496 9.590000
v 42.484589 1.439121 9.590000
v 41.515411 1.439121 9.590000
v 42.479149 1.455173 9.590000
v 41.520851 1.455173 9.590000
v 42.471649 1.470376 9.590000
v 41.528351 1.470376 9.590000
v 42.462231 1.484471 9.590000
v 41.537769 1.484471 9.590000
v 42.451050 1.497215 9.590000
v 41.548950 1.497215 9.590000
v 42.438309 1.508392 9.590000
v 41.561691 1.508392 9.590000
v 42.424210 1.517810 9.590000
v 41.575790 1.517810 9.590000
v 42.409012 1.525307 9.590000
v 41.590988 1.525307 9.590000
v 42.392960 1.530756 9.590000
v 41.607040 1.530756 9.590000
v 42.376331 1.534063 9.590000
v 41.623669 1.534063 9.590000
v 41.640579 0.000001 9.530000
v 41.512100 1.422496 9.500000
v 41.515411 1.439121 9.500000
v 41.520851 1.455173 9.500000
v 41.528351 1.470376 9.500000
v 41.537769 1.484471 9.500000
v 41.640579 1.405581 9.530000
v 41.575790 1.517810 9.500000
v 41.561691 1.508392 9.500000
v 41.623669 1.534063 9.500000
v 42.392960 1.530756 9.500000
v 42.376331 1.534063 9.500000
v 41.590988 1.525307 9.500000
v 41.607040 1.530756 9.500000
v 42.409012 1.525307 9.500000
v 42.471649 1.470376 9.500000
v 42.479149 1.455173 9.500000
v 42.438309 1.508392 9.500000
v 42.424210 1.517810 9.500000
v 42.484589 1.439121 9.500000
v 41.548950 1.497215 9.500000
v 42.462231 1.484471 9.500000
v 42.487900 1.422496 9.500000
v 42.451050 1.497215 9.500000
v 42.297531 0.061888 9.530000
v 41.702469 0.061888 9.530000
v 42.297531 0.671847 9.530000
v 41.702469 0.671847 9.530000
v 42.297531 0.733734 9.530000
v 41.702469 0.733734 9.530000
v 42.297531 1.343693 9.530000
v 41.702469 1.343693 9.530000
v 42.599998 3.141422 8.500000
v 42.599998 3.000001 8.500000
v 42.599998 2.000001 9.641421
v 42.599998 1.929290 9.570711
v 41.400002 3.000001 8.500000
v 41.400002 1.929290 9.570711
v 41.400002 2.000001 9.641421
v 41.400002 3.141422 8.500000
v 41.500000 2.000000 7.500000
v 40.500000 2.000000 7.500000
v 40.500000 3.000000 7.500000
v 41.500000 3.000000 7.500000
v 41.500000 3.500001 8.000000
v 40.500000 3.500001 8.000000
v 41.599998 3.000000 7.358579
v 41.599998 3.641422 8.000000
v 40.400002 3.000000 7.358579
v 40.400002 3.641422 8.000000
v 41.599998 3.000001 8.641421
v 40.400002 3.000001 8.641421
v 41.599998 2.929290 7.429289
v 41.599998 3.500001 8.000000
v 41.599998 2.929290 8.570711
v 40.400002 2.929290 8.570711
v 40.400002 2.929290 7.429289
v 40.400002 3.500001 8.000000
v 41.500000 2.000000 6.500000
v 40.500000 2.000000 6.500000
v 40.400002 3.141422 7.500000
v 40.400002 3.000000 7.500000
v 40.400002 2.000000 6.358579
v 40.400002 1.929289 6.429289
v 41.599998 3.000000 7.500000
v 41.599998 1.929289 6.429289
v 41.599998 2.000000 6.358579
v 41.599998 3.141422 7.500000
v 42.599998 3.000000 7.358579
v 42.599998 3.641422 8.000000
v 41.400002 3.000000 7.358579
v 41.400002 3.641422 8.000000
v 42.599998 3.000001 8.641421
v 41.400002 3.000001 8.641421
v 42.599998 2.929290 7.429289
v 42.599998 3.500001 8.000000
v 42.599998 2.929290 8.570711
v 41.400002 2.929290 8.570711
v 41.400002 2.929290 7.429289
v 41.400002 3.500001 8.000000
v 41.400002 3.141422 7.500000
v 41.400002 3.000000 7.500000
v 41.400002 2.000000 6.358579
v 41.400002 1.929289 6.429289
v 42.599998 3.000000 7.500000
v 42.599998 1.929289 6.429289
v 42.599998 2.000000 6.358579
v 42.599998 3.141422 7.500000
v 44.500000 2.000000 7.500000
v 44.500000 3.000000 7.500000
v 44.500000 2.000000 6.500000
v 43.400002 3.141422 7.500000
v 43.400002 3.000000 7.500000
v 43.400002 2.000000 6.358579
v 43.400002 1.929289 6.429289
v 44.599998 3.000000 7.500000
v 44.599998 1.929289 6.429289
v 44.599998 2.000000 6.358579
v 44.599998 3.141422 7.500000
v 44.500000 3.500001 8.000000
v 44.599998 3.000000 7.358579
v 44.599998 3.641422 8.000000
v 43.400002 3.000000 7.358579
v 43.400002 3.641422 8.000000
v 44.599998 3.000001 8.641421
v 43.400002 3.000001 8.641421
v 44.599998 2.929290 7.429289
v 44.599998 3.500001 8.000000
v 44.599998 2.929290 8.570711
v 43.400002 2.929290 8.570711
v 43.400002 2.929290 7.429289
v 43.400002 3.500001 8.000000
v 45.500000 2.000000 7.500000
v 45.500000 3.000000 7.500000
v 45.500000 0.000001 9.500000
v 45.500000 0.000000 6.500000
v 40.500000 0.000001 9.500000
v 40.500000 0.000000 6.500000
v 45.500000 0.400000 6.500000
v 45.500000 0.400001 9.500000
v 40.500000 0.400001 9.500000
v 40.500000 0.400000 6.500000
v 45.500000 2.000000 6.500000
v 45.500000 3.500001 8.000000
v 45.599998 3.000000 7.358579
v 45.599998 3.641422 8.000000
v 44.400002 3.000000 7.358579
v 44.400002 3.641422 8.000000
v 45.599998 3.000001 8.641421
v 44.400002 3.000001 8.641421
v 45.599998 2.929290 7.429289
v 45.599998 3.500001 8.000000
v 45.599998 2.929290 8.570711
v 44.400002 2.929290 8.570711
v 44.400002 2.929290 7.429289
v 44.400002 3.500001 8.000000
v 44.400002 3.141422 7.500000
v 44.400002 3.000000 7.500000
v 44.400002 2.000000 6.358579
v 44.400002 1.929289 6.429289
v 45.599998 3.000000 7.500000
v 45.599998 1.929289 6.429289
v 45.599998 2.000000 6.358579
v 45.599998 3.141422 7.500000
v 41.500000 0.000001 9.500000
v 42.500000 0.000001 9.500000
v 41.500000 0.100001 9.500000
v 42.500000 0.100001 9.500000
v 42.500000 0.000001 10.500000
v 41.500000 0.000001 10.500000
v 42.500000 0.100001 10.500000
v 41.500000 0.100001 10.500000
v 19.500000 -0.100000 -1.500000
v 19.500000 -0.124999 5.500000
v 19.500000 -0.000000 -1.500000
v 29.500000 -0.124999 5.500000
v 20.600000 0.000000 2.450000
v 20.500000 0.000000 2.450000
v 20.600000 0.000000 2.550000
v 20.500000 0.000000 2.550000
v 20.500000 0.500000 2.450000
v 20.600000 0.500000 2.450000
v 20.500000 0.500000 2.550000
v 20.600000 0.500000 2.550000
v 21.500000 0.000000 2.450000
v 21.400000 0.000000 2.450000
v 21.500000 0.000000 2.550000
v 21.400000 0.000000 2.550000
v 21.400000 0.500000 2.450000
v 21.500000 0.500000 2.450000
v 21.400000 0.500000 2.550000
v 21.500000 0.500000 2.550000
v 21.400000 0.400000 2.525000
v 20.600000 0.400000 2.525000
v 21.400000 0.400000 2.475000
v 20.600000 0.400000 2.475000
v 21.400000 0.300000 2.525000
v 20.600000 0.300000 2.525000
v 21.400000 0.300000 2.475000
v 20.600000 0.300000 2.475000
v 39.599998 0.000001 9.450000
v 39.500000 0.000001 9.450000
v 39.599998 0.000001 9.550000
v 39.500000 0.000001 9.550000
v 39.500000 0.500001 9.450000
v 39.599998 0.500001 9.450000
v 39.500000 0.500001 9.550000
v 39.599998 0.500001 9.550000
v 40.500000 0.000001 9.450000
v 40.400002 0.000001 9.450000
v 40.500000 0.000001 9.550000
v 40.400002 0.000001 9.550000
v 40.400002 0.500001 9.450000
v 40.500000 0.500001 9.450000
v 40.400002 0.500001 9.550000
v 40.500000 0.500001 9.550000
v 40.400002 0.400001 9.525000
v 39.599998 0.400001 9.525000
v 40.400002 0.400001 9.475000
v 39.599998 0.400001 9.475000
v 40.400002 0.300001 9.525000
v 39.599998 0.300001 9.525000
v 40.400002 0.300001 9.475000
v 39.599998 0.300001 9.475000
v 45.599998 0.000001 9.450000
v 45.500000 0.000001 9.450000
v 45.599998 0.000001 9.550000
v 45.500000 0.000001 9.550000
v 45.500000 0.500001 9.450000
v 45.599998 0.500001 9.450000
v 45.500000 0.500001 9.550000
v 45.599998 0.500001 9.550000
v 46.500000 0.000001 9.450000
v 46.400002 0.000001 9.450000
v 46.500000 0.000001 9.550000
v 46.400002 0.000001 9.550000
v 46.400002 0.500001 9.450000
v 46.500000 0.500001 9.450000
v 46.400002 0.500001 9.550000
v 46.500000 0.500001 9.550000
v 46.400002 0.400001 9.525000
v 45.599998 0.400001 9.525000
v 46.400002 0.400001 9.475000
v 45.599998 0.400001 9.475000
v 46.400002 0.300001 9.525000
v 45.599998 0.300001 9.525000
v 46.400002 0.300001 9.475000
v 45.599998 0.300001 9.475000
v 46.599998 0.000001 9.450000
v 46.599998 0.000001 9.550000
v 46.599998 0.500001 9.450000
v 46.599998 0.500001 9.550000
v 47.500000 0.000001 9.450000
v 47.400002 0.000001 9.450000
v 47.500000 0.000001 9.550000
v 47.400002 0.000001 9.550000
v 47.400002 0.500001 9.450000
v 47.500000 0.500001 9.450000
v 47.400002 0.500001 9.550000
v 47.500000 0.500001 9.550000
v 47.400002 0.400001 9.525000
v 46.599998 0.400001 9.525000
v 47.400002 0.400001 9.475000
v 46.599998 0.400001 9.475000
v 47.400002 0.300001 9.525000
v 46.599998 0.300001 9.525000
v 47.400002 0.300001 9.475000
v 46.599998 0.300001 9.475000
v 39.599998 0.000001 14.450000
v 39.500000 0.000001 14.450000
v 39.599998 0.000001 14.550000
v 39.500000 0.000001 14.550000
v 39.500000 0.500001 14.450000
v 39.599998 0.500001 14.450000
v 39.500000 0.500001 14.550000
v 39.599998 0.500001 14.550000
v 40.500000 0.000001 14.450000
v 40.400002 0.000001 14.450000
v 40.500000 0.000001 14.550000
v 40.400002 0.000001 14.550000
v 40.400002 0.500001 14.450000
v 40.500000 0.500001 14.450000
v 40.400002 0.500001 14.550000
v 40.500000 0.500001 14.550000
v 40.400002 0.400001 14.525000
v 39.599998 0.400001 14.525000
v 40.400002 0.400001 14.475000
v 39.599998 0.400001 14.475000
v 40.400002 0.300001 14.525000
v 39.599998 0.300001 14.525000
v 40.400002 0.300001 14.475000
v 39.599998 0.300001 14.475000
v 40.599998 0.000001 14.450000
v 40.599998 0.000001 14.550000
v 40.599998 0.500001 14.450000
v 40.599998 0.500001 14.550000
v 41.500000 0.000001 14.450000
v 41.400002 0.000001 14.450000
v 41.500000 0.000001 14.550000
v 41.400002 0.000001 14.550000
v 41.400002 0.500001 14.450000
v 41.500000 0.500001 14.450000
v 41.400002 0.500001 14.550000
v 41.500000 0.500001 14.550000
v 41.400002 0.400001 14.525000
v 40.599998 0.400001 14.525000
v 41.400002 0.400001 14.475000
v 40.599998 0.400001 14.475000
v 41.400002 0.300001 14.525000
v 40.599998 0.300001 14.525000
v 41.400002 0.300001 14.475000
v 40.599998 0.300001 14.475000
v 41.599998 0.000001 14.450000
v 41.599998 0.000001 14.550000
v 41.599998 0.500001 14.450000
v 41.599998 0.500001 14.550000
v 42.500000 0.000001 14.450000
v 42.400002 0.000001 14.450000
v 42.500000 0.000001 14.550000
v 42.400002 0.000001 14.550000
v 42.400002 0.500001 14.450000
v 42.500000 0.500001 14.450000
v 42.400002 0.500001 14.550000
v 42.500000 0.500001 14.550000
v 42.400002 0.400001 14.525000
v 41.599998 0.400001 14.525000
v 42.400002 0.400001 14.475000
v 41.599998 0.400001 14.475000
v 42.400002 0.300001 14.525000
v 41.599998 0.300001 14.525000
v 42.400002 0.300001 14.475000
v 41.599998 0.300001 14.475000
v 42.599998 0.000001 14.450000
v 42.599998 0.000001 14.550000
v 42.599998 0.500001 14.450000
v 42.599998 0.500001 14.550000
v 43.500000 0.000001 14.450000
v 43.400002 0.000001 14.450000
v 43.500000 0.000001 14.550000
v 43.400002 0.000001 14.550000
v 43.400002 0.500001 14.450000
v 43.500000 0.500001 14.450000
v 43.400002 0.500001 14.550000
v 43.500000 0.500001 14.550000
v 43.400002 0.400001 14.525000
v 42.599998 0.400001 14.525000
v 43.400002 0.400001 14.475000
v 42.599998 0.400001 14.475000
v 43.400002 0.300001 14.525000
v 42.599998 0.300001 14.525000
v 43.400002 0.300001 14.475000
v 42.599998 0.300001 14.475000
v 43.599998 0.000001 14.450000
v 43.599998 0.000001 14.550000
v 43.599998 0.500001 14.450000
v 43.599998 0.500001 14.550000
v 44.500000 0.000001 14.450000
v 44.400002 0.000001 14.450000
v 44.500000 0.000001 14.550000
v 44.400002 0.000001 14.550000
v 44.400002 0.500001 14.450000
v 44.500000 0.500001 14.450000
v 44.400002 0.500001 14.550000
v 44.500000 0.500001 14.550000
v 44.400002 0.400001 14.525000
v 43.599998 0.400001 14.525000
v 44.400002 0.400001 14.475000
v 43.599998 0.400001 14.475000
v 44.400002 0.300001 14.525000
v 43.599998 0.300001 14.525000
v 44.400002 0.300001 14.475000
v 43.599998 0.300001 14.475000
v 44.599998 0.000001 14.450000
v 44.599998 0.000001 14.550000
v 44.599998 0.500001 14.450000
v 44.599998 0.500001 14.550000
v 45.500000 0.000001 14.450000
v 45.400002 0.000001 14.450000
v 45.500000 0.000001 14.550000
v 45.400002 0.000001 14.550000
v 45.400002 0.500001 14.450000
v 45.500000 0.500001 14.450000
v 45.400002 0.500001 14.550000
v 45.500000 0.500001 14.550000
v 45.400002 0.400001 14.525000
v 44.599998 0.400001 14.525000
v 45.400002 0.400001 14.475000
v 44.599998 0.400001 14.475000
v 45.400002 0.300001 14.525000
v 44.599998 0.300001 14.525000
v 45.400002 0.300001 14.475000
v 44.599998 0.300001 14.475000
v 45.599998 0.000001 14.450000
v 45.599998 0.000001 14.550000
v 45.599998 0.500001 14.450000
v 45.599998 0.500001 14.550000
v 46.500000 0.000001 14.450000
v 46.400002 0.000001 14.450000
v 46.500000 0.000001 14.550000
v 46.400002 0.000001 14.550000
v 46.400002 0.500001 14.450000
v 46.500000 0.500001 14.450000
v 46.400002 0.500001 14.550000
v 46.500000 0.500001 14.550000
v 46.400002 0.400001 14.525000
v 45.599998 0.400001 14.525000
v 46.400002 0.400001 14.475000
v 45.599998 0.400001 14.475000
v 46.400002 0.300001 14.525000
v 45.599998 0.300001 14.525000
v 46.400002 0.300001 14.475000
v 45.599998 0.300001 14.475000
v 46.599998 0.000001 14.450000
v 46.599998 0.000001 14.550000
v 46.599998 0.500001 14.450000
v 46.599998 0.500001 14.550000
v 47.500000 0.000001 14.450000
v 47.400002 0.000001 14.450000
v 47.500000 0.000001 14.550000
v 47.400002 0.000001 14.550000
v 47.400002 0.500001 14.450000
v 47.500000 0.500001 14.450000
v 47.400002 0.500001 14.550000
v 47.500000 0.500001 14.550000
v 47.400002 0.400001 14.525000
v 46.599998 0.400001 14.525000
v 47.400002 0.400001 14.475000
v 46.599998 0.400001 14.475000
v 47.400002 0.300001 14.525000
v 46.599998 0.300001 14.525000
v 47.400002 0.300001 14.475000
v 46.599998 0.300001 14.475000
v 47.599998 0.000001 14.450000
v 47.599998 0.000001 14.550000
v 47.599998 0.500001 14.450000
v 47.599998 0.500001 14.550000
v 48.500000 0.000001 14.450000
v 48.400002 0.000001 14.450000
v 48.500000 0.000001 14.550000
v 48.400002 0.000001 14.550000
v 48.400002 0.500001 14.450000
v 48.500000 0.500001 14.450000
v 48.400002 0.500001 14.550000
v 48.500000 0.500001 14.550000
v 48.400002 0.400001 14.525000
v 47.599998 0.400001 14.525000
v 48.400002 0.400001 14.475000
v 47.599998 0.400001 14.475000
v 48.400002 0.300001 14.525000
v 47.599998 0.300001 14.525000
v 48.400002 0.300001 14.475000
v 47.599998 0.300001 14.475000
v 47.599998 0.000001 9.450000
v 47.599998 0.000001 9.550000
v 47.599998 0.500001 9.450000
v 47.599998 0.500001 9.550000
v 48.500000 0.000001 9.450000
v 48.400002 0.000001 9.450000
v 48.500000 0.000001 9.550000
v 48.400002 0.000001 9.550000
v 48.400002 0.500001 9.450000
v 48.500000 0.500001 9.450000
v 48.400002 0.500001 9.550000
v 48.500000 0.500001 9.550000
v 48.400002 0.400001 9.525000
v 47.599998 0.400001 9.525000
v 48.400002 0.400001 9.475000
v 47.599998 0.400001 9.475000
v 48.400002 0.300001 9.525000
v 47.599998 0.300001 9.525000
v 48.400002 0.300001 9.475000
v 47.599998 0.300001 9.475000
v 48.450001 0.000001 12.400000
v 48.450001 0.000001 12.500000
v 48.549999 0.000001 12.400000
v 48.549999 0.000001 12.500000
v 48.450001 0.500001 12.500000
v 48.450001 0.500001 12.400000
v 48.549999 0.500001 12.500000
v 48.549999 0.500001 12.400000
v 48.450001 0.000001 11.500000
v 48.450001 0.000001 11.600000
v 48.549999 0.000001 11.500000
v 48.549999 0.000001 11.600000
v 48.450001 0.500001 11.600000
v 48.450001 0.500001 11.500000
v 48.549999 0.500001 11.600000
v 48.549999 0.500001 11.500000
v 48.525002 0.400001 11.600000
v 48.525002 0.400001 12.400000
v 48.474998 0.400001 11.600000
v 48.474998 0.400001 12.400000
v 48.525002 0.300001 11.600000
v 48.525002 0.300001 12.400000
v 48.474998 0.300001 11.600000
v 48.474998 0.300001 12.400000
v 48.450001 0.000001 11.400000
v 48.549999 0.000001 11.400000
v 48.450001 0.500001 11.400000
v 48.549999 0.500001 11.400000
v 48.450001 0.000001 10.500000
v 48.450001 0.000001 10.600000
v 48.549999 0.000001 10.500000
v 48.549999 0.000001 10.600000
v 48.450001 0.500001 10.600000
v 48.450001 0.500001 10.500000
v 48.549999 0.500001 10.600000
v 48.549999 0.500001 10.500000
v 48.525002 0.400001 10.600000
v 48.525002 0.400001 11.400000
v 48.474998 0.400001 10.600000
v 48.474998 0.400001 11.400000
v 48.525002 0.300001 10.600000
v 48.525002 0.300001 11.400000
v 48.474998 0.300001 10.600000
v 48.474998 0.300001 11.400000
v 48.450001 0.000001 10.400000
v 48.549999 0.000001 10.400000
v 48.450001 0.500001 10.400000
v 48.549999 0.500001 10.400000
v 48.450001 0.000001 9.500000
v 48.450001 0.000001 9.600000
v 48.549999 0.000001 9.500000
v 48.549999 0.000001 9.600000
v 48.450001 0.500001 9.600000
v 48.450001 0.500001 9.500000
v 48.549999 0.500001 9.600000
v 48.549999 0.500001 9.500000
v 48.525002 0.400001 9.600000
v 48.525002 0.400001 10.400000
v 48.474998 0.400001 9.600000
v 48.474998 0.400001 10.400000
v 48.525002 0.300001 9.600000
v 48.525002 0.300001 10.400000
v 48.474998 0.300001 9.600000
v 48.474998 0.300001 10.400000
v 48.450001 0.000001 13.400000
v 48.450001 0.000001 13.500000
v 48.549999 0.000001 13.400000
v 48.549999 0.000001 13.500000
v 48.450001 0.500001 13.500000
v 48.450001 0.500001 13.400000
v 48.549999 0.500001 13.500000
v 48.549999 0.500001 13.400000
v 48.450001 0.000001 12.600000
v 48.549999 0.000001 12.600000
v 48.450001 0.500001 12.600000
v 48.549999 0.500001 12.600000
v 48.525002 0.400001 12.600000
v 48.525002 0.400001 13.400000
v 48.474998 0.400001 12.600000
v 48.474998 0.400001 13.400000
v 48.525002 0.300001 12.600000
v 48.525002 0.300001 13.400000
v 48.474998 0.300001 12.600000
v 48.474998 0.300001 13.400000
v 48.450001 0.000001 14.400000
v 48.450001 0.000001 14.500000
v 48.549999 0.000001 14.400000
v 48.549999 0.000001 14.500000
v 48.450001 0.500001 14.500000
v 48.450001 0.500001 14.400000
v 48.549999 0.500001 14.500000
v 48.549999 0.500001 14.400000
v 48.450001 0.000001 13.600000
v 48.549999 0.000001 13.600000
v 48.450001 0.500001 13.600000
v 48.549999 0.500001 13.600000
v 48.525002 0.400001 13.600000
v 48.525002 0.400001 14.400000
v 48.474998 0.400001 13.600000
v 48.474998 0.400001 14.400000
v 48.525002 0.300001 13.600000
v 48.525002 0.300001 14.400000
v 48.474998 0.300001 13.600000
v 48.474998 0.300001 14.400000
v 39.500000 -0.099999 9.500000
v 39.500000 0.000001 9.500000
v 39.450001 0.000001 9.400000
v 39.450001 0.000001 9.500000
v 39.549999 0.000001 9.400000
v 39.549999 0.000001 9.500000
v 39.450001 0.500001 9.500000
v 39.450001 0.500001 9.400000
v 39.549999 0.500001 9.500000
v 39.549999 0.500001 9.400000
v 39.450001 0.000001 8.500000
v 39.450001 0.000001 8.600000
v 39.549999 0.000001 8.500000
v 39.549999 0.000001 8.600000
v 39.450001 0.500001 8.600000
v 39.450001 0.500001 8.500000
v 39.549999 0.500001 8.600000
v 39.549999 0.500001 8.500000
v 39.525002 0.400001 8.600000
v 39.525002 0.400001 9.400000
v 39.474998 0.400001 8.600000
v 39.474998 0.400001 9.400000
v 39.525002 0.300001 8.600000
v 39.525002 0.300001 9.400000
v 39.474998 0.300001 8.600000
v 39.474998 0.300001 9.400000
v 39.450001 0.000001 8.400000
v 39.549999 0.000001 8.400000
v 39.450001 0.500001 8.400000
v 39.549999 0.500001 8.400000
v 39.450001 0.000001 7.500000
v 39.450001 0.000001 7.600000
v 39.549999 0.000001 7.500000
v 39.549999 0.000001 7.600000
v 39.450001 0.500001 7.600000
v 39.450001 0.500001 7.500000
v 39.549999 0.500001 7.600000
v 39.549999 0.500001 7.500000
v 39.525002 0.400000 7.600000
v 39.525002 0.400001 8.400000
v 39.474998 0.400000 7.600000
v 39.474998 0.400001 8.400000
v 39.525002 0.300001 7.600000
v 39.525002 0.300001 8.400000
v 39.474998 0.300001 7.600000
v 39.474998 0.300001 8.400000
v 39.450001 0.000001 7.400000
v 39.549999 0.000001 7.400000
v 39.450001 0.500001 7.400000
v 39.549999 0.500001 7.400000
v 39.450001 0.000000 6.500000
v 39.450001 0.000000 6.600000
v 39.549999 0.000000 6.500000
v 39.549999 0.000000 6.600000
v 39.450001 0.500000 6.600000
v 39.450001 0.500000 6.500000
v 39.549999 0.500000 6.600000
v 39.549999 0.500000 6.500000
v 39.525002 0.400000 6.600000
v 39.525002 0.400001 7.400000
v 39.474998 0.400000 6.600000
v 39.474998 0.400001 7.400000
v 39.525002 0.300001 6.600000
v 39.525002 0.300001 7.400000
v 39.474998 0.300001 6.600000
v 39.474998 0.300001 7.400000
v 39.450001 0.000000 6.400000
v 39.549999 0.000000 6.400000
v 39.450001 0.500000 6.400000
v 39.549999 0.500000 6.400000
v 39.450001 0.000000 5.600000
v 39.549999 0.000000 5.600000
v 39.450001 0.500000 5.600000
v 39.549999 0.500000 5.600000
v 39.525002 0.400000 5.600000
v 39.525002 0.400000 6.400000
v 39.474998 0.400000 5.600000
v 39.474998 0.400000 6.400000
v 39.525002 0.300000 5.600000
v 39.525002 0.300000 6.400000
v 39.474998 0.300000 5.600000
v 39.474998 0.300000 6.400000
v 39.500000 -0.099999 19.500000
v 39.500000 -0.100000 0.500001
v 39.500000 0.000001 19.500000
v 39.500000 0.000000 0.500001
v 52.500000 -0.100000 0.499998
v 52.500000 -0.099999 19.500000
v 52.500000 0.000000 0.499998
v 52.500000 0.000001 19.500000
v 5.600000 0.000000 0.450000
v 5.500000 0.000000 0.450000
v 5.600000 0.000000 0.550000
v 5.500000 0.000000 0.550000
v 5.500000 0.500000 0.450000
v 5.600000 0.500000 0.450000
v 5.500000 0.500000 0.550000
v 5.600000 0.500000 0.550000
v 6.500000 0.000000 0.450000
v 6.400000 0.000000 0.450000
v 6.500000 0.000000 0.550000
v 6.400000 0.000000 0.550000
v 6.400000 0.500000 0.450000
v 6.500000 0.500000 0.450000
v 6.400000 0.500000 0.550000
v 6.500000 0.500000 0.550000
v 6.400000 0.400000 0.525000
v 5.600000 0.400000 0.525000
v 6.400000 0.400000 0.475000
v 5.600000 0.400000 0.475000
v 6.400000 0.300000 0.525000
v 5.600000 0.300000 0.525000
v 6.400000 0.300000 0.475000
v 5.600000 0.300000 0.475000
v 4.600000 0.000000 0.450000
v 4.500000 0.000000 0.450000
v 4.600000 0.000000 0.550000
v 4.500000 0.000000 0.550000
v 4.500000 0.500000 0.450000
v 4.600000 0.500000 0.450000
v 4.500000 0.500000 0.550000
v 4.600000 0.500000 0.550000
v 5.500000 0.000000 0.450000
v 5.400000 0.000000 0.450000
v 5.500000 0.000000 0.550000
v 5.400000 0.000000 0.550000
v 5.400000 0.500000 0.450000
v 5.500000 0.500000 0.450000
v 5.400000 0.500000 0.550000
v 5.500000 0.500000 0.550000
v 5.400000 0.400000 0.525000
v 4.600000 0.400000 0.525000
v 5.400000 0.400000 0.475000
v 4.600000 0.400000 0.475000
v 5.400000 0.300000 0.525000
v 4.600000 0.300000 0.525000
v 5.400000 0.300000 0.475000
v 4.600000 0.300000 0.475000
v 4.500000 0.100000 -1.600000
v 4.500000 0.100000 -1.500000
v 3.500000 0.100000 -1.600000
v 3.500000 0.100000 -1.500000
v 4.500000 -0.000000 -1.600000
v 4.500000 -0.000000 -1.500000
v 3.500000 -0.000000 -1.500000
v 3.500000 -0.000000 -1.600000
v 4.500000 0.100000 -2.500000
v 4.500000 0.100000 -2.400000
v 3.500000 0.100000 -2.500000
v 3.500000 0.100000 -2.400000
v 4.500000 -0.000000 -2.500000
v 4.500000 -0.000000 -2.400000
v 3.500000 -0.000000 -2.400000
v 3.500000 -0.000000 -2.500000
v 4.500000 -0.000000 -2.400000
v 4.500000 -0.000000 -1.600000
v 4.500000 0.050000 -2.400000
v 4.500000 0.050000 -1.600000
v 4.400000 0.050000 -1.600000
v 4.400000 0.050000 -2.400000
v 4.400000 -0.000000 -1.600000
v 4.400000 -0.000000 -2.400000
v 3.600000 -0.000000 -2.400000
v 3.600000 -0.000000 -1.600000
v 3.600000 0.050000 -2.400000
v 3.600000 0.050000 -1.600000
v 3.500000 0.050000 -1.600000
v 3.500000 0.050000 -2.400000
v 3.500000 -0.000000 -1.600000
v 3.500000 -0.000000 -2.400000
v 4.158333 0.082500 -1.600000
v 4.108333 0.082500 -1.600000
v 4.158333 0.082500 -2.400000
v 4.108333 0.082500 -2.400000
v 4.108333 0.017500 -1.600000
v 4.108333 0.017500 -2.400000
v 4.158333 0.017500 -1.600000
v 4.158333 0.017500 -2.400000
v 3.891667 0.075000 -1.600000
v 3.841667 0.075000 -1.600000
v 3.891667 0.075000 -2.400000
v 3.841667 0.075000 -2.400000
v 3.841667 0.025000 -1.600000
v 3.841667 0.025000 -2.400000
v 3.891667 0.025000 -1.600000
v 3.891667 0.025000 -2.400000
v 9.500000 -0.100000 -2.500000
v 19.500000 -0.100000 -2.500000
v 9.500000 -0.000000 -2.500000
v 19.500000 -0.000000 -2.500000
v 19.500000 -0.100000 0.500000
v 9.500000 -0.100000 0.500000
v 19.500000 0.000000 0.500000
v 9.500000 0.000000 0.500000
v 15.421000 0.625000 -1.251017
v 12.909600 0.625000 -1.923946
v 15.421000 2.575000 -1.251017
v 12.909600 2.575000 -1.923946
v 12.493200 0.625000 -3.847254
v 12.493200 2.575000 -3.847254
v 12.156730 0.625000 -2.591550
v 12.156730 2.575000 -2.591550
v 15.537470 -0.050000 -1.685683
v 15.873940 -0.050000 -2.941387
v 13.026060 -0.050000 -2.358613
v 13.362530 -0.050000 -3.614317
v 15.873940 3.250000 -2.941387
v 15.537470 3.250000 -1.685683
v 13.362530 3.250000 -3.614317
v 13.026060 3.250000 -2.358613
v 13.479000 0.625000 -4.048984
v 15.990400 0.625000 -3.376054
v 13.479000 2.575000 -4.048984
v 15.990400 2.575000 -3.376054
v 16.743271 2.575000 -2.708450
v 16.743271 0.625000 -2.708450
v 16.406811 2.575000 -1.452746
v 16.406811 0.625000 -1.452746
v 16.123030 0.100000 -1.166436
v 16.123030 3.100000 -1.166436
v 12.259330 0.100000 -2.201712
v 12.259330 3.100000 -2.201712
v 16.640671 3.100000 -3.098288
v 16.640671 0.100000 -3.098288
v 12.776970 0.100000 -4.133564
v 12.776970 3.100000 -4.133564
v 13.214470 2.218750 5.669219
v 12.429650 2.218750 5.458929
v 13.214470 3.031250 5.669219
v 12.429650 3.031250 5.458929
v 12.441070 2.218750 4.329655
v 12.441070 3.031250 4.329655
v 12.230780 2.218750 5.114470
v 12.230780 3.031250 5.114470
v 13.287260 1.937500 5.397552
v 13.497550 1.937500 4.612738
v 12.502450 1.937500 5.187262
v 12.712740 1.937500 4.402448
v 13.497550 3.312500 4.612738
v 13.287260 3.312500 5.397552
v 12.712740 3.312500 4.402448
v 12.502450 3.312500 5.187262
v 12.785530 2.218750 4.130781
v 13.570350 2.218750 4.341071
v 12.785530 3.031250 4.130781
v 13.570350 3.031250 4.341071
v 13.769220 3.031250 4.685531
v 13.769220 2.218750 4.685531
v 13.558930 3.031250 5.470345
v 13.558930 2.218750 5.470345
v 13.441940 2.000000 5.665466
v 13.441940 3.250000 5.665465
v 12.234530 2.000000 5.341942
v 12.234530 3.250000 5.341941
v 13.765470 3.250000 4.458057
v 13.765470 2.000000 4.458058
v 12.558060 2.000000 4.134534
v 12.558060 3.250000 4.134533
v 13.450000 0.000000 5.400000
v 13.450000 0.000000 5.500000
v 13.550000 0.000000 5.400000
v 13.550000 0.000000 5.500000
v 13.450000 0.500000 5.500000
v 13.450000 0.500000 5.400000
v 13.550000 0.500000 5.500000
v 13.550000 0.500000 5.400000
v 13.450000 0.000000 4.500000
v 13.450000 0.000000 4.600000
v 13.550000 0.000000 4.500000
v 13.550000 0.000000 4.600000
v 13.450000 0.500000 4.600000
v 13.450000 0.500000 4.500000
v 13.550000 0.500000 4.600000
v 13.550000 0.500000 4.500000
v 13.525000 0.400000 4.600000
v 13.525000 0.400000 5.400000
v 13.475000 0.400000 4.600000
v 13.475000 0.400000 5.400000
v 13.525000 0.300000 4.600000
v 13.525000 0.300000 5.400000
v 13.475000 0.300000 4.600000
v 13.475000 0.300000 5.400000
v 12.600000 0.000000 0.450000
v 12.500000 0.000000 0.450000
v 12.600000 0.000000 0.550000
v 12.500000 0.000000 0.550000
v 12.500000 0.500000 0.450000
v 12.600000 0.500000 0.450000
v 12.500000 0.500000 0.550000
v 12.600000 0.500000 0.550000
v 13.500000 0.000000 0.450000
v 13.400000 0.000000 0.450000
v 13.500000 0.000000 0.550000
v 13.400000 0.000000 0.550000
v 13.400000 0.500000 0.450000
v 13.500000 0.500000 0.450000
v 13.400000 0.500000 0.550000
v 13.500000 0.500000 0.550000
v 13.400000 0.400000 0.525000
v 12.600000 0.400000 0.525000
v 13.400000 0.400000 0.475000
v 12.600000 0.400000 0.475000
v 13.400000 0.300000 0.525000
v 12.600000 0.300000 0.525000
v 13.400000 0.300000 0.475000
v 12.600000 0.300000 0.475000
v 12.600000 0.000000 5.450000
v 12.500000 0.000000 5.450000
v 12.600000 0.000000 5.550000
v 12.500000 0.000000 5.550000
v 12.500000 0.500000 5.450000
v 12.600000 0.500000 5.450000
v 12.500000 0.500000 5.550000
v 12.600000 0.500000 5.550000
v 13.500000 0.000000 5.450000
v 13.400000 0.000000 5.450000
v 13.500000 0.000000 5.550000
v 13.400000 0.000000 5.550000
v 13.400000 0.500000 5.450000
v 13.500000 0.500000 5.450000
v 13.400000 0.500000 5.550000
v 13.500000 0.500000 5.550000
v 13.400000 0.400000 5.525000
v 12.600000 0.400000 5.525000
v 13.400000 0.400000 5.475000
v 12.600000 0.400000 5.475000
v 13.400000 0.300000 5.525000
v 12.600000 0.300000 5.525000
v 13.400000 0.300000 5.475000
v 12.600000 0.300000 5.475000
v 12.600000 0.000000 4.450000
v 12.500000 0.000000 4.450000
v 12.600000 0.000000 4.550000
v 12.500000 0.000000 4.550000
v 12.500000 0.500000 4.450000
v 12.600000 0.500000 4.450000
v 12.500000 0.500000 4.550000
v 12.600000 0.500000 4.550000
v 13.500000 0.000000 4.450000
v 13.400000 0.000000 4.450000
v 13.500000 0.000000 4.550000
v 13.400000 0.000000 4.550000
v 13.400000 0.500000 4.450000
v 13.500000 0.500000 4.450000
v 13.400000 0.500000 4.550000
v 13.500000 0.500000 4.550000
v 13.400000 0.400000 4.525000
v 12.600000 0.400000 4.525000
v 13.400000 0.400000 4.475000
v 12.600000 0.400000 4.475000
v 13.400000 0.300000 4.525000
v 12.600000 0.300000 4.525000
v 13.400000 0.300000 4.475000
v 12.600000 0.300000 4.475000
v 12.929300 0.800000 4.758568
v 12.929300 2.000000 4.864634
v 12.717170 0.800000 4.970700
v 12.823230 2.000000 4.970700
v 12.505040 0.000000 4.970700
v 12.929300 0.000000 5.394964
v 12.929300 0.800000 5.182832
v 12.929300 0.000000 4.546436
v 13.353560 0.000000 4.970700
v 13.141430 0.800000 4.970700
v 13.035370 2.000000 4.970700
v 12.929300 2.000000 5.076766
v 12.662920 0.400000 -1.022372
v 11.537080 0.400000 -0.372372
v 12.662920 1.700000 -1.022372
v 11.537080 1.700000 -0.372372
v 10.272370 0.400000 -1.662916
v 10.272370 1.700000 -1.662916
v 10.922370 0.400000 -0.537083
v 10.922370 1.700000 -0.537084
v 12.437920 -0.050000 -1.412084
v 11.787920 -0.050000 -2.537917
v 11.312080 -0.050000 -0.762083
v 10.662080 -0.050000 -1.887916
v 11.787920 2.150000 -2.537917
v 12.437920 2.150000 -1.412084
v 10.662080 2.150000 -1.887916
v 11.312080 2.150000 -0.762084
v 10.437080 0.400000 -2.277628
v 11.562920 0.400000 -2.927628
v 10.437080 1.700000 -2.277628
v 11.562920 1.700000 -2.927628
v 12.177630 1.700000 -2.762917
v 12.177630 0.400000 -2.762917
v 12.827630 1.700000 -1.637084
v 12.827630 0.400000 -1.637084
v 12.916030 0.050000 -1.283975
v 12.916030 2.050000 -1.283975
v 11.183980 0.050000 -0.283974
v 11.183980 2.050000 -0.283975
v 11.916030 2.050000 -3.016026
v 11.916030 0.050000 -3.016026
v 10.183980 0.050000 -2.016025
v 10.183980 2.050000 -2.016025
v 12.556460 2.175001 13.213810
v 11.993540 2.175001 13.538810
v 12.556460 2.825001 13.213810
v 11.993540 2.825001 13.538810
v 11.361190 2.175001 12.893540
v 11.361190 2.825001 12.893540
v 11.686190 2.175001 13.456460
v 11.686190 2.825001 13.456460
v 12.443960 1.950001 13.018960
v 12.118960 1.950001 12.456040
v 11.881040 1.950001 13.343960
v 11.556040 1.950001 12.781040
v 12.118960 3.050001 12.456040
v 12.443960 3.050001 13.018960
v 11.556040 3.050001 12.781040
v 11.881040 3.050001 13.343960
v 11.443540 2.175001 12.586190
v 12.006460 2.175001 12.261190
v 11.443540 2.825001 12.586190
v 12.006460 2.825001 12.261190
v 12.313810 2.825001 12.343540
v 12.313810 2.175001 12.343540
v 12.638810 2.825001 12.906460
v 12.638810 2.175001 12.906460
v 12.683010 2.000001 13.083010
v 12.683010 3.000001 13.083010
v 11.816990 2.000001 13.583010
v 11.816990 3.000001 13.583010
v 12.183010 3.000001 12.216990
v 12.183010 2.000001 12.216990
v 11.316990 2.000001 12.716990
v 11.316990 3.000001 12.716990
v 12.450000 0.000001 13.400000
v 12.450000 0.000001 13.500000
v 12.550000 0.000001 13.400000
v 12.550000 0.000001 13.500000
v 12.450000 0.500001 13.500000
v 12.450000 0.500001 13.400000
v 12.550000 0.500001 13.500000
v 12.550000 0.500001 13.400000
v 12.450000 0.000001 12.500000
v 12.450000 0.000001 12.600000
v 12.550000 0.000001 12.500000
v 12.550000 0.000001 12.600000
v 12.450000 0.500001 12.600000
v 12.450000 0.500001 12.500000
v 12.550000 0.500001 12.600000
v 12.550000 0.500001 12.500000
v 12.525000 0.400001 12.600000
v 12.525000 0.400001 13.400000
v 12.475000 0.400001 12.600000
v 12.475000 0.400001 13.400000
v 12.525000 0.300001 12.600000
v 12.525000 0.300001 13.400000
v 12.475000 0.300001 12.600000
v 12.475000 0.300001 13.400000
v 12.450000 0.000000 5.400000
v 12.450000 0.000000 5.500000
v 12.550000 0.000000 5.400000
v 12.550000 0.000000 5.500000
v 12.450000 0.500000 5.500000
v 12.450000 0.500000 5.400000
v 12.550000 0.500000 5.500000
v 12.550000 0.500000 5.400000
v 12.450000 0.000000 4.500000
v 12.450000 0.000000 4.600000
v 12.550000 0.000000 4.500000
v 12.550000 0.000000 4.600000
v 12.450000 0.500000 4.600000
v 12.450000 0.500000 4.500000
v 12.550000 0.500000 4.600000
v 12.550000 0.500000 4.500000
v 12.525000 0.400000 4.600000
v 12.525000 0.400000 5.400000
v 12.475000 0.400000 4.600000
v 12.475000 0.400000 5.400000
v 12.525000 0.300000 4.600000
v 12.525000 0.300000 5.400000
v 12.475000 0.300000 4.600000
v 12.475000 0.300000 5.400000
v 11.600000 0.000001 12.450000
v 11.500000 0.000001 12.450000
v 11.600000 0.000001 12.550000
v 11.500000 0.000001 12.550000
v 11.500000 0.500001 12.450000
v 11.600000 0.500001 12.450000
v 11.500000 0.500001 12.550000
v 11.600000 0.500001 12.550000
v 12.500000 0.000001 12.450000
v 12.400000 0.000001 12.450000
v 12.500000 0.000001 12.550000
v 12.400000 0.000001 12.550000
v 12.400000 0.500001 12.450000
v 12.500000 0.500001 12.450000
v 12.400000 0.500001 12.550000
v 12.500000 0.500001 12.550000
v 12.400000 0.400001 12.525000
v 11.600000 0.400001 12.525000
v 12.400000 0.400001 12.475000
v 11.600000 0.400001 12.475000
v 12.400000 0.300001 12.525000
v 11.600000 0.300001 12.525000
v 12.400000 0.300001 12.475000
v 11.600000 0.300001 12.475000
v 11.600000 0.000000 0.450000
v 11.500000 0.000000 0.450000
v 11.600000 0.000000 0.550000
v 11.500000 0.000000 0.550000
v 11.500000 0.500000 0.450000
v 11.600000 0.500000 0.450000
v 11.500000 0.500000 0.550000
v 11.600000 0.500000 0.550000
v 12.500000 0.000000 0.450000
v 12.400000 0.000000 0.450000
v 12.500000 0.000000 0.550000
v 12.400000 0.000000 0.550000
v 12.400000 0.500000 0.450000
v 12.500000 0.500000 0.450000
v 12.400000 0.500000 0.550000
v 12.500000 0.500000 0.550000
v 12.400000 0.400000 0.525000
v 11.600000 0.400000 0.525000
v 12.400000 0.400000 0.475000
v 11.600000 0.400000 0.475000
v 12.400000 0.300000 0.525000
v 11.600000 0.300000 0.525000
v 12.400000 0.300000 0.475000
v 11.600000 0.300000 0.475000
v 11.850000 0.800001 12.850000
v 11.925000 2.000001 12.925000
v 11.850000 0.800001 13.150000
v 11.925000 2.000001 13.075000
v 11.700000 0.000001 13.300000
v 12.300000 0.000001 13.300000
v 12.150000 0.800001 13.150000
v 11.700000 0.000001 12.700000
v 12.300000 0.000001 12.700000
v 12.150000 0.800001 12.850000
v 12.075000 2.000001 12.925000
v 12.075000 2.000001 13.075000
v 11.450000 0.000001 13.400000
v 11.450000 0.000001 13.500000
v 11.550000 0.000001 13.400000
v 11.550000 0.000001 13.500000
v 11.450000 0.500001 13.500000
v 11.450000 0.500001 13.400000
v 11.550000 0.500001 13.500000
v 11.550000 0.500001 13.400000
v 11.450000 0.000001 12.500000
v 11.450000 0.000001 12.600000
v 11.550000 0.000001 12.500000
v 11.550000 0.000001 12.600000
v 11.450000 0.500001 12.600000
v 11.450000 0.500001 12.500000
v 11.550000 0.500001 12.600000
v 11.550000 0.500001 12.500000
v 11.525000 0.400001 12.600000
v 11.525000 0.400001 13.400000
v 11.475000 0.400001 12.600000
v 11.475000 0.400001 13.400000
v 11.525000 0.300001 12.600000
v 11.525000 0.300001 13.400000
v 11.475000 0.300001 12.600000
v 11.475000 0.300001 13.400000
v 10.600000 0.000000 0.450000
v 10.500000 0.000000 0.450000
v 10.600000 0.000000 0.550000
v 10.500000 0.000000 0.550000
v 10.500000 0.500000 0.450000
v 10.600000 0.500000 0.450000
v 10.500000 0.500000 0.550000
v 10.600000 0.500000 0.550000
v 11.500000 0.000000 0.450000
v 11.400000 0.000000 0.450000
v 11.500000 0.000000 0.550000
v 11.400000 0.000000 0.550000
v 11.400000 0.500000 0.450000
v 11.500000 0.500000 0.450000
v 11.400000 0.500000 0.550000
v 11.500000 0.500000 0.550000
v 11.400000 0.400000 0.525000
v 10.600000 0.400000 0.525000
v 11.400000 0.400000 0.475000
v 10.600000 0.400000 0.475000
v 11.400000 0.300000 0.525000
v 10.600000 0.300000 0.525000
v 11.400000 0.300000 0.475000
v 10.600000 0.300000 0.475000
v 10.556460 2.175000 6.213814
v 9.993542 2.175000 6.538814
v 10.556460 2.825001 6.213814
v 9.993542 2.825001 6.538814
v 9.361186 2.175000 5.893542
v 9.361186 2.825001 5.893542
v 9.686186 2.175000 6.456459
v 9.686186 2.825001 6.456459
v 10.443960 1.950001 6.018958
v 10.118960 1.950000 5.456042
v 9.881042 1.950001 6.343958
v 9.556042 1.950001 5.781042
v 10.118960 3.050000 5.456042
v 10.443960 3.050000 6.018958
v 9.556042 3.050000 5.781042
v 9.881042 3.050000 6.343958
v 9.443542 2.175000 5.586186
v 10.006460 2.175000 5.261186
v 9.443542 2.825001 5.586186
v 10.006460 2.825001 5.261186
v 10.313810 2.825001 5.343542
v 10.313810 2.175000 5.343542
v 10.638810 2.825001 5.906458
v 10.638810 2.175000 5.906458
v 10.683010 2.000000 6.083013
v 10.683010 3.000000 6.083013
v 9.816987 2.000000 6.583013
v 9.816987 3.000000 6.583013
v 10.183010 3.000000 5.216987
v 10.183010 2.000000 5.216987
v 9.316987 2.000000 5.716988
v 9.316987 3.000000 5.716988
v 10.450000 0.000000 6.400000
v 10.450000 0.000000 6.500000
v 10.550000 0.000000 6.400000
v 10.550000 0.000000 6.500000
v 10.450000 0.500000 6.500000
v 10.450000 0.500000 6.400000
v 10.550000 0.500000 6.500000
v 10.550000 0.500000 6.400000
v 10.450000 0.000000 5.500000
v 10.450000 0.000000 5.600000
v 10.550000 0.000000 5.500000
v 10.550000 0.000000 5.600000
v 10.450000 0.500000 5.600000
v 10.450000 0.500000 5.500000
v 10.550000 0.500000 5.600000
v 10.550000 0.500000 5.500000
v 10.525000 0.400000 5.600000
v 10.525000 0.400000 6.400000
v 10.475000 0.400000 5.600000
v 10.475000 0.400000 6.400000
v 10.525000 0.300000 5.600000
v 10.525000 0.300000 6.400000
v 10.475000 0.300000 5.600000
v 10.475000 0.300000 6.400000
v 9.600000 0.000000 6.450000
v 9.500000 0.000000 6.450000
v 9.600000 0.000000 6.550000
v 9.500000 0.000000 6.550000
v 9.500000 0.500000 6.450000
v 9.600000 0.500000 6.450000
v 9.500000 0.500000 6.550000
v 9.600000 0.500000 6.550000
v 10.500000 0.000000 6.450000
v 10.400000 0.000000 6.450000
v 10.500000 0.000000 6.550000
v 10.400000 0.000000 6.550000
v 10.400000 0.500000 6.450000
v 10.500000 0.500000 6.450000
v 10.400000 0.500000 6.550000
v 10.500000 0.500000 6.550000
v 10.400000 0.400000 6.525000
v 9.599999 0.400001 6.525000
v 10.400000 0.400000 6.475000
v 9.599999 0.400000 6.475000
v 10.400000 0.300001 6.525000
v 9.599999 0.300001 6.525000
v 10.400000 0.300000 6.475000
v 9.599999 0.300000 6.475000
v 9.600000 0.000000 5.450000
v 9.500000 0.000000 5.450000
v 9.600000 0.000000 5.550000
v 9.500000 0.000000 5.550000
v 9.500000 0.500000 5.450000
v 9.600000 0.500000 5.450000
v 9.500000 0.500000 5.550000
v 9.600000 0.500000 5.550000
v 10.500000 0.000000 5.450000
v 10.400000 0.000000 5.450000
v 10.500000 0.000000 5.550000
v 10.400000 0.000000 5.550000
v 10.400000 0.500000 5.450000
v 10.500000 0.500000 5.450000
v 10.400000 0.500000 5.550000
v 10.500000 0.500000 5.550000
v 10.400000 0.400000 5.525000
v 9.599999 0.400000 5.525000
v 10.400000 0.400000 5.475000
v 9.599999 0.400000 5.475000
v 10.400000 0.300000 5.525000
v 9.599999 0.300000 5.525000
v 10.400000 0.300000 5.475000
v 9.599999 0.300000 5.475000
v 9.850000 0.800000 5.850000
v 9.925000 2.000000 5.925000
v 9.850000 0.800000 6.150000
v 9.925000 2.000000 6.075000
v 9.700000 0.000000 6.300000
v 10.300000 0.000000 6.300000
v 10.150000 0.800000 6.150000
v 9.700000 0.000000 5.700000
v 10.300000 0.000000 5.700000
v 10.150000 0.800000 5.850000
v 10.075000 2.000000 5.925000
v 10.075000 2.000000 6.075000
v 9.875000 4.265957 -0.060305
v 10.125000 4.265957 -0.060305
v 9.875000 4.508634 0.066292
v 10.125000 4.508634 0.066292
v 10.125000 4.395604 0.273782
v 9.875000 4.395604 0.273782
v 10.125000 4.555226 0.414644
v 9.875000 4.555226 0.414644
v 10.125000 4.966932 0.728292
v 10.125000 5.000000 1.000000
v 9.875000 4.966932 0.728292
v 9.875000 5.000000 1.000000
v 10.125000 4.777778 1.000000
v 10.125000 4.752059 0.788671
v 10.125000 4.676403 0.589680
v 10.125000 4.869660 0.472446
v 10.125000 4.713862 0.247400
v 10.125000 4.206856 0.175318
v 10.125000 4.000000 0.125000
v 10.125000 1.500000 0.125000
v 10.125000 4.000000 -0.125000
v 10.125000 1.500000 -0.125000
v 10.250000 5.000000 1.500000
v 10.250000 5.000000 2.000000
v 9.750000 5.000000 2.000000
v 9.750000 5.000000 1.500000
v 9.875000 4.206856 0.175318
v 9.875000 4.869660 0.472446
v 9.875000 4.000000 0.125000
v 10.250000 4.777778 2.000000
v 9.750000 4.777778 2.000000
v 9.875000 4.752059 0.788671
v 9.875000 4.777778 1.000000
v 9.875000 4.000000 -0.125000
v 10.250000 4.777778 1.500000
v 9.875000 4.713862 0.247400
v 9.750000 4.777778 1.500000
v 9.875000 4.676403 0.589680
v 9.875000 1.500000 -0.125000
v 9.875000 1.500000 0.125000
v 9.750000 1.000000 -0.250000
v 9.750000 1.000000 0.250000
v 10.250000 1.000000 -0.250000
v 10.250000 1.000000 0.250000
v 9.750000 -0.000000 -0.250000
v 10.250000 -0.000000 -0.250000
v 9.750000 0.000000 0.250000
v 10.250000 0.000000 0.250000
v 8.840900 0.175000 2.518718
v 8.381282 0.175000 2.059099
v 8.840900 0.825000 2.518718
v 8.381282 0.825000 2.059099
v 8.840901 0.175000 1.281281
v 8.840901 0.825000 1.281281
v 8.381282 0.175000 1.740901
v 8.381282 0.825000 1.740901
v 9.000000 -0.050000 2.359619
v 9.459620 -0.050000 1.900000
v 8.540380 -0.050000 1.900000
v 9.000000 -0.050000 1.440381
v 9.459620 1.050000 1.900000
v 9.000000 1.050000 2.359619
v 9.000000 1.050000 1.440381
v 8.540380 1.050000 1.900000
v 9.159100 0.175000 1.281282
v 9.618718 0.175000 1.740901
v 9.159100 0.825000 1.281282
v 9.618718 0.825000 1.740901
v 9.618718 0.825000 2.059099
v 9.618718 0.175000 2.059099
v 9.159099 0.825000 2.518718
v 9.159099 0.175000 2.518718
v 9.000000 0.000000 2.607107
v 9.000000 1.000000 2.607107
v 8.292893 0.000000 1.900000
v 8.292893 1.000000 1.900000
v 9.707107 1.000000 1.900000
v 9.707107 0.000000 1.900000
v 9.000000 0.000000 1.192893
v 9.000000 1.000000 1.192893
v 9.171576 0.175000 3.515376
v 8.543724 0.175000 3.347143
v 9.171576 0.825000 3.515376
v 8.543724 0.825000 3.347143
v 8.552857 0.175000 2.443724
v 8.552857 0.825000 2.443724
v 8.384624 0.175000 3.071575
v 8.384624 0.825000 3.071575
v 9.229810 -0.050000 3.298042
v 9.398042 -0.050000 2.670190
v 8.601958 -0.050000 3.129810
v 8.770190 -0.050000 2.501958
v 9.398042 1.050000 2.670190
v 9.229810 1.050000 3.298042
v 8.770190 1.050000 2.501958
v 8.601958 1.050000 3.129810
v 8.828424 0.175000 2.284625
v 9.456276 0.175000 2.452857
v 8.828424 0.825000 2.284625
v 9.456276 0.825000 2.452857
v 9.615376 0.825000 2.728425
v 9.615376 0.175000 2.728425
v 9.447143 0.825000 3.356277
v 9.447143 0.175000 3.356277
v 9.353554 0.000000 3.512372
v 9.353554 1.000000 3.512372
v 8.387628 0.000000 3.253553
v 8.387628 1.000000 3.253553
v 9.612372 1.000000 2.546447
v 9.612372 0.000000 2.546447
v 8.646446 0.000000 2.287628
v 8.646446 1.000000 2.287628
v 9.200000 0.400000 0.450000
v 7.900000 0.400000 0.450000
v 9.200000 1.700000 0.450000
v 7.900000 1.700000 0.450000
v 7.450000 0.400000 -1.300000
v 7.450000 1.700000 -1.300000
v 7.450000 0.400000 -0.000000
v 7.450000 1.700000 -0.000000
v 9.200000 -0.050000 0.000000
v 9.200000 -0.050000 -1.300000
v 7.900000 -0.050000 0.000000
v 7.900000 -0.050000 -1.300000
v 9.200000 2.150000 -1.300000
v 9.200000 2.150000 -0.000000
v 7.900000 2.150000 -1.300000
v 7.900000 2.150000 -0.000000
v 7.900000 0.400000 -1.750000
v 9.200000 0.400000 -1.750000
v 7.900000 1.700000 -1.750000
v 9.200000 1.700000 -1.750000
v 9.650001 1.700000 -1.300000
v 9.650001 0.400000 -1.300000
v 9.650001 1.700000 -0.000000
v 9.650001 0.400000 -0.000000
v 9.550000 0.050000 0.350000
v 9.550000 2.050000 0.350000
v 7.550000 0.050000 0.350000
v 7.550000 2.050000 0.350000
v 9.550000 2.050000 -1.650000
v 9.550000 0.050000 -1.650000
v 7.550000 0.050000 -1.650000
v 7.550000 2.050000 -1.650000
v 9.550000 0.000000 1.700000
v 9.550000 0.000000 1.500000
v 9.450000 0.000000 1.700000
v 9.450000 0.000000 1.500000
v 9.550000 1.000000 1.500000
v 9.550000 1.000000 1.700000
v 9.450000 1.000000 1.500000
v 9.450000 1.000000 1.700000
v 9.550000 0.000000 3.500000
v 9.550000 0.000000 3.300000
v 9.450000 0.000000 3.500000
v 9.450000 0.000000 3.300000
v 9.550000 1.000000 3.300000
v 9.550000 1.000000 3.500000
v 9.450000 1.000000 3.300000
v 9.450000 1.000000 3.500000
v 9.475000 0.900000 3.300000
v 9.475000 0.900000 1.700000
v 9.525000 0.900000 3.300000
v 9.525000 0.900000 1.700000
v 9.475000 0.800000 3.300000
v 9.475000 0.800000 1.700000
v 9.525000 0.800000 3.300000
v 9.525000 0.800000 1.700000
v 9.575000 0.973743 1.778473
v 9.575000 0.023988 1.821579
v 9.575000 0.976012 1.978421
v 9.575000 0.026257 2.021527
v 9.525001 0.026257 2.021527
v 9.525001 0.976012 1.978421
v 9.525001 0.023988 1.821579
v 9.525001 0.973743 1.778473
v 9.575000 0.976397 3.031552
v 9.575000 0.026919 2.968557
v 9.575000 0.973081 3.231442
v 9.575000 0.023604 3.168447
v 9.525001 0.023604 3.168447
v 9.525001 0.973081 3.231442
v 9.525001 0.026919 2.968557
v 9.525001 0.976397 3.031552
v 9.575000 0.973195 2.370209
v 9.575000 0.023664 2.429889
v 9.575000 0.976336 2.570110
v 9.575000 0.026805 2.629791
v 9.525001 0.026805 2.629791
v 9.525001 0.976336 2.570110
v 9.525001 0.023664 2.429889
v 9.525001 0.973195 2.370209
v 9.475000 0.200000 3.300000
v 9.475000 0.200000 1.700000
v 9.525000 0.200000 3.300000
v 9.525000 0.200000 1.700000
v 9.475000 0.100000 3.300000
v 9.475000 0.100000 1.700000
v 9.525000 0.100000 3.300000
v 9.525000 0.100000 1.700000
v 9.550000 1.000937 2.120965
v 9.550000 0.001157 2.079080
v 9.550000 0.998843 2.320920
v 9.550000 -0.000937 2.279036
v 9.525000 -0.000937 2.279036
v 9.525000 0.998843 2.320920
v 9.525000 0.001157 2.079080
v 9.525000 1.000937 2.120965
v 9.550000 1.000000 2.700000
v 9.550000 0.000000 2.700000
v 9.550000 1.000000 2.900000
v 9.550000 0.000000 2.900000
v 9.525000 0.000000 2.900000
v 9.525000 1.000000 2.900000
v 9.525000 0.000000 2.700000
v 9.525000 1.000000 2.700000
v 9.450000 0.000000 6.400000
v 9.450000 0.000000 6.500000
v 9.550000 0.000000 6.400000
v 9.550000 0.000000 6.500000
v 9.450000 0.500000 6.500000
v 9.450000 0.500000 6.400000
v 9.550000 0.500000 6.500000
v 9.550000 0.500000 6.400000
v 9.450000 0.000000 5.500000
v 9.450000 0.000000 5.600000
v 9.550000 0.000000 5.500000
v 9.550000 0.000000 5.600000
v 9.450000 0.500000 5.600000
v 9.450000 0.500000 5.500000
v 9.550000 0.500000 5.600000
v 9.550000 0.500000 5.500000
v 9.525000 0.400000 5.600000
v 9.525000 0.400000 6.400000
v 9.475000 0.400000 5.600000
v 9.475000 0.400000 6.400000
v 9.525000 0.300000 5.600000
v 9.525000 0.300000 6.400000
v 9.475000 0.300000 5.600000
v 9.475000 0.300000 6.400000
v 8.600000 0.000000 0.450000
v 8.500000 0.000000 0.450000
v 8.600000 0.000000 0.550000
v 8.500000 0.000000 0.550000
v 8.500000 0.500000 0.450000
v 8.600000 0.500000 0.450000
v 8.500000 0.500000 0.550000
v 8.600000 0.500000 0.550000
v 9.500000 0.000000 0.450000
v 9.400000 0.000000 0.450000
v 9.500000 0.000000 0.550000
v 9.400000 0.000000 0.550000
v 9.400000 0.500000 0.450000
v 9.500000 0.500000 0.450000
v 9.400000 0.500000 0.550000
v 9.500000 0.500000 0.550000
v 9.400001 0.400000 0.525000
v 8.599999 0.400000 0.525000
v 9.400001 0.400000 0.475000
v 8.599999 0.400000 0.475000
v 9.400001 0.300000 0.525000
v 8.599999 0.300000 0.525000
v 9.400001 0.300000 0.475000
v 8.599999 0.300000 0.475000
v 9.300000 0.000000 3.550000
v 9.500000 0.000000 3.550000
v 9.300000 0.000000 3.450000
v 9.500000 0.000000 3.450000
v 9.500000 1.000000 3.550000
v 9.300000 1.000000 3.550000
v 9.500000 1.000000 3.450000
v 9.300000 1.000000 3.450000
v 7.500000 0.000000 3.550000
v 7.700000 0.000000 3.550000
v 7.500000 0.000000 3.450000
v 7.700000 0.000000 3.450000
v 7.700000 1.000000 3.550000
v 7.500000 1.000000 3.550000
v 7.700000 1.000000 3.450000
v 7.500000 1.000000 3.450000
v 7.700000 0.900000 3.475000
v 9.300000 0.900000 3.475000
v 7.700000 0.900000 3.525000
v 9.300000 0.900000 3.525000
v 7.700000 0.800000 3.475000
v 9.300000 0.800000 3.475000
v 7.700000 0.800000 3.525000
v 9.300000 0.800000 3.525000
v 9.221527 0.973744 3.575000
v 9.178421 0.023988 3.575000
v 9.021579 0.976012 3.575000
v 8.978473 0.026257 3.575000
v 8.978473 0.026257 3.525000
v 9.021579 0.976012 3.525000
v 9.178421 0.023988 3.525000
v 9.221527 0.973744 3.525000
v 7.968448 0.976397 3.575000
v 8.031443 0.026919 3.575000
v 7.768558 0.973081 3.575000
v 7.831553 0.023604 3.575000
v 7.831553 0.023604 3.525000
v 7.768558 0.973081 3.525000
v 8.031443 0.026919 3.525000
v 7.968448 0.976397 3.525000
v 8.629791 0.973195 3.575000
v 8.570110 0.023664 3.575000
v 8.429890 0.976336 3.575000
v 8.370210 0.026805 3.575000
v 8.370210 0.026805 3.525000
v 8.429890 0.976336 3.525000
v 8.570110 0.023664 3.525000
v 8.629791 0.973195 3.525000
v 7.700000 0.200000 3.475000
v 9.300000 0.200000 3.475000
v 7.700000 0.200000 3.525000
v 9.300000 0.200000 3.525000
v 7.700000 0.100000 3.475000
v 9.300000 0.100000 3.475000
v 7.700000 0.100000 3.525000
v 9.300000 0.100000 3.525000
v 8.879036 1.000937 3.550000
v 8.920920 0.001157 3.550000
v 8.679079 0.998843 3.550000
v 8.720964 -0.000937 3.550000
v 8.720964 -0.000937 3.525000
v 8.679079 0.998843 3.525000
v 8.920920 0.001157 3.525000
v 8.879036 1.000937 3.525000
v 8.300000 1.000000 3.550000
v 8.300000 0.000000 3.550000
v 8.099999 1.000000 3.550000
v 8.099999 0.000000 3.550000
v 8.099999 0.000000 3.525000
v 8.099999 1.000000 3.525000
v 8.300000 0.000000 3.525000
v 8.300000 1.000000 3.525000
v 8.171576 0.175000 3.515376
v 7.543724 0.175000 3.347143
v 8.171576 0.825000 3.515376
v 7.543724 0.825000 3.347143
v 7.552857 0.175000 2.443724
v 7.552857 0.825000 2.443724
v 7.384624 0.175000 3.071575
v 7.384624 0.825000 3.071575
v 8.229810 -0.050000 3.298042
v 8.398042 -0.050000 2.670190
v 7.601958 -0.050000 3.129810
v 7.770190 -0.050000 2.501958
v 8.398042 1.050000 2.670190
v 8.229810 1.050000 3.298042
v 7.770190 1.050000 2.501958
v 7.601958 1.050000 3.129810
v 7.828424 0.175000 2.284625
v 8.456276 0.175000 2.452857
v 7.828424 0.825000 2.284625
v 8.456276 0.825000 2.452857
v 8.615376 0.825000 2.728425
v 8.615376 0.175000 2.728425
v 8.447143 0.825000 3.356277
v 8.447143 0.175000 3.356277
v 8.353554 0.000000 3.512372
v 8.353554 1.000000 3.512372
v 7.387628 0.000000 3.253553
v 7.387628 1.000000 3.253553
v 8.612372 1.000000 2.546447
v 8.612372 0.000000 2.546447
v 7.646447 0.000000 2.287628
v 7.646447 1.000000 2.287628
v 7.600000 0.000000 0.450000
v 7.500000 0.000000 0.450000
v 7.600000 0.000000 0.550000
v 7.500000 0.000000 0.550000
v 7.500000 0.500000 0.450000
v 7.600000 0.500000 0.450000
v 7.500000 0.500000 0.550000
v 7.600000 0.500000 0.550000
v 8.500000 0.000000 0.450000
v 8.400000 0.000000 0.450000
v 8.500000 0.000000 0.550000
v 8.400000 0.000000 0.550000
v 8.400000 0.500000 0.450000
v 8.500000 0.500000 0.450000
v 8.400000 0.500000 0.550000
v 8.500000 0.500000 0.550000
v 8.400001 0.400000 0.525000
v 7.600000 0.400000 0.525000
v 8.400001 0.400000 0.475000
v 7.600000 0.400000 0.475000
v 8.400001 0.300000 0.525000
v 7.600000 0.300000 0.525000
v 8.400001 0.300000 0.475000
v 7.600000 0.300000 0.475000
v 6.750000 0.625000 -0.550000
v 4.150000 0.625000 -0.550000
v 6.750000 2.575000 -0.550000
v 4.150000 2.575000 -0.550000
v 3.250000 0.625000 -2.300000
v 3.250000 2.575000 -2.300000
v 3.250000 0.625000 -1.000000
v 3.250000 2.575000 -1.000000
v 6.750000 -0.050000 -1.000000
v 6.750000 -0.050000 -2.300000
v 4.150000 -0.050000 -1.000000
v 4.150000 -0.050000 -2.300000
v 6.750000 3.250000 -2.300000
v 6.750000 3.250000 -1.000000
v 4.150000 3.250000 -2.300000
v 4.150000 3.250000 -1.000000
v 4.150000 0.625000 -2.750000
v 6.750000 0.625000 -2.750000
v 4.150000 2.575000 -2.750000
v 6.750000 2.575000 -2.750000
v 7.650000 2.575000 -2.300000
v 7.650000 0.625000 -2.300000
v 7.650000 2.575000 -1.000000
v 7.650000 0.625000 -1.000000
v 7.450000 0.100000 -0.650000
v 7.450000 3.100000 -0.650000
v 3.450000 0.100000 -0.650000
v 3.450000 3.100000 -0.650000
v 7.450000 3.100000 -2.650000
v 7.450000 0.100000 -2.650000
v 3.450000 0.100000 -2.650000
v 3.450000 3.100000 -2.650000
v 7.500000 3.500000 5.000000
v 7.500000 3.000000 4.500000
v 7.500000 3.000000 5.500000
v 7.600000 3.000000 4.358579
v 7.600000 3.641422 5.000000
v 6.400000 3.000000 4.358579
v 6.400000 3.641422 5.000000
v 7.600000 3.000000 5.641421
v 6.400000 3.000000 5.641421
v 7.600000 2.929289 4.429289
v 7.600000 3.500000 5.000000
v 7.600000 2.929290 5.570711
v 6.400000 2.929290 5.570711
v 6.400000 2.929289 4.429289
v 6.400000 3.500000 5.000000
v 7.500000 2.000000 4.500000
v 7.500000 2.000000 3.500000
v 6.500000 2.000000 4.500000
v 6.500000 2.000000 3.500000
v 6.400000 3.141421 4.500000
v 6.400000 3.000000 4.500000
v 6.400000 2.000000 3.358579
v 6.400000 1.929289 3.429289
v 7.600000 3.000000 4.500000
v 7.600000 1.929289 3.429289
v 7.600000 2.000000 3.358579
v 7.600000 3.141421 4.500000
v 7.500000 2.000000 5.500000
v 6.500000 2.000000 5.500000
v 6.600000 0.000000 0.450000
v 6.500000 0.000000 0.450000
v 6.600000 0.000000 0.550000
v 6.500000 0.000000 0.550000
v 6.500000 0.500000 0.450000
v 6.600000 0.500000 0.450000
v 6.500000 0.500000 0.550000
v 6.600000 0.500000 0.550000
v 7.500000 0.000000 0.450000
v 7.400000 0.000000 0.450000
v 7.500000 0.000000 0.550000
v 7.400000 0.000000 0.550000
v 7.400000 0.500000 0.450000
v 7.500000 0.500000 0.450000
v 7.400000 0.500000 0.550000
v 7.500000 0.500000 0.550000
v 7.400000 0.400000 0.525000
v 6.600000 0.400000 0.525000
v 7.400000 0.400000 0.475000
v 6.600000 0.400000 0.475000
v 7.400000 0.300000 0.525000
v 6.600000 0.300000 0.525000
v 7.400000 0.300000 0.475000
v 6.600000 0.300000 0.475000
v 5.400000 3.141421 4.500000
v 5.400000 3.000000 4.500000
v 5.400000 2.000000 3.358579
v 5.400000 1.929289 3.429289
v 6.600000 3.000000 4.500000
v 6.600000 1.929289 3.429289
v 6.600000 2.000000 3.358579
v 6.600000 3.141421 4.500000
v 0.450000 0.000001 11.400000
v 0.450000 0.000001 11.500000
v 0.550000 0.000001 11.400000
v 0.550000 0.000001 11.500000
v 0.450000 0.500001 11.500000
v 0.450000 0.500001 11.400000
v 0.550000 0.500001 11.500000
v 0.550000 0.500001 11.400000
v 0.450000 0.000001 10.500000
v 0.450000 0.000001 10.600000
v 0.550000 0.000001 10.500000
v 0.550000 0.000001 10.600000
v 0.450000 0.500001 10.600000
v 0.450000 0.500001 10.500000
v 0.550000 0.500001 10.600000
v 0.550000 0.500001 10.500000
v 0.525000 0.400001 10.600000
v 0.525000 0.400001 11.400000
v 0.475000 0.400001 10.600000
v 0.475000 0.400001 11.400000
v 0.525000 0.300001 10.600000
v 0.525000 0.300001 11.400000
v 0.475000 0.300001 10.600000
v 0.475000 0.300001 11.400000
v 0.450000 0.000001 12.400000
v 0.450000 0.000001 12.500000
v 0.550000 0.000001 12.400000
v 0.550000 0.000001 12.500000
v 0.450000 0.500001 12.500000
v 0.450000 0.500001 12.400000
v 0.550000 0.500001 12.500000
v 0.550000 0.500001 12.400000
v 0.450000 0.000001 11.500000
v 0.450000 0.000001 11.600000
v 0.550000 0.000001 11.500000
v 0.550000 0.000001 11.600000
v 0.450000 0.500001 11.600000
v 0.450000 0.500001 11.500000
v 0.550000 0.500001 11.600000
v 0.550000 0.500001 11.500000
v 0.525000 0.400001 11.600000
v 0.525000 0.400001 12.400000
v 0.475000 0.400001 11.600000
v 0.475000 0.400001 12.400000
v 0.525000 0.300001 11.600000
v 0.525000 0.300001 12.400000
v 0.475000 0.300001 11.600000
v 0.475000 0.300001 12.400000
v 14.450000 0.000001 18.400000
v 14.450000 0.000001 18.500000
v 14.550000 0.000001 18.400000
v 14.550000 0.000001 18.500000
v 14.450000 0.500001 18.500000
v 14.450000 0.500001 18.400000
v 14.550000 0.500001 18.500000
v 14.550000 0.500001 18.400000
v 14.450000 0.000001 17.500000
v 14.450000 0.000001 17.600000
v 14.550000 0.000001 17.500000
v 14.550000 0.000001 17.600000
v 14.450000 0.500001 17.600000
v 14.450000 0.500001 17.500000
v 14.550000 0.500001 17.600000
v 14.550000 0.500001 17.500000
v 14.525000 0.400001 17.600000
v 14.525000 0.400001 18.400000
v 14.475000 0.400001 17.600000
v 14.475000 0.400001 18.400000
v 14.525000 0.300001 17.600000
v 14.525000 0.300001 18.400000
v 14.475000 0.300001 17.600000
v 14.475000 0.300001 18.400000
v 14.450000 0.000001 19.400000
v 14.450000 0.000001 19.500000
v 14.550000 0.000001 19.400000
v 14.550000 0.000001 19.500000
v 14.450000 0.500001 19.500000
v 14.450000 0.500001 19.400000
v 14.550000 0.500001 19.500000
v 14.550000 0.500001 19.400000
v 14.450000 0.000001 18.600000
v 14.550000 0.000001 18.600000
v 14.450000 0.500001 18.600000
v 14.550000 0.500001 18.600000
v 14.525000 0.400001 18.600000
v 14.525000 0.400001 19.400000
v 14.475000 0.400001 18.600000
v 14.475000 0.400001 19.400000
v 14.525000 0.300001 18.600000
v 14.525000 0.300001 19.400000
v 14.475000 0.300001 18.600000
v 14.475000 0.300001 19.400000
v 19.860001 0.770001 16.860001
v 20.139999 0.770001 16.860001
v 19.860001 0.850001 16.860001
v 20.139999 0.850001 16.860001
v 19.860001 0.770001 17.139999
v 19.809999 0.720001 16.809999
v 19.809999 0.720001 17.190001
v 20.139999 0.770001 17.139999
v 20.139999 0.850001 17.139999
v 19.860001 0.850001 17.139999
v 20.190001 0.720001 17.190001
v 20.190001 0.720001 16.809999
v 20.190001 0.500001 16.809999
v 20.190001 0.500001 17.190001
v 19.809999 0.500001 16.809999
v 19.809999 0.500001 17.190001
v 20.165001 1.500001 17.165001
v 19.834999 1.500001 17.165001
v 20.165001 1.500001 16.834999
v 19.834999 1.500001 16.834999
v 20.165001 1.380001 17.165001
v 19.834999 1.380001 17.165001
v 19.860001 1.305001 16.860001
v 20.139999 1.305001 16.860001
v 19.834999 1.380001 16.834999
v 20.165001 1.380001 16.834999
v 20.139999 1.305001 17.139999
v 19.860001 1.305001 17.139999
v 19.580000 0.170001 16.580000
v 20.420000 0.170001 16.580000
v 19.580000 0.400001 16.580000
v 20.420000 0.400001 16.580000
v 20.420000 0.170001 17.420000
v 19.580000 0.170001 17.420000
v 20.420000 0.400001 17.420000
v 19.580000 0.400001 17.420000
v 19.430000 0.120001 16.430000
v 19.430000 0.120001 17.570000
v 20.570000 0.120001 16.430000
v 20.570000 0.120001 17.570000
v 20.570000 0.000001 16.430000
v 20.570000 0.000001 17.570000
v 19.430000 0.000001 16.430000
v 19.430000 0.000001 17.570000
v 20.495001 0.595001 17.495001
v 19.504999 0.595001 17.495001
v 20.495001 0.595001 16.504999
v 19.504999 0.595001 16.504999
v 20.495001 0.475001 17.495001
v 19.504999 0.475001 17.495001
v 19.504999 0.475001 16.504999
v 20.495001 0.475001 16.504999
v 19.850000 0.800001 9.850000
v 19.924999 2.000001 9.925000
v 19.850000 0.800001 10.150000
v 19.924999 2.000001 10.075000
v 19.700001 0.000001 10.300000
v 20.299999 0.000001 10.300000
v 20.150000 0.800001 10.150000
v 19.700001 0.000001 9.700000
v 20.299999 0.000001 9.700000
v 20.150000 0.800001 9.850000
v 20.075001 2.000001 9.925000
v 20.075001 2.000001 10.075000
v 19.600000 0.000001 10.450000
v 19.500000 0.000001 10.450000
v 19.600000 0.000001 10.550000
v 19.500000 0.000001 10.550000
v 19.500000 0.500001 10.450000
v 19.600000 0.500001 10.450000
v 19.500000 0.500001 10.550000
v 19.600000 0.500001 10.550000
v 20.500000 0.000001 10.450000
v 20.400000 0.000001 10.450000
v 20.500000 0.000001 10.550000
v 20.400000 0.000001 10.550000
v 20.400000 0.500001 10.450000
v 20.500000 0.500001 10.450000
v 20.400000 0.500001 10.550000
v 20.500000 0.500001 10.550000
v 20.400000 0.400001 10.525000
v 19.600000 0.400001 10.525000
v 20.400000 0.400001 10.475000
v 19.600000 0.400001 10.475000
v 20.400000 0.300001 10.525000
v 19.600000 0.300001 10.525000
v 20.400000 0.300001 10.475000
v 19.600000 0.300001 10.475000
v 19.450001 0.000001 10.400000
v 19.450001 0.000001 10.500000
v 19.549999 0.000001 10.400000
v 19.549999 0.000001 10.500000
v 19.450001 0.500001 10.500000
v 19.450001 0.500001 10.400000
v 19.549999 0.500001 10.500000
v 19.549999 0.500001 10.400000
v 19.450001 0.000001 9.500000
v 19.450001 0.000001 9.600000
v 19.549999 0.000001 9.500000
v 19.549999 0.000001 9.600000
v 19.450001 0.500001 9.600000
v 19.450001 0.500001 9.500000
v 19.549999 0.500001 9.600000
v 19.549999 0.500001 9.500000
v 19.525000 0.400001 9.600000
v 19.525000 0.400001 10.400000
v 19.475000 0.400001 9.600000
v 19.475000 0.400001 10.400000
v 19.525000 0.300001 9.600000
v 19.525000 0.300001 10.400000
v 19.475000 0.300001 9.600000
v 19.475000 0.300001 10.400000
v 19.600000 0.000001 9.450000
v 19.500000 0.000001 9.450000
v 19.600000 0.000001 9.550000
v 19.500000 0.000001 9.550000
v 19.500000 0.500001 9.450000
v 19.600000 0.500001 9.450000
v 19.500000 0.500001 9.550000
v 19.600000 0.500001 9.550000
v 20.500000 0.000001 9.450000
v 20.400000 0.000001 9.450000
v 20.500000 0.000001 9.550000
v 20.400000 0.000001 9.550000
v 20.400000 0.500001 9.450000
v 20.500000 0.500001 9.450000
v 20.400000 0.500001 9.550000
v 20.500000 0.500001 9.550000
v 20.400000 0.400001 9.525000
v 19.600000 0.400001 9.525000
v 20.400000 0.400001 9.475000
v 19.600000 0.400001 9.475000
v 20.400000 0.300001 9.525000
v 19.600000 0.300001 9.525000
v 20.400000 0.300001 9.475000
v 19.600000 0.300001 9.475000
v 20.450001 0.000001 10.400000
v 20.450001 0.000001 10.500000
v 20.549999 0.000001 10.400000
v 20.549999 0.000001 10.500000
v 20.450001 0.500001 10.500000
v 20.450001 0.500001 10.400000
v 20.549999 0.500001 10.500000
v 20.549999 0.500001 10.400000
v 20.450001 0.000001 9.500000
v 20.450001 0.000001 9.600000
v 20.549999 0.000001 9.500000
v 20.549999 0.000001 9.600000
v 20.450001 0.500001 9.600000
v 20.450001 0.500001 9.500000
v 20.549999 0.500001 9.600000
v 20.549999 0.500001 9.500000
v 20.525000 0.400001 9.600000
v 20.525000 0.400001 10.400000
v 20.475000 0.400001 9.600000
v 20.475000 0.400001 10.400000
v 20.525000 0.300001 9.600000
v 20.525000 0.300001 10.400000
v 20.475000 0.300001 9.600000
v 20.475000 0.300001 10.400000
v 20.556459 2.175001 10.213810
v 19.993540 2.175001 10.538810
v 20.556459 2.825001 10.213810
v 19.993540 2.825001 10.538810
v 19.361191 2.175001 9.893541
v 19.361191 2.825001 9.893541
v 19.686190 2.175001 10.456460
v 19.686190 2.825001 10.456460
v 20.443960 1.950001 10.018960
v 20.118959 1.950001 9.456041
v 19.881041 1.950001 10.343960
v 19.556040 1.950001 9.781041
v 20.118959 3.050001 9.456041
v 20.443960 3.050001 10.018960
v 19.556040 3.050001 9.781041
v 19.881041 3.050001 10.343960
v 19.443541 2.175001 9.586185
v 20.006460 2.175001 9.261186
v 19.443541 2.825001 9.586185
v 20.006460 2.825001 9.261186
v 20.313810 2.825001 9.343541
v 20.313810 2.175001 9.343541
v 20.638809 2.825001 9.906458
v 20.638809 2.175001 9.906458
v 20.683010 2.000001 10.083010
v 20.683010 3.000001 10.083010
v 19.816990 2.000001 10.583010
v 19.816990 3.000001 10.583010
v 20.183010 3.000001 9.216987
v 20.183010 2.000001 9.216987
v 19.316990 2.000001 9.716987
v 19.316990 3.000001 9.716987
v 28.850000 0.800001 9.850000
v 28.924999 2.000001 9.925000
v 28.850000 0.800001 10.150000
v 28.924999 2.000001 10.075000
v 28.700001 0.000001 10.300000
v 29.299999 0.000001 10.300000
v 29.150000 0.800001 10.150000
v 28.700001 0.000001 9.700000
v 29.299999 0.000001 9.700000
v 29.150000 0.800001 9.850000
v 29.075001 2.000001 9.925000
v 29.075001 2.000001 10.075000
v 29.450001 0.000001 10.400000
v 29.450001 0.000001 10.500000
v 29.549999 0.000001 10.400000
v 29.549999 0.000001 10.500000
v 29.450001 0.500001 10.500000
v 29.450001 0.500001 10.400000
v 29.549999 0.500001 10.500000
v 29.549999 0.500001 10.400000
v 29.450001 0.000001 9.500000
v 29.450001 0.000001 9.600000
v 29.549999 0.000001 9.500000
v 29.549999 0.000001 9.600000
v 29.450001 0.500001 9.600000
v 29.450001 0.500001 9.500000
v 29.549999 0.500001 9.600000
v 29.549999 0.500001 9.500000
v 29.525000 0.400001 9.600000
v 29.525000 0.400001 10.400000
v 29.475000 0.400001 9.600000
v 29.475000 0.400001 10.400000
v 29.525000 0.300001 9.600000
v 29.525000 0.300001 10.400000
v 29.475000 0.300001 9.600000
v 29.475000 0.300001 10.400000
v 28.600000 0.000001 10.450000
v 28.500000 0.000001 10.450000
v 28.600000 0.000001 10.550000
v 28.500000 0.000001 10.550000
v 28.500000 0.500001 10.450000
v 28.600000 0.500001 10.450000
v 28.500000 0.500001 10.550000
v 28.600000 0.500001 10.550000
v 29.500000 0.000001 10.450000
v 29.400000 0.000001 10.450000
v 29.500000 0.000001 10.550000
v 29.400000 0.000001 10.550000
v 29.400000 0.500001 10.450000
v 29.500000 0.500001 10.450000
v 29.400000 0.500001 10.550000
v 29.500000 0.500001 10.550000
v 29.400000 0.400001 10.525000
v 28.600000 0.400001 10.525000
v 29.400000 0.400001 10.475000
v 28.600000 0.400001 10.475000
v 29.400000 0.300001 10.525000
v 28.600000 0.300001 10.525000
v 29.400000 0.300001 10.475000
v 28.600000 0.300001 10.475000
v 28.450001 0.000001 10.400000
v 28.450001 0.000001 10.500000
v 28.549999 0.000001 10.400000
v 28.549999 0.000001 10.500000
v 28.450001 0.500001 10.500000
v 28.450001 0.500001 10.400000
v 28.549999 0.500001 10.500000
v 28.549999 0.500001 10.400000
v 28.450001 0.000001 9.500000
v 28.450001 0.000001 9.600000
v 28.549999 0.000001 9.500000
v 28.549999 0.000001 9.600000
v 28.450001 0.500001 9.600000
v 28.450001 0.500001 9.500000
v 28.549999 0.500001 9.600000
v 28.549999 0.500001 9.500000
v 28.525000 0.400001 9.600000
v 28.525000 0.400001 10.400000
v 28.475000 0.400001 9.600000
v 28.475000 0.400001 10.400000
v 28.525000 0.300001 9.600000
v 28.525000 0.300001 10.400000
v 28.475000 0.300001 9.600000
v 28.475000 0.300001 10.400000
v 28.600000 0.000001 9.450000
v 28.500000 0.000001 9.450000
v 28.600000 0.000001 9.550000
v 28.500000 0.000001 9.550000
v 28.500000 0.500001 9.450000
v 28.600000 0.500001 9.450000
v 28.500000 0.500001 9.550000
v 28.600000 0.500001 9.550000
v 29.500000 0.000001 9.450000
v 29.400000 0.000001 9.450000
v 29.500000 0.000001 9.550000
v 29.400000 0.000001 9.550000
v 29.400000 0.500001 9.450000
v 29.500000 0.500001 9.450000
v 29.400000 0.500001 9.550000
v 29.500000 0.500001 9.550000
v 29.400000 0.400001 9.525000
v 28.600000 0.400001 9.525000
v 29.400000 0.400001 9.475000
v 28.600000 0.400001 9.475000
v 29.400000 0.300001 9.525000
v 28.600000 0.300001 9.525000
v 29.400000 0.300001 9.475000
v 28.600000 0.300001 9.475000
v 29.556459 2.175001 10.213810
v 28.993540 2.175001 10.538810
v 29.556459 2.825001 10.213810
v 28.993540 2.825001 10.538810
v 28.361191 2.175001 9.893541
v 28.361191 2.825001 9.893541
v 28.686190 2.175001 10.456460
v 28.686190 2.825001 10.456460
v 29.443960 1.950001 10.018960
v 29.118959 1.950001 9.456041
v 28.881041 1.950001 10.343960
v 28.556040 1.950001 9.781041
v 29.118959 3.050001 9.456041
v 29.443960 3.050001 10.018960
v 28.556040 3.050001 9.781041
v 28.881041 3.050001 10.343960
v 28.443541 2.175001 9.586185
v 29.006460 2.175001 9.261186
v 28.443541 2.825001 9.586185
v 29.006460 2.825001 9.261186
v 29.313810 2.825001 9.343541
v 29.313810 2.175001 9.343541
v 29.638809 2.825001 9.906458
v 29.638809 2.175001 9.906458
v 29.683010 2.000001 10.083010
v 29.683010 3.000001 10.083010
v 28.816990 2.000001 10.583010
v 28.816990 3.000001 10.583010
v 29.183010 3.000001 9.216987
v 29.183010 2.000001 9.216987
v 28.316990 2.000001 9.716987
v 28.316990 3.000001 9.716987
v 13.325000 -0.324999 13.450000
v 12.675000 -0.324999 13.450000
v 13.325000 0.325001 13.450000
v 12.675000 0.325001 13.450000
v 12.450000 -0.324999 12.575000
v 12.450000 0.325001 12.575000
v 12.450000 -0.324999 13.225000
v 12.450000 0.325001 13.225000
v 13.325000 -0.549999 13.225000
v 13.325000 -0.549999 12.575000
v 12.675000 -0.549999 13.225000
v 12.675000 -0.549999 12.575000
v 13.325000 0.550001 12.575000
v 13.325000 0.550001 13.225000
v 12.675000 0.550001 12.575000
v 12.675000 0.550001 13.225000
v 12.675000 -0.324999 12.350000
v 13.325000 -0.324999 12.350000
v 12.675000 0.325001 12.350000
v 13.325000 0.325001 12.350000
v 13.550000 0.325001 12.575000
v 13.550000 -0.324999 12.575000
v 13.550000 0.325001 13.225000
v 13.550000 -0.324999 13.225000
v 13.500000 -0.499999 13.400000
v 13.500000 0.500001 13.400000
v 12.500000 -0.499999 13.400000
v 12.500000 0.500001 13.400000
v 13.500000 0.500001 12.400000
v 13.500000 -0.499999 12.400000
v 12.500000 -0.499999 12.400000
v 12.500000 0.500001 12.400000
v 12.600000 0.000001 13.450000
v 12.600000 0.000001 13.550000
v 12.600000 0.500001 13.450000
v 12.600000 0.500001 13.550000
v 13.500000 0.000001 13.450000
v 13.400000 0.000001 13.450000
v 13.500000 0.000001 13.550000
v 13.400000 0.000001 13.550000
v 13.400000 0.500001 13.450000
v 13.500000 0.500001 13.450000
v 13.400000 0.500001 13.550000
v 13.500000 0.500001 13.550000
v 13.400000 0.400001 13.525000
v 12.600000 0.400001 13.525000
v 13.400000 0.400001 13.475000
v 12.600000 0.400001 13.475000
v 13.400000 0.300001 13.525000
v 12.600000 0.300001 13.525000
v 13.400000 0.300001 13.475000
v 12.600000 0.300001 13.475000
v 13.600000 0.000001 13.450000
v 13.600000 0.000001 13.550000
v 13.600000 0.500001 13.450000
v 13.600000 0.500001 13.550000
v 14.500000 0.000001 13.450000
v 14.400000 0.000001 13.450000
v 14.500000 0.000001 13.550000
v 14.400000 0.000001 13.550000
v 14.400000 0.500001 13.450000
v 14.500000 0.500001 13.450000
v 14.400000 0.500001 13.550000
v 14.500000 0.500001 13.550000
v 14.400000 0.400001 13.525000
v 13.600000 0.400001 13.525000
v 14.400000 0.400001 13.475000
v 13.600000 0.400001 13.475000
v 14.400000 0.300001 13.525000
v 13.600000 0.300001 13.525000
v 14.400000 0.300001 13.475000
v 13.600000 0.300001 13.475000
v 14.600000 0.000001 13.450000
v 14.600000 0.000001 13.550000
v 14.600000 0.500001 13.450000
v 14.600000 0.500001 13.550000
v 15.500000 0.000001 13.450000
v 15.400000 0.000001 13.450000
v 15.500000 0.000001 13.550000
v 15.400000 0.000001 13.550000
v 15.400000 0.500001 13.450000
v 15.500000 0.500001 13.450000
v 15.400000 0.500001 13.550000
v 15.500000 0.500001 13.550000
v 15.400000 0.400001 13.525000
v 14.600000 0.400001 13.525000
v 15.400000 0.400001 13.475000
v 14.600000 0.400001 13.475000
v 15.400000 0.300001 13.525000
v 14.600000 0.300001 13.525000
v 15.400000 0.300001 13.475000
v 14.600000 0.300001 13.475000
v 15.600000 0.000001 13.450000
v 15.600000 0.000001 13.550000
v 15.600000 0.500001 13.450000
v 15.600000 0.500001 13.550000
v 16.500000 0.000001 13.450000
v 16.400000 0.000001 13.450000
v 16.500000 0.000001 13.550000
v 16.400000 0.000001 13.550000
v 16.400000 0.500001 13.450000
v 16.500000 0.500001 13.450000
v 16.400000 0.500001 13.550000
v 16.500000 0.500001 13.550000
v 16.400000 0.400001 13.525000
v 15.600000 0.400001 13.525000
v 16.400000 0.400001 13.475000
v 15.600000 0.400001 13.475000
v 16.400000 0.300001 13.525000
v 15.600000 0.300001 13.525000
v 16.400000 0.300001 13.475000
v 15.600000 0.300001 13.475000
v 16.600000 0.000001 13.450000
v 16.600000 0.000001 13.550000
v 16.600000 0.500001 13.450000
v 16.600000 0.500001 13.550000
v 17.500000 0.000001 13.450000
v 17.400000 0.000001 13.450000
v 17.500000 0.000001 13.550000
v 17.400000 0.000001 13.550000
v 17.400000 0.500001 13.450000
v 17.500000 0.500001 13.450000
v 17.400000 0.500001 13.550000
v 17.500000 0.500001 13.550000
v 17.400000 0.400001 13.525000
v 16.600000 0.400001 13.525000
v 17.400000 0.400001 13.475000
v 16.600000 0.400001 13.475000
v 17.400000 0.300001 13.525000
v 16.600000 0.300001 13.525000
v 17.400000 0.300001 13.475000
v 16.600000 0.300001 13.475000
v 17.600000 0.000001 13.450000
v 17.600000 0.000001 13.550000
v 17.600000 0.500001 13.450000
v 17.600000 0.500001 13.550000
v 18.500000 0.000001 13.450000
v 18.400000 0.000001 13.450000
v 18.500000 0.000001 13.550000
v 18.400000 0.000001 13.550000
v 18.400000 0.500001 13.450000
v 18.500000 0.500001 13.450000
v 18.400000 0.500001 13.550000
v 18.500000 0.500001 13.550000
v 18.400000 0.400001 13.525000
v 17.600000 0.400001 13.525000
v 18.400000 0.400001 13.475000
v 17.600000 0.400001 13.475000
v 18.400000 0.300001 13.525000
v 17.600000 0.300001 13.525000
v 18.400000 0.300001 13.475000
v 17.600000 0.300001 13.475000
v 18.600000 0.000001 13.450000
v 18.600000 0.000001 13.550000
v 18.600000 0.500001 13.450000
v 18.600000 0.500001 13.550000
v 19.500000 0.000001 13.450000
v 19.400000 0.000001 13.450000
v 19.500000 0.000001 13.550000
v 19.400000 0.000001 13.550000
v 19.400000 0.500001 13.450000
v 19.500000 0.500001 13.450000
v 19.400000 0.500001 13.550000
v 19.500000 0.500001 13.550000
v 19.400000 0.400001 13.525000
v 18.600000 0.400001 13.525000
v 19.400000 0.400001 13.475000
v 18.600000 0.400001 13.475000
v 19.400000 0.300001 13.525000
v 18.600000 0.300001 13.525000
v 19.400000 0.300001 13.475000
v 18.600000 0.300001 13.475000
v 14.600000 0.000001 16.450001
v 14.500000 0.000001 16.450001
v 14.600000 0.000001 16.549999
v 14.500000 0.000001 16.549999
v 14.500000 0.500001 16.450001
v 14.600000 0.500001 16.450001
v 14.500000 0.500001 16.549999
v 14.600000 0.500001 16.549999
v 15.500000 0.000001 16.450001
v 15.400000 0.000001 16.450001
v 15.500000 0.000001 16.549999
v 15.400000 0.000001 16.549999
v 15.400000 0.500001 16.450001
v 15.500000 0.500001 16.450001
v 15.400000 0.500001 16.549999
v 15.500000 0.500001 16.549999
v 15.400000 0.400001 16.525000
v 14.600000 0.400001 16.525000
v 15.400000 0.400001 16.475000
v 14.600000 0.400001 16.475000
v 15.400000 0.300001 16.525000
v 14.600000 0.300001 16.525000
v 15.400000 0.300001 16.475000
v 14.600000 0.300001 16.475000
v 15.600000 0.000001 16.450001
v 15.600000 0.000001 16.549999
v 15.600000 0.500001 16.450001
v 15.600000 0.500001 16.549999
v 16.500000 0.000001 16.450001
v 16.400000 0.000001 16.450001
v 16.500000 0.000001 16.549999
v 16.400000 0.000001 16.549999
v 16.400000 0.500001 16.450001
v 16.500000 0.500001 16.450001
v 16.400000 0.500001 16.549999
v 16.500000 0.500001 16.549999
v 16.400000 0.400001 16.525000
v 15.600000 0.400001 16.525000
v 16.400000 0.400001 16.475000
v 15.600000 0.400001 16.475000
v 16.400000 0.300001 16.525000
v 15.600000 0.300001 16.525000
v 16.400000 0.300001 16.475000
v 15.600000 0.300001 16.475000
v 16.325001 -0.324999 17.450001
v 15.675000 -0.324999 17.450001
v 16.325001 0.325001 17.450001
v 15.675000 0.325001 17.450001
v 15.450000 -0.324999 16.575001
v 15.450000 0.325001 16.575001
v 15.450000 -0.324999 17.225000
v 15.450000 0.325001 17.225000
v 16.325001 -0.549999 17.225000
v 16.325001 -0.549999 16.575001
v 15.675000 -0.549999 17.225000
v 15.675000 -0.549999 16.575001
v 16.325001 0.550001 16.575001
v 16.325001 0.550001 17.225000
v 15.675000 0.550001 16.575001
v 15.675000 0.550001 17.225000
v 15.675000 -0.324999 16.350000
v 16.325001 -0.324999 16.350000
v 15.675000 0.325001 16.350000
v 16.325001 0.325001 16.350000
v 16.549999 0.325001 16.575001
v 16.549999 -0.324999 16.575001
v 16.549999 0.325001 17.225000
v 16.549999 -0.324999 17.225000
v 16.500000 -0.499999 17.400000
v 16.500000 0.500001 17.400000
v 15.500000 -0.499999 17.400000
v 15.500000 0.500001 17.400000
v 16.500000 0.500001 16.400000
v 16.500000 -0.499999 16.400000
v 15.500000 -0.499999 16.400000
v 15.500000 0.500001 16.400000
v 16.600000 0.000001 16.450001
v 16.600000 0.000001 16.549999
v 16.600000 0.500001 16.450001
v 16.600000 0.500001 16.549999
v 17.500000 0.000001 16.450001
v 17.400000 0.000001 16.450001
v 17.500000 0.000001 16.549999
v 17.400000 0.000001 16.549999
v 17.400000 0.500001 16.450001
v 17.500000 0.500001 16.450001
v 17.400000 0.500001 16.549999
v 17.500000 0.500001 16.549999
v 17.400000 0.400001 16.525000
v 16.600000 0.400001 16.525000
v 17.400000 0.400001 16.475000
v 16.600000 0.400001 16.475000
v 17.400000 0.300001 16.525000
v 16.600000 0.300001 16.525000
v 17.400000 0.300001 16.475000
v 16.600000 0.300001 16.475000
v 17.171579 -0.324999 17.515381
v 16.543720 -0.324999 17.347139
v 17.171579 0.325001 17.515381
v 16.543720 0.325001 17.347139
v 16.552860 -0.324999 16.443720
v 16.552860 0.325001 16.443720
v 16.384621 -0.324999 17.071581
v 16.384621 0.325001 17.071581
v 17.229811 -0.549999 17.298040
v 17.398041 -0.549999 16.670191
v 16.601959 -0.549999 17.129810
v 16.770189 -0.549999 16.501961
v 17.398041 0.550001 16.670191
v 17.229811 0.550001 17.298040
v 16.770189 0.550001 16.501961
v 16.601959 0.550001 17.129810
v 16.828421 -0.324999 16.284620
v 17.456280 -0.324999 16.452860
v 16.828421 0.325001 16.284620
v 17.456280 0.325001 16.452860
v 17.615379 0.325001 16.728420
v 17.615379 -0.324999 16.728420
v 17.447140 0.325001 17.356279
v 17.447140 -0.324999 17.356279
v 17.353550 -0.499999 17.512369
v 17.353550 0.500001 17.512369
v 16.387630 -0.499999 17.253550
v 16.387630 0.500001 17.253550
v 17.612370 0.500001 16.546450
v 17.612370 -0.499999 16.546450
v 16.646450 -0.499999 16.287630
v 16.646450 0.500001 16.287630
v 17.600000 0.000001 16.450001
v 17.600000 0.000001 16.549999
v 17.600000 0.500001 16.450001
v 17.600000 0.500001 16.549999
v 18.500000 0.000001 16.450001
v 18.400000 0.000001 16.450001
v 18.500000 0.000001 16.549999
v 18.400000 0.000001 16.549999
v 18.400000 0.500001 16.450001
v 18.500000 0.500001 16.450001
v 18.400000 0.500001 16.549999
v 18.500000 0.500001 16.549999
v 18.400000 0.400001 16.525000
v 17.600000 0.400001 16.525000
v 18.400000 0.400001 16.475000
v 17.600000 0.400001 16.475000
v 18.400000 0.300001 16.525000
v 17.600000 0.300001 16.525000
v 18.400000 0.300001 16.475000
v 17.600000 0.300001 16.475000
v 18.171579 -0.324999 17.515381
v 17.543720 -0.324999 17.347139
v 18.171579 0.325001 17.515381
v 17.543720 0.325001 17.347139
v 17.552860 -0.324999 16.443720
v 17.552860 0.325001 16.443720
v 17.384621 -0.324999 17.071581
v 17.384621 0.325001 17.071581
v 18.229811 -0.549999 17.298040
v 18.398041 -0.549999 16.670191
v 17.601959 -0.549999 17.129810
v 17.770189 -0.549999 16.501961
v 18.398041 0.550001 16.670191
v 18.229811 0.550001 17.298040
v 17.770189 0.550001 16.501961
v 17.601959 0.550001 17.129810
v 17.828421 -0.324999 16.284620
v 18.456280 -0.324999 16.452860
v 17.828421 0.325001 16.284620
v 18.456280 0.325001 16.452860
v 18.615379 0.325001 16.728420
v 18.615379 -0.324999 16.728420
v 18.447140 0.325001 17.356279
v 18.447140 -0.324999 17.356279
v 18.353550 -0.499999 17.512369
v 18.353550 0.500001 17.512369
v 17.387630 -0.499999 17.253550
v 17.387630 0.500001 17.253550
v 18.612370 0.500001 16.546450
v 18.612370 -0.499999 16.546450
v 17.646450 -0.499999 16.287630
v 17.646450 0.500001 16.287630
v 18.600000 0.000001 16.450001
v 18.600000 0.000001 16.549999
v 18.600000 0.500001 16.450001
v 18.600000 0.500001 16.549999
v 19.500000 0.000001 16.450001
v 19.400000 0.000001 16.450001
v 19.500000 0.000001 16.549999
v 19.400000 0.000001 16.549999
v 19.400000 0.500001 16.450001
v 19.500000 0.500001 16.450001
v 19.400000 0.500001 16.549999
v 19.500000 0.500001 16.549999
v 19.400000 0.400001 16.525000
v 18.600000 0.400001 16.525000
v 19.400000 0.400001 16.475000
v 18.600000 0.400001 16.475000
v 19.400000 0.300001 16.525000
v 18.600000 0.300001 16.525000
v 19.400000 0.300001 16.475000
v 18.600000 0.300001 16.475000
v 19.325001 -0.324999 17.450001
v 18.674999 -0.324999 17.450001
v 19.325001 0.325001 17.450001
v 18.674999 0.325001 17.450001
v 18.450001 -0.324999 16.575001
v 18.450001 0.325001 16.575001
v 18.450001 -0.324999 17.225000
v 18.450001 0.325001 17.225000
v 19.325001 -0.549999 17.225000
v 19.325001 -0.549999 16.575001
v 18.674999 -0.549999 17.225000
v 18.674999 -0.549999 16.575001
v 19.325001 0.550001 16.575001
v 19.325001 0.550001 17.225000
v 18.674999 0.550001 16.575001
v 18.674999 0.550001 17.225000
v 18.674999 -0.324999 16.350000
v 19.325001 -0.324999 16.350000
v 18.674999 0.325001 16.350000
v 19.325001 0.325001 16.350000
v 19.549999 0.325001 16.575001
v 19.549999 -0.324999 16.575001
v 19.549999 0.325001 17.225000
v 19.549999 -0.324999 17.225000
v 19.500000 -0.499999 17.400000
v 19.500000 0.500001 17.400000
v 18.500000 -0.499999 17.400000
v 18.500000 0.500001 17.400000
v 19.500000 0.500001 16.400000
v 19.500000 -0.499999 16.400000
v 18.500000 -0.499999 16.400000
v 18.500000 0.500001 16.400000
v 15.325000 -0.324999 13.450000
v 14.675000 -0.324999 13.450000
v 15.325000 0.325001 13.450000
v 14.675000 0.325001 13.450000
v 14.450000 -0.324999 12.575000
v 14.450000 0.325001 12.575000
v 14.450000 -0.324999 13.225000
v 14.450000 0.325001 13.225000
v 15.325000 -0.549999 13.225000
v 15.325000 -0.549999 12.575000
v 14.675000 -0.549999 13.225000
v 14.675000 -0.549999 12.575000
v 15.325000 0.550001 12.575000
v 15.325000 0.550001 13.225000
v 14.675000 0.550001 12.575000
v 14.675000 0.550001 13.225000
v 14.675000 -0.324999 12.350000
v 15.325000 -0.324999 12.350000
v 14.675000 0.325001 12.350000
v 15.325000 0.325001 12.350000
v 15.550000 0.325001 12.575000
v 15.550000 -0.324999 12.575000
v 15.550000 0.325001 13.225000
v 15.550000 -0.324999 13.225000
v 15.500000 -0.499999 13.400000
v 15.500000 0.500001 13.400000
v 14.500000 -0.499999 13.400000
v 14.500000 0.500001 13.400000
v 15.500000 0.500001 12.400000
v 15.500000 -0.499999 12.400000
v 14.500000 -0.499999 12.400000
v 14.500000 0.500001 12.400000
v 16.171579 -0.324999 13.515380
v 15.543720 -0.324999 13.347140
v 16.171579 0.325001 13.515380
v 15.543720 0.325001 13.347140
v 15.552860 -0.324999 12.443720
v 15.552860 0.325001 12.443720
v 15.384620 -0.324999 13.071580
v 15.384620 0.325001 13.071580
v 16.229811 -0.549999 13.298040
v 16.398041 -0.549999 12.670190
v 15.601960 -0.549999 13.129810
v 15.770190 -0.549999 12.501960
v 16.398041 0.550001 12.670190
v 16.229811 0.550001 13.298040
v 15.770190 0.550001 12.501960
v 15.601960 0.550001 13.129810
v 15.828420 -0.324999 12.284620
v 16.456280 -0.324999 12.452860
v 15.828420 0.325001 12.284620
v 16.456280 0.325001 12.452860
v 16.615379 0.325001 12.728420
v 16.615379 -0.324999 12.728420
v 16.447140 0.325001 13.356280
v 16.447140 -0.324999 13.356280
v 16.353550 -0.499999 13.512370
v 16.353550 0.500001 13.512370
v 15.387630 -0.499999 13.253550
v 15.387630 0.500001 13.253550
v 16.612370 0.500001 12.546450
v 16.612370 -0.499999 12.546450
v 15.646450 -0.499999 12.287630
v 15.646450 0.500001 12.287630
v 18.325001 -0.324999 13.450000
v 17.674999 -0.324999 13.450000
v 18.325001 0.325001 13.450000
v 17.674999 0.325001 13.450000
v 17.450001 -0.324999 12.575000
v 17.450001 0.325001 12.575000
v 17.450001 -0.324999 13.225000
v 17.450001 0.325001 13.225000
v 18.325001 -0.549999 13.225000
v 18.325001 -0.549999 12.575000
v 17.674999 -0.549999 13.225000
v 17.674999 -0.549999 12.575000
v 18.325001 0.550001 12.575000
v 18.325001 0.550001 13.225000
v 17.674999 0.550001 12.575000
v 17.674999 0.550001 13.225000
v 17.674999 -0.324999 12.350000
v 18.325001 -0.324999 12.350000
v 17.674999 0.325001 12.350000
v 18.325001 0.325001 12.350000
v 18.549999 0.325001 12.575000
v 18.549999 -0.324999 12.575000
v 18.549999 0.325001 13.225000
v 18.549999 -0.324999 13.225000
v 18.500000 -0.499999 13.400000
v 18.500000 0.500001 13.400000
v 17.500000 -0.499999 13.400000
v 17.500000 0.500001 13.400000
v 18.500000 0.500001 12.400000
v 18.500000 -0.499999 12.400000
v 17.500000 -0.499999 12.400000
v 17.500000 0.500001 12.400000
v 17.171579 -0.324999 13.515380
v 16.543720 -0.324999 13.347140
v 17.171579 0.325001 13.515380
v 16.543720 0.325001 13.347140
v 16.552860 -0.324999 12.443720
v 16.552860 0.325001 12.443720
v 16.384621 -0.324999 13.071580
v 16.384621 0.325001 13.071580
v 17.229811 -0.549999 13.298040
v 17.398041 -0.549999 12.670190
v 16.601959 -0.549999 13.129810
v 16.770189 -0.549999 12.501960
v 17.398041 0.550001 12.670190
v 17.229811 0.550001 13.298040
v 16.770189 0.550001 12.501960
v 16.601959 0.550001 13.129810
v 16.828421 -0.324999 12.284620
v 17.456280 -0.324999 12.452860
v 16.828421 0.325001 12.284620
v 17.456280 0.325001 12.452860
v 17.615379 0.325001 12.728420
v 17.615379 -0.324999 12.728420
v 17.447140 0.325001 13.356280
v 17.447140 -0.324999 13.356280
v 17.353550 -0.499999 13.512370
v 17.353550 0.500001 13.512370
v 16.387630 -0.499999 13.253550
v 16.387630 0.500001 13.253550
v 17.612370 0.500001 12.546450
v 17.612370 -0.499999 12.546450
v 16.646450 -0.499999 12.287630
v 16.646450 0.500001 12.287630
v 14.171580 -0.324999 13.515380
v 13.543720 -0.324999 13.347140
v 14.171580 0.325001 13.515380
v 13.543720 0.325001 13.347140
v 13.552860 -0.324999 12.443720
v 13.552860 0.325001 12.443720
v 13.384620 -0.324999 13.071580
v 13.384620 0.325001 13.071580
v 14.229810 -0.549999 13.298040
v 14.398040 -0.549999 12.670190
v 13.601960 -0.549999 13.129810
v 13.770190 -0.549999 12.501960
v 14.398040 0.550001 12.670190
v 14.229810 0.550001 13.298040
v 13.770190 0.550001 12.501960
v 13.601960 0.550001 13.129810
v 13.828420 -0.324999 12.284620
v 14.456280 -0.324999 12.452860
v 13.828420 0.325001 12.284620
v 14.456280 0.325001 12.452860
v 14.615380 0.325001 12.728420
v 14.615380 -0.324999 12.728420
v 14.447140 0.325001 13.356280
v 14.447140 -0.324999 13.356280
v 14.353550 -0.499999 13.512370
v 14.353550 0.500001 13.512370
v 13.387630 -0.499999 13.253550
v 13.387630 0.500001 13.253550
v 14.612370 0.500001 12.546450
v 14.612370 -0.499999 12.546450
v 13.646450 -0.499999 12.287630
v 13.646450 0.500001 12.287630
v 25.155291 0.325001 14.420440
v 25.299999 0.325001 14.480380
v 25.161760 0.400001 14.396300
v 25.312500 0.400001 14.458730
v 25.541269 0.400001 14.687500
v 25.424259 0.325001 14.575740
v 25.519621 0.325001 14.700000
v 25.441940 0.400001 14.558060
v 25.424259 0.250001 14.575740
v 25.519621 0.250001 14.700000
v 25.299999 0.250001 14.480380
v 25.155291 0.250001 14.420440
v 25.000000 0.250001 14.400000
v 25.000000 0.325001 14.400000
v 25.103531 0.250001 14.613630
v 25.000000 0.250001 14.600000
v 25.103531 0.325001 14.613630
v 25.000000 0.325001 14.600000
v 25.346411 0.250001 14.800000
v 25.346411 0.325001 14.800000
v 25.386370 0.250001 14.896470
v 25.386370 0.325001 14.896470
v 25.579559 0.325001 14.844710
v 25.579559 0.250001 14.844710
v 25.600000 0.325001 15.000000
v 25.600000 0.250001 15.000000
v 25.400000 0.250001 15.000000
v 25.400000 0.325001 15.000000
v 25.627850 0.200001 14.831770
v 25.650000 0.200001 15.000000
v 25.000000 0.200001 14.350000
v 25.168230 0.200001 14.372150
v 25.562920 0.200001 14.675000
v 25.325001 0.200001 14.437080
v 25.459620 0.200001 14.540380
v 25.312500 0.500001 14.458730
v 25.441940 0.500001 14.558060
v 25.625000 0.500001 15.000000
v 25.375000 0.500001 15.000000
v 25.603701 0.500001 14.838240
v 25.541269 0.500001 14.687500
v 25.362221 0.500001 14.902940
v 25.324760 0.500001 14.812500
v 25.265169 0.500001 14.734830
v 25.161760 0.500001 14.396300
v 25.187500 0.500001 14.675240
v 25.097059 0.500001 14.637780
v 25.000000 0.500001 14.375000
v 25.000000 0.500001 14.625000
v 25.603701 0.400001 14.838240
v 25.625000 0.400001 15.000000
v 25.265169 0.400001 14.734830
v 25.324760 0.400001 14.812500
v 25.282841 0.325001 14.717160
v 25.000000 0.400001 14.375000
v 25.097059 0.400001 14.637780
v 25.000000 0.400001 14.625000
v 25.362221 0.400001 14.902940
v 25.375000 0.400001 15.000000
v 25.187500 0.400001 14.675240
v 25.200001 0.325001 14.653590
v 25.000000 0.000001 14.350000
v 25.000000 0.000001 14.650000
v 25.000000 0.200001 14.650000
v 25.090590 0.200001 14.661930
v 25.303110 0.200001 14.825000
v 25.282841 0.250001 14.717160
v 25.247490 0.200001 14.752510
v 25.200001 0.250001 14.653590
v 25.174999 0.200001 14.696890
v 25.338070 0.200001 14.909410
v 25.350000 0.200001 15.000000
v 25.168230 0.000001 14.372150
v 25.325001 0.000001 14.437080
v 25.459620 0.000001 14.540380
v 25.174999 0.000001 14.696890
v 25.090590 0.000001 14.661930
v 25.247490 0.000001 14.752510
v 25.303110 0.000001 14.825000
v 25.338070 0.000001 14.909410
v 25.350000 0.000001 15.000000
v 25.627850 0.000001 14.831770
v 25.650000 0.000001 15.000000
v 25.562920 0.000001 14.675000
v 24.420441 0.325001 14.844710
v 24.480379 0.325001 14.700000
v 24.396299 0.400001 14.838240
v 24.458731 0.400001 14.687500
v 24.687500 0.400001 14.458730
v 24.575741 0.325001 14.575740
v 24.700001 0.325001 14.480380
v 24.558060 0.400001 14.558060
v 24.575741 0.250001 14.575740
v 24.700001 0.250001 14.480380
v 24.480379 0.250001 14.700000
v 24.420441 0.250001 14.844710
v 24.400000 0.250001 15.000000
v 24.400000 0.325001 15.000000
v 24.613630 0.250001 14.896470
v 24.600000 0.250001 15.000000
v 24.613630 0.325001 14.896470
v 24.600000 0.325001 15.000000
v 24.799999 0.250001 14.653590
v 24.799999 0.325001 14.653590
v 24.896469 0.250001 14.613630
v 24.896469 0.325001 14.613630
v 24.844709 0.325001 14.420440
v 24.844709 0.250001 14.420440
v 24.831770 0.200001 14.372150
v 24.350000 0.200001 15.000000
v 24.372150 0.200001 14.831770
v 24.674999 0.200001 14.437080
v 24.437080 0.200001 14.675000
v 24.540380 0.200001 14.540380
v 24.458731 0.500001 14.687500
v 24.558060 0.500001 14.558060
v 24.838240 0.500001 14.396300
v 24.687500 0.500001 14.458730
v 24.902941 0.500001 14.637780
v 24.812500 0.500001 14.675240
v 24.734831 0.500001 14.734830
v 24.396299 0.500001 14.838240
v 24.675240 0.500001 14.812500
v 24.637779 0.500001 14.902940
v 24.375000 0.500001 15.000000
v 24.625000 0.500001 15.000000
v 24.838240 0.400001 14.396300
v 24.734831 0.400001 14.734830
v 24.812500 0.400001 14.675240
v 24.717159 0.325001 14.717160
v 24.375000 0.400001 15.000000
v 24.637779 0.400001 14.902940
v 24.625000 0.400001 15.000000
v 24.902941 0.400001 14.637780
v 24.675240 0.400001 14.812500
v 24.653589 0.325001 14.800000
v 24.350000 0.000001 15.000000
v 24.650000 0.000001 15.000000
v 24.650000 0.200001 15.000000
v 24.661930 0.200001 14.909410
v 24.825001 0.200001 14.696890
v 24.717159 0.250001 14.717160
v 24.752510 0.200001 14.752510
v 24.653589 0.250001 14.800000
v 24.696890 0.200001 14.825000
v 24.909410 0.200001 14.661930
v 24.372150 0.000001 14.831770
v 24.437080 0.000001 14.675000
v 24.540380 0.000001 14.540380
v 24.696890 0.000001 14.825000
v 24.661930 0.000001 14.909410
v 24.752510 0.000001 14.752510
v 24.825001 0.000001 14.696890
v 24.909410 0.000001 14.661930
v 24.831770 0.000001 14.372150
v 24.674999 0.000001 14.437080
v 24.844709 0.325001 15.579560
v 24.700001 0.325001 15.519620
v 24.838240 0.400001 15.603700
v 24.687500 0.400001 15.541270
v 24.458731 0.400001 15.312500
v 24.575741 0.325001 15.424260
v 24.480379 0.325001 15.300000
v 24.558060 0.400001 15.441940
v 24.575741 0.250001 15.424260
v 24.480379 0.250001 15.300000
v 24.700001 0.250001 15.519620
v 24.844709 0.250001 15.579560
v 25.000000 0.250001 15.600000
v 25.000000 0.325001 15.600000
v 24.896469 0.250001 15.386370
v 25.000000 0.250001 15.400000
v 24.896469 0.325001 15.386370
v 25.000000 0.325001 15.400000
v 24.653589 0.250001 15.200000
v 24.653589 0.325001 15.200000
v 24.613630 0.250001 15.103530
v 24.613630 0.325001 15.103530
v 24.420441 0.325001 15.155290
v 24.420441 0.250001 15.155290
v 24.372150 0.200001 15.168230
v 25.000000 0.200001 15.650000
v 24.831770 0.200001 15.627850
v 24.437080 0.200001 15.325000
v 24.674999 0.200001 15.562920
v 24.540380 0.200001 15.459620
v 24.687500 0.500001 15.541270
v 24.558060 0.500001 15.441940
v 24.396299 0.500001 15.161760
v 24.458731 0.500001 15.312500
v 24.637779 0.500001 15.097060
v 24.675240 0.500001 15.187500
v 24.734831 0.500001 15.265170
v 24.838240 0.500001 15.603700
v 24.812500 0.500001 15.324760
v 24.902941 0.500001 15.362220
v 25.000000 0.500001 15.625000
v 25.000000 0.500001 15.375000
v 24.396299 0.400001 15.161760
v 24.734831 0.400001 15.265170
v 24.675240 0.400001 15.187500
v 24.717159 0.325001 15.282840
v 25.000000 0.400001 15.625000
v 24.902941 0.400001 15.362220
v 25.000000 0.400001 15.375000
v 24.637779 0.400001 15.097060
v 24.812500 0.400001 15.324760
v 24.799999 0.325001 15.346410
v 25.000000 0.000001 15.650000
v 25.000000 0.000001 15.350000
v 25.000000 0.200001 15.350000
v 24.909410 0.200001 15.338070
v 24.696890 0.200001 15.175000
v 24.717159 0.250001 15.282840
v 24.752510 0.200001 15.247490
v 24.799999 0.250001 15.346410
v 24.825001 0.200001 15.303110
v 24.661930 0.200001 15.090590
v 24.831770 0.000001 15.627850
v 24.674999 0.000001 15.562920
v 24.540380 0.000001 15.459620
v 24.825001 0.000001 15.303110
v 24.909410 0.000001 15.338070
v 24.752510 0.000001 15.247490
v 24.696890 0.000001 15.175000
v 24.661930 0.000001 15.090590
v 24.372150 0.000001 15.168230
v 24.437080 0.000001 15.325000
v 25.579559 0.325001 15.155290
v 25.519621 0.325001 15.300000
v 25.603701 0.400001 15.161760
v 25.541269 0.400001 15.312500
v 25.312500 0.400001 15.541270
v 25.424259 0.325001 15.424260
v 25.299999 0.325001 15.519620
v 25.441940 0.400001 15.441940
v 25.424259 0.250001 15.424260
v 25.299999 0.250001 15.519620
v 25.519621 0.250001 15.300000
v 25.579559 0.250001 15.155290
v 25.386370 0.250001 15.103530
v 25.386370 0.325001 15.103530
v 25.200001 0.250001 15.346410
v 25.200001 0.325001 15.346410
v 25.103531 0.250001 15.386370
v 25.103531 0.325001 15.386370
v 25.155291 0.325001 15.579560
v 25.155291 0.250001 15.579560
v 25.168230 0.200001 15.627850
v 25.627850 0.200001 15.168230
v 25.325001 0.200001 15.562920
v 25.562920 0.200001 15.325000
v 25.459620 0.200001 15.459620
v 25.541269 0.500001 15.312500
v 25.441940 0.500001 15.441940
v 25.161760 0.500001 15.603700
v 25.312500 0.500001 15.541270
v 25.097059 0.500001 15.362220
v 25.187500 0.500001 15.324760
v 25.265169 0.500001 15.265170
v 25.603701 0.500001 15.161760
v 25.324760 0.500001 15.187500
v 25.362221 0.500001 15.097060
v 25.161760 0.400001 15.603700
v 25.265169 0.400001 15.265170
v 25.187500 0.400001 15.324760
v 25.282841 0.325001 15.282840
v 25.362221 0.400001 15.097060
v 25.097059 0.400001 15.362220
v 25.324760 0.400001 15.187500
v 25.346411 0.325001 15.200000
v 25.338070 0.200001 15.090590
v 25.174999 0.200001 15.303110
v 25.282841 0.250001 15.282840
v 25.247490 0.200001 15.247490
v 25.346411 0.250001 15.200000
v 25.303110 0.200001 15.175000
v 25.090590 0.200001 15.338070
v 25.627850 0.000001 15.168230
v 25.562920 0.000001 15.325000
v 25.459620 0.000001 15.459620
v 25.303110 0.000001 15.175000
v 25.338070 0.000001 15.090590
v 25.247490 0.000001 15.247490
v 25.174999 0.000001 15.303110
v 25.090590 0.000001 15.338070
v 25.168230 0.000001 15.627850
v 25.325001 0.000001 15.562920
v 25.500000 0.350001 15.017720
v 25.478380 0.350001 15.146520
v 25.487551 0.350001 14.887700
v 25.441870 0.350001 14.765340
v 25.424150 0.350001 15.265340
v 25.366079 0.350001 14.658970
v 25.341030 0.350001 15.366080
v 25.265341 0.350001 14.575850
v 25.234659 0.350001 15.441870
v 25.146521 0.350001 14.521620
v 25.112301 0.350001 15.487550
v 25.017719 0.350001 14.500000
v 24.982281 0.350001 15.500000
v 24.887699 0.350001 14.512450
v 24.853479 0.350001 15.478380
v 24.765341 0.350001 14.558130
v 24.734659 0.350001 15.424150
v 24.658970 0.350001 14.633920
v 24.633921 0.350001 15.341030
v 24.575850 0.350001 14.734660
v 24.558130 0.350001 15.234660
v 24.521620 0.350001 14.853480
v 24.512449 0.350001 15.112300
v 24.500000 0.350001 14.982280
v 25.399200 0.100001 15.014140
v 25.389259 0.100001 14.910340
v 25.381941 0.100001 15.116980
v 25.352791 0.100001 14.812650
v 25.338650 0.100001 15.211850
v 25.292280 0.100001 14.727730
v 25.272280 0.100001 15.292280
v 25.211849 0.100001 14.661360
v 25.187349 0.100001 15.352790
v 25.116980 0.100001 14.618060
v 25.089661 0.100001 15.389260
v 25.014139 0.100001 14.600800
v 24.985861 0.100001 15.399200
v 24.910339 0.100001 14.610740
v 24.883020 0.100001 15.381940
v 24.812651 0.100001 14.647210
v 24.788151 0.100001 15.338640
v 24.727720 0.100001 14.707720
v 24.707720 0.100001 15.272270
v 24.661350 0.100001 14.788150
v 24.647209 0.100001 15.187350
v 24.618059 0.100001 14.883020
v 24.610741 0.100001 15.089660
v 24.600800 0.100001 14.985860
v 24.500000 0.200001 14.982280
v 24.512449 0.200001 15.112300
v 24.521620 0.200001 14.853480
v 24.558130 0.200001 15.234660
v 24.575850 0.200001 14.734660
v 24.600800 0.200001 14.985860
v 24.618059 0.200001 14.883020
v 24.610741 0.200001 15.089660
v 24.658970 0.200001 14.633920
v 24.661350 0.200001 14.788150
v 24.727720 0.200001 14.707720
v 24.765341 0.200001 14.558130
v 24.812651 0.200001 14.647210
v 24.633921 0.200001 15.341030
v 24.647209 0.200001 15.187350
v 24.707720 0.200001 15.272270
v 24.734659 0.200001 15.424150
v 24.788151 0.200001 15.338640
v 24.853479 0.200001 15.478380
v 24.883020 0.200001 15.381940
v 24.887699 0.200001 14.512450
v 24.910339 0.200001 14.610740
v 25.014139 0.200001 14.600800
v 25.017719 0.200001 14.500000
v 25.116980 0.200001 14.618060
v 25.146521 0.200001 14.521620
v 25.211849 0.200001 14.661360
v 24.982281 0.200001 15.500000
v 24.985861 0.200001 15.399200
v 25.089661 0.200001 15.389260
v 25.112301 0.200001 15.487550
v 25.187349 0.200001 15.352790
v 25.265341 0.200001 14.575850
v 25.292280 0.200001 14.727730
v 25.352791 0.200001 14.812650
v 25.234659 0.200001 15.441870
v 25.272280 0.200001 15.292280
v 25.338650 0.200001 15.211850
v 25.366079 0.200001 14.658970
v 25.341030 0.200001 15.366080
v 25.381941 0.200001 15.116980
v 25.389259 0.200001 14.910340
v 25.399200 0.200001 15.014140
v 25.424150 0.200001 15.265340
v 25.441870 0.200001 14.765340
v 25.478380 0.200001 15.146520
v 25.487551 0.200001 14.887700
v 25.500000 0.200001 15.017720
v 25.258381 0.450001 15.000000
v 25.182699 0.450001 15.182700
v 25.182699 0.450001 14.817300
v 25.000000 0.450001 14.741620
v 25.000000 0.450001 15.258380
v 24.817301 0.450001 14.817300
v 24.817301 0.450001 15.182700
v 24.741619 0.450001 15.000000
v 25.220970 0.350001 15.220970
v 25.220970 0.425001 15.220970
v 25.312500 0.350001 15.000000
v 25.000000 0.350001 15.312500
v 25.312500 0.425001 15.000000
v 25.220970 0.350001 14.779030
v 25.000000 0.425001 15.312500
v 24.779030 0.350001 15.220970
v 25.220970 0.425001 14.779030
v 25.000000 0.425001 14.687500
v 25.000000 0.350001 14.687500
v 24.779030 0.425001 15.220970
v 24.779030 0.425001 14.779030
v 24.779030 0.350001 14.779030
v 24.687500 0.425001 15.000000
v 24.687500 0.350001 15.000000
v 19.500000 -0.099999 9.500000
v 19.500000 0.000001 9.500000
v 29.500000 -0.099999 19.500000
v 19.500000 -0.099999 19.500000
v 29.500000 0.000001 19.500000
v 19.500000 0.000001 19.500000
v 19.580000 0.170001 12.580000
v 20.420000 0.170001 12.580000
v 19.580000 0.400001 12.580000
v 20.420000 0.400001 12.580000
v 20.420000 0.170001 13.420000
v 19.580000 0.170001 13.420000
v 20.420000 0.400001 13.420000
v 19.580000 0.400001 13.420000
v 19.430000 0.120001 12.430000
v 19.430000 0.120001 13.570000
v 20.570000 0.120001 12.430000
v 20.570000 0.120001 13.570000
v 20.570000 0.000001 12.430000
v 20.570000 0.000001 13.570000
v 19.430000 0.000001 12.430000
v 19.430000 0.000001 13.570000
v 20.495001 0.595001 13.495000
v 19.504999 0.595001 13.495000
v 20.495001 0.595001 12.505000
v 19.504999 0.595001 12.505000
v 20.495001 0.475001 13.495000
v 19.504999 0.475001 13.495000
v 19.504999 0.475001 12.505000
v 20.495001 0.475001 12.505000
v 19.860001 0.770001 12.860000
v 20.139999 0.770001 12.860000
v 19.860001 0.850001 12.860000
v 20.139999 0.850001 12.860000
v 19.860001 0.770001 13.140000
v 19.809999 0.720001 12.810000
v 19.809999 0.720001 13.190000
v 20.139999 0.770001 13.140000
v 20.139999 0.850001 13.140000
v 19.860001 0.850001 13.140000
v 20.190001 0.720001 13.190000
v 20.190001 0.720001 12.810000
v 20.190001 0.500001 12.810000
v 20.190001 0.500001 13.190000
v 19.809999 0.500001 12.810000
v 19.809999 0.500001 13.190000
v 20.165001 1.500001 13.165000
v 19.834999 1.500001 13.165000
v 20.165001 1.500001 12.835000
v 19.834999 1.500001 12.835000
v 20.165001 1.380001 13.165000
v 19.834999 1.380001 13.165000
v 19.860001 1.305001 12.860000
v 20.139999 1.305001 12.860000
v 19.834999 1.380001 12.835000
v 20.165001 1.380001 12.835000
v 20.139999 1.305001 13.140000
v 19.860001 1.305001 13.140000
v 19.171579 -0.324999 13.515380
v 18.543720 -0.324999 13.347140
v 19.171579 0.325001 13.515380
v 18.543720 0.325001 13.347140
v 18.552860 -0.324999 12.443720
v 18.552860 0.325001 12.443720
v 18.384621 -0.324999 13.071580
v 18.384621 0.325001 13.071580
v 19.229811 -0.549999 13.298040
v 19.398041 -0.549999 12.670190
v 18.601959 -0.549999 13.129810
v 18.770189 -0.549999 12.501960
v 19.398041 0.550001 12.670190
v 19.229811 0.550001 13.298040
v 18.770189 0.550001 12.501960
v 18.601959 0.550001 13.129810
v 18.828421 -0.324999 12.284620
v 19.456280 -0.324999 12.452860
v 18.828421 0.325001 12.284620
v 19.456280 0.325001 12.452860
v 19.615379 0.325001 12.728420
v 19.615379 -0.324999 12.728420
v 19.447140 0.325001 13.356280
v 19.447140 -0.324999 13.356280
v 19.353550 -0.499999 13.512370
v 19.353550 0.500001 13.512370
v 18.387630 -0.499999 13.253550
v 18.387630 0.500001 13.253550
v 19.612370 0.500001 12.546450
v 19.612370 -0.499999 12.546450
v 18.646450 -0.499999 12.287630
v 18.646450 0.500001 12.287630
v 24.000000 0.338253 13.390000
v 22.500000 0.338253 13.390000
v 24.000000 0.338253 12.610000
v 22.500000 0.338253 12.610000
v 22.500000 0.263253 12.610000
v 22.500000 0.263253 13.390000
v 24.000000 0.263253 13.390000
v 24.000000 0.263253 12.610000
v 23.895000 0.263253 12.820000
v 23.895000 0.263253 13.180000
v 23.910000 0.263253 12.820000
v 23.895000 0.263253 12.670000
v 23.969999 0.263253 13.180000
v 23.969999 0.263253 12.820000
v 23.969999 0.263253 13.330000
v 23.969999 0.263253 12.670000
v 23.895000 0.263253 13.330000
v 22.605000 0.263253 12.670000
v 22.530001 0.263253 12.670000
v 22.605000 0.263253 12.820000
v 22.530001 0.263253 13.180000
v 22.530001 0.263253 12.820000
v 22.590000 0.263253 12.820000
v 22.530001 0.263253 13.330000
v 22.605000 0.263253 13.180000
v 22.605000 0.263253 13.330000
v 22.605000 0.000001 13.330000
v 22.530001 0.000001 13.330000
v 23.969999 0.000001 13.180000
v 23.969999 0.000001 13.330000
v 22.530001 0.000001 12.670000
v 22.530001 0.000001 12.820000
v 22.605000 0.000001 13.180000
v 22.590000 0.000001 13.180000
v 22.530001 0.000001 13.180000
v 23.895000 0.199127 12.707500
v 23.895000 0.199127 12.782500
v 22.605000 0.199127 12.707500
v 22.605000 0.199127 12.782500
v 22.605000 0.000001 12.820000
v 22.605000 0.000001 12.670000
v 23.895000 0.000001 13.330000
v 22.586250 0.124127 13.180000
v 22.586250 0.124127 12.820000
v 22.548750 0.124127 13.180000
v 22.548750 0.124127 12.820000
v 23.910000 0.000001 13.180000
v 23.895000 0.000001 13.180000
v 22.548750 0.199127 12.820000
v 22.586250 0.199127 12.820000
v 22.548750 0.199127 13.180000
v 23.895000 0.000001 12.670000
v 23.969999 0.000001 12.670000
v 23.895000 0.124127 12.782500
v 23.895000 0.124127 12.707500
v 22.605000 0.124127 12.782500
v 22.605000 0.124127 12.707500
v 22.586250 0.199127 13.180000
v 23.951250 0.199127 13.180000
v 23.913750 0.199127 13.180000
v 23.951250 0.199127 12.820000
v 23.913750 0.199127 12.820000
v 23.895000 0.124127 13.292500
v 23.895000 0.124127 13.217500
v 22.605000 0.124127 13.292500
v 22.605000 0.124127 13.217500
v 23.951250 0.124127 13.180000
v 23.951250 0.124127 12.820000
v 23.913750 0.124127 13.180000
v 23.913750 0.124127 12.820000
v 23.969999 0.000001 12.820000
v 23.895000 0.199127 13.292500
v 22.605000 0.199127 13.292500
v 23.895000 0.199127 13.217500
v 22.605000 0.199127 13.217500
v 23.895000 0.000001 12.820000
v 25.750000 0.020001 16.250000
v 25.750000 0.000001 16.250000
v 25.750000 0.020001 16.750000
v 25.750000 0.000001 16.750000
v 25.500000 0.020001 17.000000
v 25.500000 0.000001 17.000000
v 24.250000 0.000001 15.500000
v 24.250000 0.020001 15.500000
v 24.500000 0.000001 15.750000
v 24.500000 0.020001 15.750000
v 26.250000 0.000001 15.250000
v 26.000000 0.000001 15.000000
v 26.250000 0.020001 15.250000
v 26.000000 0.020001 15.000000
v 26.250000 0.000001 14.250000
v 26.250000 0.020001 14.250000
v 26.000000 0.000001 14.500000
v 26.000000 0.020001 14.500000
v 27.000000 0.020001 15.000000
v 27.000000 0.000001 15.000000
v 26.750000 0.020001 15.250000
v 26.750000 0.000001 15.250000
v 25.000000 0.000001 17.000000
v 25.000000 0.020001 17.000000
v 25.000000 0.000001 13.000000
v 25.250000 0.000001 13.250000
v 25.000000 0.020001 13.000000
v 25.250000 0.020001 13.250000
v 25.000000 0.000001 16.000000
v 25.000000 0.020001 16.000000
v 24.750000 0.000001 16.250000
v 24.750000 0.020001 16.250000
v 24.500000 0.000001 14.250000
v 24.500000 0.020001 14.250000
v 24.250000 0.000001 14.500000
v 24.250000 0.020001 14.500000
v 27.000000 0.020001 14.500000
v 26.750000 0.020001 14.250000
v 25.500000 0.020001 14.250000
v 25.500000 0.000001 14.250000
v 25.750000 0.020001 14.500000
v 25.750000 0.000001 14.500000
v 24.500000 0.000001 14.000000
v 24.250000 0.000001 13.750000
v 24.500000 0.020001 14.000000
v 24.250000 0.020001 13.750000
v 26.750000 0.000001 14.250000
v 27.000000 0.000001 14.500000
v 24.500000 0.000001 13.000000
v 24.500000 0.020001 13.000000
v 24.250000 0.000001 13.250000
v 24.250000 0.020001 13.250000
v 25.250000 0.020001 13.750000
v 25.250000 0.000001 13.750000
v 25.000000 0.020001 14.000000
v 25.000000 0.000001 14.000000
v 24.750000 0.000001 16.750000
v 24.750000 0.020001 16.750000
v 25.750000 0.020001 15.500000
v 25.750000 0.000001 15.500000
v 25.500000 0.020001 15.750000
v 25.500000 0.000001 15.750000
v 23.000000 0.000001 15.000000
v 23.000000 0.020001 15.000000
v 23.000000 0.000001 15.500000
v 23.000000 0.020001 15.500000
v 25.500000 0.000001 16.000000
v 25.500000 0.020001 16.000000
v 24.000000 0.020001 15.000000
v 24.000000 0.000001 15.000000
v 24.000000 0.020001 15.500000
v 24.000000 0.000001 15.500000
v 23.250000 0.000001 14.750000
v 23.250000 0.020001 14.750000
v 23.250000 0.000001 15.750000
v 23.250000 0.020001 15.750000
v 23.750000 0.000001 14.750000
v 23.750000 0.020001 14.750000
v 23.750000 0.020001 15.750000
v 23.750000 0.000001 15.750000
v 26.750000 0.010001 15.500000
v 26.750000 0.000001 15.500000
v 26.750000 0.010001 16.250000
v 26.750000 0.000001 16.250000
v 26.250000 0.000001 14.000000
v 25.500000 0.000001 14.000000
v 26.250000 0.010001 14.000000
v 25.500000 0.010001 14.000000
v 26.000000 0.000001 15.500000
v 26.000000 0.010001 15.500000
v 26.000000 0.000001 16.250000
v 26.000000 0.010001 16.250000
v 25.500000 0.000001 13.250000
v 26.250000 0.000001 13.250000
v 25.500000 0.010001 13.250000
v 26.250000 0.010001 13.250000
v 23.250000 0.000001 13.750000
v 23.250000 0.010001 13.750000
v 23.250000 0.000001 14.500000
v 23.250000 0.010001 14.500000
v 24.000000 0.000001 14.500000
v 24.000000 0.010001 14.500000
v 24.000000 0.000001 13.750000
v 24.000000 0.010001 13.750000
v 23.750000 0.000001 16.000000
v 24.500000 0.000001 16.000000
v 23.750000 0.010001 16.000000
v 24.500000 0.010001 16.000000
v 24.500000 0.010001 16.750000
v 24.500000 0.000001 16.750000
v 23.750000 0.010001 16.750000
v 23.750000 0.000001 16.750000
v 24.753500 0.566251 14.670800
v 24.931330 0.666001 14.666590
v 24.749290 0.666001 14.848630
v 25.323240 0.666001 14.771600
v 25.475140 0.566251 14.864160
v 25.389870 0.666001 15.020270
v 24.854300 0.666001 15.240540
v 25.102970 0.666001 15.307170
v 24.946859 0.566251 15.392430
v 25.022079 0.594100 14.818020
v 24.900721 0.594100 14.939380
v 25.105850 0.594100 15.130650
v 24.940069 0.594100 15.086230
v 25.168930 0.594100 14.857370
v 25.213350 0.594100 15.023150
v 25.041821 0.400001 14.898440
v 24.981140 0.400001 14.959120
v 25.111629 0.400001 14.917140
v 25.133841 0.400001 15.000030
v 24.999840 0.400001 15.028930
v 25.082729 0.400001 15.051140
v 24.841280 0.845899 15.111370
v 24.835831 0.887549 15.137240
v 24.922930 0.845899 15.193020
v 24.897070 0.887549 15.198470
v 24.911989 1.019104 15.040660
v 24.993641 1.019104 15.122310
v 24.888861 1.017453 15.084200
v 24.950100 1.017453 15.145440
v 24.999109 0.932501 15.198490
v 24.954201 0.952501 15.202570
v 25.018129 0.999104 15.097820
v 24.936480 0.999104 15.016170
v 25.011339 0.967453 15.084200
v 24.950100 0.967453 15.022960
v 24.892960 0.902501 15.018860
v 24.860300 0.912501 15.010700
v 24.897070 0.837549 15.076000
v 24.865770 0.825899 15.086880
v 24.958300 0.837549 15.137240
v 24.947420 0.825899 15.168530
v 24.835810 0.932501 15.035190
v 24.831730 0.952501 15.080100
v 25.015440 0.902501 15.141340
v 25.023600 0.912501 15.174000
v 25.750000 0.338253 13.390000
v 24.250000 0.338253 13.390000
v 25.750000 0.338253 12.610000
v 24.250000 0.338253 12.610000
v 24.250000 0.263253 12.610000
v 24.250000 0.263253 13.390000
v 25.750000 0.263253 13.390000
v 25.750000 0.263253 12.610000
v 25.645000 0.263253 12.820000
v 25.645000 0.263253 13.180000
v 25.660000 0.263253 12.820000
v 25.645000 0.263253 12.670000
v 25.719999 0.263253 13.180000
v 25.719999 0.263253 12.820000
v 25.719999 0.263253 13.330000
v 25.719999 0.263253 12.670000
v 25.645000 0.263253 13.330000
v 24.355000 0.263253 12.670000
v 24.280001 0.263253 12.670000
v 24.355000 0.263253 12.820000
v 24.280001 0.263253 13.180000
v 24.280001 0.263253 12.820000
v 24.340000 0.263253 12.820000
v 24.280001 0.263253 13.330000
v 24.355000 0.263253 13.180000
v 24.355000 0.263253 13.330000
v 24.355000 0.000001 13.330000
v 24.280001 0.000001 13.330000
v 25.719999 0.000001 13.180000
v 25.719999 0.000001 13.330000
v 24.280001 0.000001 12.670000
v 24.280001 0.000001 12.820000
v 24.355000 0.000001 13.180000
v 24.340000 0.000001 13.180000
v 24.280001 0.000001 13.180000
v 25.645000 0.199127 12.707500
v 25.645000 0.199127 12.782500
v 24.355000 0.199127 12.707500
v 24.355000 0.199127 12.782500
v 24.355000 0.000001 12.820000
v 24.355000 0.000001 12.670000
v 25.645000 0.000001 13.330000
v 24.336250 0.124127 13.180000
v 24.336250 0.124127 12.820000
v 24.298750 0.124127 13.180000
v 24.298750 0.124127 12.820000
v 25.660000 0.000001 13.180000
v 25.645000 0.000001 13.180000
v 24.298750 0.199127 12.820000
v 24.336250 0.199127 12.820000
v 24.298750 0.199127 13.180000
v 25.645000 0.000001 12.670000
v 25.719999 0.000001 12.670000
v 25.645000 0.124127 12.782500
v 25.645000 0.124127 12.707500
v 24.355000 0.124127 12.782500
v 24.355000 0.124127 12.707500
v 24.336250 0.199127 13.180000
v 25.701250 0.199127 13.180000
v 25.663750 0.199127 13.180000
v 25.701250 0.199127 12.820000
v 25.663750 0.199127 12.820000
v 25.645000 0.124127 13.292500
v 25.645000 0.124127 13.217500
v 24.355000 0.124127 13.292500
v 24.355000 0.124127 13.217500
v 25.701250 0.124127 13.180000
v 25.701250 0.124127 12.820000
v 25.663750 0.124127 13.180000
v 25.663750 0.124127 12.820000
v 25.719999 0.000001 12.820000
v 25.645000 0.199127 13.292500
v 24.355000 0.199127 13.292500
v 25.645000 0.199127 13.217500
v 24.355000 0.199127 13.217500
v 25.645000 0.000001 12.820000
v 27.500000 0.338253 13.390000
v 26.000000 0.338253 13.390000
v 27.500000 0.338253 12.610000
v 26.000000 0.338253 12.610000
v 26.000000 0.263253 12.610000
v 26.000000 0.263253 13.390000
v 27.500000 0.263253 13.390000
v 27.500000 0.263253 12.610000
v 27.395000 0.263253 12.820000
v 27.395000 0.263253 13.180000
v 27.410000 0.263253 12.820000
v 27.395000 0.263253 12.670000
v 27.469999 0.263253 13.180000
v 27.469999 0.263253 12.820000
v 27.469999 0.263253 13.330000
v 27.469999 0.263253 12.670000
v 27.395000 0.263253 13.330000
v 26.105000 0.263253 12.670000
v 26.030001 0.263253 12.670000
v 26.105000 0.263253 12.820000
v 26.030001 0.263253 13.180000
v 26.030001 0.263253 12.820000
v 26.090000 0.263253 12.820000
v 26.030001 0.263253 13.330000
v 26.105000 0.263253 13.180000
v 26.105000 0.263253 13.330000
v 26.105000 0.000001 13.330000
v 26.030001 0.000001 13.330000
v 27.469999 0.000001 13.180000
v 27.469999 0.000001 13.330000
v 26.030001 0.000001 12.670000
v 26.030001 0.000001 12.820000
v 26.105000 0.000001 13.180000
v 26.090000 0.000001 13.180000
v 26.030001 0.000001 13.180000
v 27.395000 0.199127 12.707500
v 27.395000 0.199127 12.782500
v 26.105000 0.199127 12.707500
v 26.105000 0.199127 12.782500
v 26.105000 0.000001 12.820000
v 26.105000 0.000001 12.670000
v 27.395000 0.000001 13.330000
v 26.086250 0.124127 13.180000
v 26.086250 0.124127 12.820000
v 26.048750 0.124127 13.180000
v 26.048750 0.124127 12.820000
v 27.410000 0.000001 13.180000
v 27.395000 0.000001 13.180000
v 26.048750 0.199127 12.820000
v 26.086250 0.199127 12.820000
v 26.048750 0.199127 13.180000
v 27.395000 0.000001 12.670000
v 27.469999 0.000001 12.670000
v 27.395000 0.124127 12.782500
v 27.395000 0.124127 12.707500
v 26.105000 0.124127 12.782500
v 26.105000 0.124127 12.707500
v 26.086250 0.199127 13.180000
v 27.451250 0.199127 13.180000
v 27.413750 0.199127 13.180000
v 27.451250 0.199127 12.820000
v 27.413750 0.199127 12.820000
v 27.395000 0.124127 13.292500
v 27.395000 0.124127 13.217500
v 26.105000 0.124127 13.292500
v 26.105000 0.124127 13.217500
v 27.451250 0.124127 13.180000
v 27.451250 0.124127 12.820000
v 27.413750 0.124127 13.180000
v 27.413750 0.124127 12.820000
v 27.469999 0.000001 12.820000
v 27.395000 0.199127 13.292500
v 26.105000 0.199127 13.292500
v 27.395000 0.199127 13.217500
v 26.105000 0.199127 13.217500
v 27.395000 0.000001 12.820000
v 1.171575 -0.724999 13.515380
v 0.543724 -0.724999 13.347140
v 1.171575 -0.074999 13.515380
v 0.543724 -0.074999 13.347140
v 0.552857 -0.724999 12.443720
v 0.552857 -0.074999 12.443720
v 0.384625 -0.724999 13.071580
v 0.384625 -0.074999 13.071580
v 1.229810 -0.949999 13.298040
v 1.398042 -0.949999 12.670190
v 0.601958 -0.949999 13.129810
v 0.770190 -0.949999 12.501960
v 1.398042 0.150001 12.670190
v 1.229810 0.150001 13.298040
v 0.770190 0.150001 12.501960
v 0.601958 0.150001 13.129810
v 0.828425 -0.724999 12.284620
v 1.456276 -0.724999 12.452860
v 0.828425 -0.074999 12.284620
v 1.456276 -0.074999 12.452860
v 1.615376 -0.074999 12.728420
v 1.615376 -0.724999 12.728420
v 1.447143 -0.074999 13.356280
v 1.447143 -0.724999 13.356280
v 1.353553 -0.899999 13.512370
v 1.353553 0.100001 13.512370
v 0.387628 -0.899999 13.253550
v 0.387628 0.100001 13.253550
v 1.612372 0.100001 12.546450
v 1.612372 -0.899999 12.546450
v 0.646447 -0.899999 12.287630
v 0.646447 0.100001 12.287630
v 3.171575 -0.724999 13.515380
v 2.543724 -0.724999 13.347140
v 3.171575 -0.074999 13.515380
v 2.543724 -0.074999 13.347140
v 2.552857 -0.724999 12.443720
v 2.552857 -0.074999 12.443720
v 2.384624 -0.724999 13.071580
v 2.384624 -0.074999 13.071580
v 3.229810 -0.949999 13.298040
v 3.398042 -0.949999 12.670190
v 2.601958 -0.949999 13.129810
v 2.770190 -0.949999 12.501960
v 3.398042 0.150001 12.670190
v 3.229810 0.150001 13.298040
v 2.770190 0.150001 12.501960
v 2.601958 0.150001 13.129810
v 2.828425 -0.724999 12.284620
v 3.456276 -0.724999 12.452860
v 2.828425 -0.074999 12.284620
v 3.456276 -0.074999 12.452860
v 3.615376 -0.074999 12.728420
v 3.615376 -0.724999 12.728420
v 3.447143 -0.074999 13.356280
v 3.447143 -0.724999 13.356280
v 3.353553 -0.899999 13.512370
v 3.353553 0.100001 13.512370
v 2.387628 -0.899999 13.253550
v 2.387628 0.100001 13.253550
v 3.612372 0.100001 12.546450
v 3.612372 -0.899999 12.546450
v 2.646447 -0.899999 12.287630
v 2.646447 0.100001 12.287630
v 7.171576 -0.724999 13.515380
v 6.543724 -0.724999 13.347140
v 7.171576 -0.074999 13.515380
v 6.543724 -0.074999 13.347140
v 6.552857 -0.724999 12.443720
v 6.552857 -0.074999 12.443720
v 6.384624 -0.724999 13.071580
v 6.384624 -0.074999 13.071580
v 7.229810 -0.949999 13.298040
v 7.398042 -0.949999 12.670190
v 6.601958 -0.949999 13.129810
v 6.770190 -0.949999 12.501960
v 7.398042 0.150001 12.670190
v 7.229810 0.150001 13.298040
v 6.770190 0.150001 12.501960
v 6.601958 0.150001 13.129810
v 6.828424 -0.724999 12.284620
v 7.456276 -0.724999 12.452860
v 6.828424 -0.074999 12.284620
v 7.456276 -0.074999 12.452860
v 7.615376 -0.074999 12.728420
v 7.615376 -0.724999 12.728420
v 7.447143 -0.074999 13.356280
v 7.447143 -0.724999 13.356280
v 7.353553 -0.899999 13.512370
v 7.353553 0.100001 13.512370
v 6.387628 -0.899999 13.253550
v 6.387628 0.100001 13.253550
v 7.612372 0.100001 12.546450
v 7.612372 -0.899999 12.546450
v 6.646447 -0.899999 12.287630
v 6.646447 0.100001 12.287630
v 9.325000 -0.724999 13.450000
v 8.675000 -0.724999 13.450000
v 9.325000 -0.074999 13.450000
v 8.675000 -0.074999 13.450000
v 8.450000 -0.724999 12.575000
v 8.450000 -0.074999 12.575000
v 8.450000 -0.724999 13.225000
v 8.450000 -0.074999 13.225000
v 9.325000 -0.949999 13.225000
v 9.325000 -0.949999 12.575000
v 8.675000 -0.949999 13.225000
v 8.675000 -0.949999 12.575000
v 9.325000 0.150001 12.575000
v 9.325000 0.150001 13.225000
v 8.675000 0.150001 12.575000
v 8.675000 0.150001 13.225000
v 8.675000 -0.724999 12.350000
v 9.325000 -0.724999 12.350000
v 8.675000 -0.074999 12.350000
v 9.325000 -0.074999 12.350000
v 9.550000 -0.074999 12.575000
v 9.550000 -0.724999 12.575000
v 9.550000 -0.074999 13.225000
v 9.550000 -0.724999 13.225000
v 9.500000 -0.899999 13.400000
v 9.500000 0.100001 13.400000
v 8.500000 -0.899999 13.400000
v 8.500000 0.100001 13.400000
v 9.500000 0.100001 12.400000
v 9.500000 -0.899999 12.400000
v 8.500000 -0.899999 12.400000
v 8.500000 0.100001 12.400000
v 2.325000 -0.624999 13.450000
v 1.675000 -0.624999 13.450000
v 2.325000 0.025001 13.450000
v 1.675000 0.025001 13.450000
v 1.450000 -0.624999 12.575000
v 1.450000 0.025001 12.575000
v 1.450000 -0.624999 13.225000
v 1.450000 0.025001 13.225000
v 2.325000 -0.849999 13.225000
v 2.325000 -0.849999 12.575000
v 1.675000 -0.849999 13.225000
v 1.675000 -0.849999 12.575000
v 2.325000 0.250001 12.575000
v 2.325000 0.250001 13.225000
v 1.675000 0.250001 12.575000
v 1.675000 0.250001 13.225000
v 1.675000 -0.624999 12.350000
v 2.325000 -0.624999 12.350000
v 1.675000 0.025001 12.350000
v 2.325000 0.025001 12.350000
v 2.550000 0.025001 12.575000
v 2.550000 -0.624999 12.575000
v 2.550000 0.025001 13.225000
v 2.550000 -0.624999 13.225000
v 2.500000 -0.799999 13.400000
v 2.500000 0.200001 13.400000
v 1.500000 -0.799999 13.400000
v 1.500000 0.200001 13.400000
v 2.500000 0.200001 12.400000
v 2.500000 -0.799999 12.400000
v 1.500000 -0.799999 12.400000
v 1.500000 0.200001 12.400000
v 4.325000 -0.724999 13.450000
v 3.675000 -0.724999 13.450000
v 4.325000 -0.074999 13.450000
v 3.675000 -0.074999 13.450000
v 3.450000 -0.724999 12.575000
v 3.450000 -0.074999 12.575000
v 3.450000 -0.724999 13.225000
v 3.450000 -0.074999 13.225000
v 4.325000 -0.949999 13.225000
v 4.325000 -0.949999 12.575000
v 3.675000 -0.949999 13.225000
v 3.675000 -0.949999 12.575000
v 4.325000 0.150001 12.575000
v 4.325000 0.150001 13.225000
v 3.675000 0.150001 12.575000
v 3.675000 0.150001 13.225000
v 3.675000 -0.724999 12.350000
v 4.325000 -0.724999 12.350000
v 3.675000 -0.074999 12.350000
v 4.325000 -0.074999 12.350000
v 4.550000 -0.074999 12.575000
v 4.550000 -0.724999 12.575000
v 4.550000 -0.074999 13.225000
v 4.550000 -0.724999 13.225000
v 4.500000 -0.899999 13.400000
v 4.500000 0.100001 13.400000
v 3.500000 -0.899999 13.400000
v 3.500000 0.100001 13.400000
v 4.500000 0.100001 12.400000
v 4.500000 -0.899999 12.400000
v 3.500000 -0.899999 12.400000
v 3.500000 0.100001 12.400000
v 6.325000 -0.624999 13.450000
v 5.675000 -0.624999 13.450000
v 6.325000 0.025001 13.450000
v 5.675000 0.025001 13.450000
v 5.450000 -0.624999 12.575000
v 5.450000 0.025001 12.575000
v 5.450000 -0.624999 13.225000
v 5.450000 0.025001 13.225000
v 6.325000 -0.849999 13.225000
v 6.325000 -0.849999 12.575000
v 5.675000 -0.849999 13.225000
v 5.675000 -0.849999 12.575000
v 6.325000 0.250001 12.575000
v 6.325000 0.250001 13.225000
v 5.675000 0.250001 12.575000
v 5.675000 0.250001 13.225000
v 5.675000 -0.624999 12.350000
v 6.325000 -0.624999 12.350000
v 5.675000 0.025001 12.350000
v 6.325000 0.025001 12.350000
v 6.550000 0.025001 12.575000
v 6.550000 -0.624999 12.575000
v 6.550000 0.025001 13.225000
v 6.550000 -0.624999 13.225000
v 6.500000 -0.799999 13.400000
v 6.500000 0.200001 13.400000
v 5.500000 -0.799999 13.400000
v 5.500000 0.200001 13.400000
v 6.500000 0.200001 12.400000
v 6.500000 -0.799999 12.400000
v 5.500000 -0.799999 12.400000
v 5.500000 0.200001 12.400000
v 5.171576 -0.624999 13.515380
v 4.543724 -0.624999 13.347140
v 5.171576 0.025001 13.515380
v 4.543724 0.025001 13.347140
v 4.552857 -0.624999 12.443720
v 4.552857 0.025001 12.443720
v 4.384624 -0.624999 13.071580
v 4.384624 0.025001 13.071580
v 5.229810 -0.849999 13.298040
v 5.398042 -0.849999 12.670190
v 4.601958 -0.849999 13.129810
v 4.770190 -0.849999 12.501960
v 5.398042 0.250001 12.670190
v 5.229810 0.250001 13.298040
v 4.770190 0.250001 12.501960
v 4.601958 0.250001 13.129810
v 4.828424 -0.624999 12.284620
v 5.456276 -0.624999 12.452860
v 4.828424 0.025001 12.284620
v 5.456276 0.025001 12.452860
v 5.615376 0.025001 12.728420
v 5.615376 -0.624999 12.728420
v 5.447143 0.025001 13.356280
v 5.447143 -0.624999 13.356280
v 5.353553 -0.799999 13.512370
v 5.353553 0.200001 13.512370
v 4.387628 -0.799999 13.253550
v 4.387628 0.200001 13.253550
v 5.612372 0.200001 12.546450
v 5.612372 -0.799999 12.546450
v 4.646447 -0.799999 12.287630
v 4.646447 0.200001 12.287630
v 8.171576 -0.624999 13.515380
v 7.543724 -0.624999 13.347140
v 8.171576 0.025001 13.515380
v 7.543724 0.025001 13.347140
v 7.552857 -0.624999 12.443720
v 7.552857 0.025001 12.443720
v 7.384624 -0.624999 13.071580
v 7.384624 0.025001 13.071580
v 8.229810 -0.849999 13.298040
v 8.398042 -0.849999 12.670190
v 7.601958 -0.849999 13.129810
v 7.770190 -0.849999 12.501960
v 8.398042 0.250001 12.670190
v 8.229810 0.250001 13.298040
v 7.770190 0.250001 12.501960
v 7.601958 0.250001 13.129810
v 7.828424 -0.624999 12.284620
v 8.456276 -0.624999 12.452860
v 7.828424 0.025001 12.284620
v 8.456276 0.025001 12.452860
v 8.615376 0.025001 12.728420
v 8.615376 -0.624999 12.728420
v 8.447143 0.025001 13.356280
v 8.447143 -0.624999 13.356280
v 8.353554 -0.799999 13.512370
v 8.353554 0.200001 13.512370
v 7.387628 -0.799999 13.253550
v 7.387628 0.200001 13.253550
v 8.612372 0.200001 12.546450
v 8.612372 -0.799999 12.546450
v 7.646447 -0.799999 12.287630
v 7.646447 0.200001 12.287630
v 10.456280 -0.624999 13.347140
v 9.828424 -0.624999 13.515380
v 10.456280 0.025001 13.347140
v 9.828424 0.025001 13.515380
v 9.384624 -0.624999 12.728420
v 9.384624 0.025001 12.728420
v 9.552857 -0.624999 13.356280
v 9.552857 0.025001 13.356280
v 10.398040 -0.849999 13.129810
v 10.229810 -0.849999 12.501960
v 9.770190 -0.849999 13.298040
v 9.601958 -0.849999 12.670190
v 10.229810 0.250001 12.501960
v 10.398040 0.250001 13.129810
v 9.601958 0.250001 12.670190
v 9.770190 0.250001 13.298040
v 9.543723 -0.624999 12.452860
v 10.171580 -0.624999 12.284620
v 9.543723 0.025001 12.452860
v 10.171580 0.025001 12.284620
v 10.447140 0.025001 12.443720
v 10.447140 -0.624999 12.443720
v 10.615380 0.025001 13.071580
v 10.615380 -0.624999 13.071580
v 10.612370 -0.799999 13.253550
v 10.612370 0.200001 13.253550
v 9.646447 -0.799999 13.512370
v 9.646447 0.200001 13.512370
v 10.353550 0.200001 12.287630
v 10.353550 -0.799999 12.287630
v 9.387628 -0.799999 12.546450
v 9.387628 0.200001 12.546450
v 11.171580 -0.524999 13.515380
v 10.543720 -0.524999 13.347140
v 11.171580 0.125001 13.515380
v 10.543720 0.125001 13.347140
v 10.552860 -0.524999 12.443720
v 10.552860 0.125001 12.443720
v 10.384620 -0.524999 13.071580
v 10.384620 0.125001 13.071580
v 11.229810 -0.749999 13.298040
v 11.398040 -0.749999 12.670190
v 10.601960 -0.749999 13.129810
v 10.770190 -0.749999 12.501960
v 11.398040 0.350001 12.670190
v 11.229810 0.350001 13.298040
v 10.770190 0.350001 12.501960
v 10.601960 0.350001 13.129810
v 10.828420 -0.524999 12.284620
v 11.456280 -0.524999 12.452860
v 10.828420 0.125001 12.284620
v 11.456280 0.125001 12.452860
v 11.615380 0.125001 12.728420
v 11.615380 -0.524999 12.728420
v 11.447140 0.125001 13.356280
v 11.447140 -0.524999 13.356280
v 11.353550 -0.699999 13.512370
v 11.353550 0.300001 13.512370
v 10.387630 -0.699999 13.253550
v 10.387630 0.300001 13.253550
v 11.612370 0.300001 12.546450
v 11.612370 -0.699999 12.546450
v 10.646450 -0.699999 12.287630
v 10.646450 0.300001 12.287630
v 15.171580 -0.324999 17.515381
v 14.543720 -0.324999 17.347139
v 15.171580 0.325001 17.515381
v 14.543720 0.325001 17.347139
v 14.552860 -0.324999 16.443720
v 14.552860 0.325001 16.443720
v 14.384620 -0.324999 17.071581
v 14.384620 0.325001 17.071581
v 15.229810 -0.549999 17.298040
v 15.398040 -0.549999 16.670191
v 14.601960 -0.549999 17.129810
v 14.770190 -0.549999 16.501961
v 15.398040 0.550001 16.670191
v 15.229810 0.550001 17.298040
v 14.770190 0.550001 16.501961
v 14.601960 0.550001 17.129810
v 14.828420 -0.324999 16.284620
v 15.456280 -0.324999 16.452860
v 14.828420 0.325001 16.284620
v 15.456280 0.325001 16.452860
v 15.615380 0.325001 16.728420
v 15.615380 -0.324999 16.728420
v 15.447140 0.325001 17.356279
v 15.447140 -0.324999 17.356279
v 15.353550 -0.499999 17.512369
v 15.353550 0.500001 17.512369
v 14.387630 -0.499999 17.253550
v 14.387630 0.500001 17.253550
v 15.612370 0.500001 16.546450
v 15.612370 -0.499999 16.546450
v 14.646450 -0.499999 16.287630
v 14.646450 0.500001 16.287630
v 34.500000 -0.099999 19.500000
v 34.500000 0.000001 19.500000
v 52.500000 -0.099998 22.500000
v 34.500000 -0.099998 32.500000
v 52.500000 0.000002 22.500000
v 34.500000 0.000002 32.500000
v -2.500000 -0.100000 -2.500000
v -2.500000 -0.000000 -2.500000
v -2.500000 -0.100000 0.500000
v -2.500000 0.000000 0.500000
v 1.600000 0.000000 0.450000
v 1.500000 0.000000 0.450000
v 1.600000 0.000000 0.550000
v 1.500000 0.000000 0.550000
v 1.500000 0.500000 0.450000
v 1.600000 0.500000 0.450000
v 1.500000 0.500000 0.550000
v 1.600000 0.500000 0.550000
v 2.500000 0.000000 0.450000
v 2.400000 0.000000 0.450000
v 2.500000 0.000000 0.550000
v 2.400000 0.000000 0.550000
v 2.400000 0.500000 0.450000
v 2.500000 0.500000 0.450000
v 2.400000 0.500000 0.550000
v 2.500000 0.500000 0.550000
v 2.400000 0.400000 0.525000
v 1.600000 0.400000 0.525000
v 2.400000 0.400000 0.475000
v 1.600000 0.400000 0.475000
v 2.400000 0.300000 0.525000
v 1.600000 0.300000 0.525000
v 2.400000 0.300000 0.475000
v 1.600000 0.300000 0.475000
v 9.500000 -0.099999 16.500000
v 19.500000 -0.099999 16.500000
v 9.500000 0.000001 16.500000
v 19.500000 0.000001 16.500000
v 9.500000 -0.099999 19.500000
v 9.500000 0.000001 19.500000
v 0.500000 -0.099999 16.500000
v 0.500000 0.000001 16.500000
v 0.500000 -0.099999 19.500000
v 0.500000 0.000001 19.500000
v 0.500000 -0.099998 32.500000
v 0.500000 0.000002 32.500000
v 9.500000 -0.099999 13.500000
v 19.500000 -0.099999 13.500000
v 9.500000 0.000001 13.500000
v 19.500000 0.000001 13.500000
v 0.500000 -0.099999 13.500000
v 0.500000 0.000001 13.500000
v 3.600000 -0.199999 16.450001
v 3.500000 -0.199999 16.450001
v 3.600000 -0.199999 16.549999
v 3.500000 -0.199999 16.549999
v 3.500000 0.300001 16.450001
v 3.600000 0.300001 16.450001
v 3.500000 0.300001 16.549999
v 3.600000 0.300001 16.549999
v 4.500000 -0.199999 16.450001
v 4.400000 -0.199999 16.450001
v 4.500000 -0.199999 16.549999
v 4.400000 -0.199999 16.549999
v 4.400000 0.300001 16.450001
v 4.500000 0.300001 16.450001
v 4.400000 0.300001 16.549999
v 4.500000 0.300001 16.549999
v 4.400000 0.200001 16.525000
v 3.600000 0.200001 16.525000
v 4.400000 0.200001 16.475000
v 3.600000 0.200001 16.475000
v 4.400000 0.100001 16.525000
v 3.600000 0.100001 16.525000
v 4.400000 0.100001 16.475000
v 3.600000 0.100001 16.475000
v 2.600000 -0.199999 16.450001
v 2.500000 -0.199999 16.450001
v 2.600000 -0.199999 16.549999
v 2.500000 -0.199999 16.549999
v 2.500000 0.300001 16.450001
v 2.600000 0.300001 16.450001
v 2.500000 0.300001 16.549999
v 2.600000 0.300001 16.549999
v 3.400000 -0.199999 16.450001
v 3.400000 -0.199999 16.549999
v 3.400000 0.300001 16.450001
v 3.400000 0.300001 16.549999
v 3.400000 0.200001 16.525000
v 2.600000 0.200001 16.525000
v 3.400000 0.200001 16.475000
v 2.600000 0.200001 16.475000
v 3.400000 0.100001 16.525000
v 2.600000 0.100001 16.525000
v 3.400000 0.100001 16.475000
v 2.600000 0.100001 16.475000
v 1.600000 -0.199999 16.450001
v 1.500000 -0.199999 16.450001
v 1.600000 -0.199999 16.549999
v 1.500000 -0.199999 16.549999
v 1.500000 0.300001 16.450001
v 1.600000 0.300001 16.450001
v 1.500000 0.300001 16.549999
v 1.600000 0.300001 16.549999
v 2.400000 -0.199999 16.450001
v 2.400000 -0.199999 16.549999
v 2.400000 0.300001 16.450001
v 2.400000 0.300001 16.549999
v 2.400000 0.200001 16.525000
v 1.600000 0.200001 16.525000
v 2.400000 0.200001 16.475000
v 1.600000 0.200001 16.475000
v 2.400000 0.100001 16.525000
v 1.600000 0.100001 16.525000
v 2.400000 0.100001 16.475000
v 1.600000 0.100001 16.475000
v 13.600000 -0.199999 16.450001
v 13.500000 -0.199999 16.450001
v 13.600000 -0.199999 16.549999
v 13.500000 -0.199999 16.549999
v 13.500000 0.300001 16.450001
v 13.600000 0.300001 16.450001
v 13.500000 0.300001 16.549999
v 13.600000 0.300001 16.549999
v 14.500000 -0.199999 16.450001
v 14.400000 -0.199999 16.450001
v 14.500000 -0.199999 16.549999
v 14.400000 -0.199999 16.549999
v 14.400000 0.300001 16.450001
v 14.500000 0.300001 16.450001
v 14.400000 0.300001 16.549999
v 14.500000 0.300001 16.549999
v 14.400000 0.200001 16.525000
v 13.600000 0.200001 16.525000
v 14.400000 0.200001 16.475000
v 13.600000 0.200001 16.475000
v 14.400000 0.100001 16.525000
v 13.600000 0.100001 16.525000
v 14.400000 0.100001 16.475000
v 13.600000 0.100001 16.475000
v 12.600000 -0.199999 16.450001
v 12.500000 -0.199999 16.450001
v 12.600000 -0.199999 16.549999
v 12.500000 -0.199999 16.549999
v 12.500000 0.300001 16.450001
v 12.600000 0.300001 16.450001
v 12.500000 0.300001 16.549999
v 12.600000 0.300001 16.549999
v 13.400000 -0.199999 16.450001
v 13.400000 -0.199999 16.549999
v 13.400000 0.300001 16.450001
v 13.400000 0.300001 16.549999
v 13.400000 0.200001 16.525000
v 12.600000 0.200001 16.525000
v 13.400000 0.200001 16.475000
v 12.600000 0.200001 16.475000
v 13.400000 0.100001 16.525000
v 12.600000 0.100001 16.525000
v 13.400000 0.100001 16.475000
v 12.600000 0.100001 16.475000
v 11.600000 -0.199999 16.450001
v 11.500000 -0.199999 16.450001
v 11.600000 -0.199999 16.549999
v 11.500000 -0.199999 16.549999
v 11.500000 0.300001 16.450001
v 11.600000 0.300001 16.450001
v 11.500000 0.300001 16.549999
v 11.600000 0.300001 16.549999
v 12.400000 -0.199999 16.450001
v 12.400000 -0.199999 16.549999
v 12.400000 0.300001 16.450001
v 12.400000 0.300001 16.549999
v 12.400000 0.200001 16.525000
v 11.600000 0.200001 16.525000
v 12.400000 0.200001 16.475000
v 11.600000 0.200001 16.475000
v 12.400000 0.100001 16.525000
v 11.600000 0.100001 16.525000
v 12.400000 0.100001 16.475000
v 11.600000 0.100001 16.475000
v 10.600000 -0.199999 16.450001
v 10.500000 -0.199999 16.450001
v 10.600000 -0.199999 16.549999
v 10.500000 -0.199999 16.549999
v 10.500000 0.300001 16.450001
v 10.600000 0.300001 16.450001
v 10.500000 0.300001 16.549999
v 10.600000 0.300001 16.549999
v 11.400000 -0.199999 16.450001
v 11.400000 -0.199999 16.549999
v 11.400000 0.300001 16.450001
v 11.400000 0.300001 16.549999
v 11.400000 0.200001 16.525000
v 10.600000 0.200001 16.525000
v 11.400000 0.200001 16.475000
v 10.600000 0.200001 16.475000
v 11.400000 0.100001 16.525000
v 10.600000 0.100001 16.525000
v 11.400000 0.100001 16.475000
v 10.600000 0.100001 16.475000
v 9.600000 -0.199999 16.450001
v 9.500000 -0.199999 16.450001
v 9.600000 -0.199999 16.549999
v 9.500000 -0.199999 16.549999
v 9.500000 0.300001 16.450001
v 9.600000 0.300001 16.450001
v 9.500000 0.300001 16.549999
v 9.600000 0.300001 16.549999
v 10.400000 -0.199999 16.450001
v 10.400000 -0.199999 16.549999
v 10.400000 0.300001 16.450001
v 10.400000 0.300001 16.549999
v 10.400000 0.200001 16.525000
v 9.599999 0.200001 16.525000
v 10.400000 0.200001 16.475000
v 9.599999 0.200001 16.475000
v 10.400000 0.100001 16.525000
v 9.599999 0.100001 16.525000
v 10.400000 0.100001 16.475000
v 9.599999 0.100001 16.475000
v 8.600000 -0.199999 16.450001
v 8.500000 -0.199999 16.450001
v 8.600000 -0.199999 16.549999
v 8.500000 -0.199999 16.549999
v 8.500000 0.300001 16.450001
v 8.600000 0.300001 16.450001
v 8.500000 0.300001 16.549999
v 8.600000 0.300001 16.549999
v 9.400000 -0.199999 16.450001
v 9.400000 -0.199999 16.549999
v 9.400000 0.300001 16.450001
v 9.400000 0.300001 16.549999
v 9.400001 0.200001 16.525000
v 8.599999 0.200001 16.525000
v 9.400001 0.200001 16.475000
v 8.599999 0.200001 16.475000
v 9.400001 0.100001 16.525000
v 8.599999 0.100001 16.525000
v 9.400001 0.100001 16.475000
v 8.599999 0.100001 16.475000
v 7.600000 -0.199999 16.450001
v 7.500000 -0.199999 16.450001
v 7.600000 -0.199999 16.549999
v 7.500000 -0.199999 16.549999
v 7.500000 0.300001 16.450001
v 7.600000 0.300001 16.450001
v 7.500000 0.300001 16.549999
v 7.600000 0.300001 16.549999
v 8.400000 -0.199999 16.450001
v 8.400000 -0.199999 16.549999
v 8.400000 0.300001 16.450001
v 8.400000 0.300001 16.549999
v 8.400001 0.200001 16.525000
v 7.600000 0.200001 16.525000
v 8.400001 0.200001 16.475000
v 7.600000 0.200001 16.475000
v 8.400001 0.100001 16.525000
v 7.600000 0.100001 16.525000
v 8.400001 0.100001 16.475000
v 7.600000 0.100001 16.475000
v 6.600000 -0.199999 16.450001
v 6.500000 -0.199999 16.450001
v 6.600000 -0.199999 16.549999
v 6.500000 -0.199999 16.549999
v 6.500000 0.300001 16.450001
v 6.600000 0.300001 16.450001
v 6.500000 0.300001 16.549999
v 6.600000 0.300001 16.549999
v 7.400000 -0.199999 16.450001
v 7.400000 -0.199999 16.549999
v 7.400000 0.300001 16.450001
v 7.400000 0.300001 16.549999
v 7.400000 0.200001 16.525000
v 6.600000 0.200001 16.525000
v 7.400000 0.200001 16.475000
v 6.600000 0.200001 16.475000
v 7.400000 0.100001 16.525000
v 6.600000 0.100001 16.525000
v 7.400000 0.100001 16.475000
v 6.600000 0.100001 16.475000
v 5.600000 -0.199999 16.450001
v 5.500000 -0.199999 16.450001
v 5.600000 -0.199999 16.549999
v 5.500000 -0.199999 16.549999
v 5.500000 0.300001 16.450001
v 5.600000 0.300001 16.450001
v 5.500000 0.300001 16.549999
v 5.600000 0.300001 16.549999
v 6.400000 -0.199999 16.450001
v 6.400000 -0.199999 16.549999
v 6.400000 0.300001 16.450001
v 6.400000 0.300001 16.549999
v 6.400000 0.200001 16.525000
v 5.600000 0.200001 16.525000
v 6.400000 0.200001 16.475000
v 5.600000 0.200001 16.475000
v 6.400000 0.100001 16.525000
v 5.600000 0.100001 16.525000
v 6.400000 0.100001 16.475000
v 5.600000 0.100001 16.475000
v 4.600000 -0.199999 16.450001
v 4.600000 -0.199999 16.549999
v 4.600000 0.300001 16.450001
v 4.600000 0.300001 16.549999
v 5.400000 -0.199999 16.450001
v 5.400000 -0.199999 16.549999
v 5.400000 0.300001 16.450001
v 5.400000 0.300001 16.549999
v 5.400000 0.200001 16.525000
v 4.600000 0.200001 16.525000
v 5.400000 0.200001 16.475000
v 4.600000 0.200001 16.475000
v 5.400000 0.100001 16.525000
v 4.600000 0.100001 16.525000
v 5.400000 0.100001 16.475000
v 4.600000 0.100001 16.475000
v 6.840901 0.175001 9.518718
v 6.381281 0.175001 9.059098
v 6.840901 0.825001 9.518718
v 6.381281 0.825001 9.059098
v 6.840901 0.175001 8.281281
v 6.840901 0.825001 8.281281
v 6.381281 0.175001 8.740900
v 6.381281 0.825001 8.740900
v 7.000000 -0.049999 9.359619
v 7.459620 -0.049999 8.900000
v 6.540380 -0.049999 8.900000
v 7.000000 -0.049999 8.440380
v 7.459620 1.050001 8.900000
v 7.000000 1.050001 9.359619
v 7.000000 1.050001 8.440380
v 6.540380 1.050001 8.900000
v 7.159099 0.175001 8.281281
v 7.618719 0.175001 8.740901
v 7.159099 0.825001 8.281281
v 7.618719 0.825001 8.740901
v 7.618719 0.825001 9.059099
v 7.618719 0.175001 9.059099
v 7.159099 0.825001 9.518718
v 7.159099 0.175001 9.518718
v 7.000000 0.000001 9.607106
v 7.000000 1.000001 9.607106
v 6.292893 0.000001 8.900000
v 6.292893 1.000001 8.900000
v 7.707107 1.000001 8.900000
v 7.707107 0.000001 8.900000
v 7.000000 0.000001 8.192893
v 7.000000 1.000001 8.192893
v 7.171576 0.175001 10.515380
v 6.543724 0.175001 10.347140
v 7.171576 0.825001 10.515380
v 6.543724 0.825001 10.347140
v 6.552857 0.175001 9.443724
v 6.552857 0.825001 9.443724
v 6.384624 0.175001 10.071580
v 6.384624 0.825001 10.071580
v 7.229810 -0.049999 10.298040
v 7.398042 -0.049999 9.670190
v 6.601958 -0.049999 10.129810
v 6.770190 -0.049999 9.501958
v 7.398042 1.050001 9.670190
v 7.229810 1.050001 10.298040
v 6.770190 1.050001 9.501958
v 6.601958 1.050001 10.129810
v 6.828424 0.175001 9.284624
v 7.456276 0.175001 9.452857
v 6.828424 0.825001 9.284624
v 7.456276 0.825001 9.452857
v 7.615376 0.825001 9.728424
v 7.615376 0.175001 9.728424
v 7.447143 0.825001 10.356280
v 7.447143 0.175001 10.356280
v 7.353553 0.000001 10.512370
v 7.353553 1.000001 10.512370
v 6.387628 0.000001 10.253550
v 6.387628 1.000001 10.253550
v 7.612372 1.000001 9.546446
v 7.612372 0.000001 9.546446
v 6.646447 0.000001 9.287627
v 6.646447 1.000001 9.287627
v 7.171576 0.175001 8.515375
v 6.543724 0.175001 8.347143
v 7.171576 0.825001 8.515375
v 6.543724 0.825001 8.347143
v 6.552857 0.175001 7.443724
v 6.552857 0.825001 7.443724
v 6.384624 0.175001 8.071575
v 6.384624 0.825001 8.071575
v 7.229810 -0.049999 8.298042
v 7.398042 -0.049999 7.670190
v 6.601958 -0.049999 8.129809
v 6.770190 -0.049999 7.501958
v 7.398042 1.050001 7.670190
v 7.229810 1.050001 8.298042
v 6.770190 1.050001 7.501958
v 6.601958 1.050001 8.129809
v 6.828424 0.175001 7.284625
v 7.456276 0.175001 7.452857
v 6.828424 0.825001 7.284625
v 7.456276 0.825001 7.452857
v 7.615376 0.825001 7.728425
v 7.615376 0.175001 7.728425
v 7.447143 0.825001 8.356277
v 7.447143 0.175001 8.356277
v 7.353553 0.000001 8.512373
v 7.353553 1.000001 8.512373
v 6.387628 0.000001 8.253553
v 6.387628 1.000001 8.253553
v 7.612372 1.000001 7.546447
v 7.612372 0.000001 7.546447
v 6.646447 0.000001 7.287628
v 6.646447 1.000001 7.287628
v 7.550000 0.000001 8.700000
v 7.550000 0.000001 8.500000
v 7.450000 0.000001 8.700000
v 7.450000 0.000001 8.500000
v 7.550000 1.000001 8.500000
v 7.550000 1.000001 8.700000
v 7.450000 1.000001 8.500000
v 7.450000 1.000001 8.700000
v 7.550000 0.000001 10.500000
v 7.550000 0.000001 10.300000
v 7.450000 0.000001 10.500000
v 7.450000 0.000001 10.300000
v 7.550000 1.000001 10.300000
v 7.550000 1.000001 10.500000
v 7.450000 1.000001 10.300000
v 7.450000 1.000001 10.500000
v 7.475000 0.900001 10.300000
v 7.475000 0.900001 8.700000
v 7.525000 0.900001 10.300000
v 7.525000 0.900001 8.700000
v 7.475000 0.800001 10.300000
v 7.475000 0.800001 8.700000
v 7.525000 0.800001 10.300000
v 7.525000 0.800001 8.700000
v 7.575000 0.973744 8.778473
v 7.575000 0.023989 8.821579
v 7.575000 0.976013 8.978421
v 7.575000 0.026257 9.021527
v 7.525000 0.026257 9.021527
v 7.525000 0.976013 8.978421
v 7.525000 0.023989 8.821579
v 7.525000 0.973744 8.778473
v 7.575000 0.976397 10.031550
v 7.575000 0.026920 9.968557
v 7.575000 0.973082 10.231440
v 7.575000 0.023604 10.168450
v 7.525000 0.023604 10.168450
v 7.525000 0.973082 10.231440
v 7.525000 0.026920 9.968557
v 7.525000 0.976397 10.031550
v 7.575000 0.973196 9.370209
v 7.575000 0.023665 9.429890
v 7.575000 0.976337 9.570110
v 7.575000 0.026806 9.629790
v 7.525000 0.026806 9.629790
v 7.525000 0.976337 9.570110
v 7.525000 0.023665 9.429890
v 7.525000 0.973196 9.370209
v 7.475000 0.200001 10.300000
v 7.475000 0.200001 8.700000
v 7.525000 0.200001 10.300000
v 7.525000 0.200001 8.700000
v 7.475000 0.100001 10.300000
v 7.475000 0.100001 8.700000
v 7.525000 0.100001 10.300000
v 7.525000 0.100001 8.700000
v 7.550000 1.000938 9.120964
v 7.550000 0.001157 9.079080
v 7.550000 0.998844 9.320921
v 7.550000 -0.000937 9.279036
v 7.525000 -0.000937 9.279036
v 7.525000 0.998844 9.320921
v 7.525000 0.001157 9.079080
v 7.525000 1.000938 9.120964
v 7.550000 1.000001 9.700000
v 7.550000 0.000001 9.700000
v 7.550000 1.000001 9.900001
v 7.550000 0.000001 9.900001
v 7.525000 0.000001 9.900001
v 7.525000 1.000001 9.900001
v 7.525000 0.000001 9.700000
v 7.525000 1.000001 9.700000
v 7.550000 0.000001 6.700000
v 7.550000 0.000000 6.500000
v 7.450000 0.000001 6.700000
v 7.450000 0.000000 6.500000
v 7.550000 1.000000 6.500000
v 7.550000 1.000000 6.700000
v 7.450000 1.000000 6.500000
v 7.450000 1.000000 6.700000
v 7.550000 0.000001 8.500000
v 7.550000 0.000001 8.300000
v 7.450000 0.000001 8.500000
v 7.450000 0.000001 8.300000
v 7.550000 1.000001 8.300000
v 7.550000 1.000001 8.500000
v 7.450000 1.000001 8.300000
v 7.450000 1.000001 8.500000
v 7.475000 0.900001 8.300000
v 7.475000 0.900000 6.700000
v 7.525000 0.900001 8.300000
v 7.525000 0.900000 6.700000
v 7.475000 0.800001 8.300000
v 7.475000 0.800000 6.700000
v 7.525000 0.800001 8.300000
v 7.525000 0.800000 6.700000
v 7.575000 0.973744 6.778473
v 7.575000 0.023988 6.821579
v 7.575000 0.976013 6.978421
v 7.575000 0.026257 7.021527
v 7.525000 0.026257 7.021527
v 7.525000 0.976013 6.978421
v 7.525000 0.023988 6.821579
v 7.525000 0.973744 6.778473
v 7.575000 0.976397 8.031552
v 7.575000 0.026920 7.968557
v 7.575000 0.973082 8.231442
v 7.575000 0.023604 8.168447
v 7.525000 0.023604 8.168447
v 7.525000 0.973082 8.231442
v 7.525000 0.026920 7.968557
v 7.525000 0.976397 8.031552
v 7.575000 0.973196 7.370209
v 7.575000 0.023664 7.429889
v 7.575000 0.976337 7.570110
v 7.575000 0.026805 7.629791
v 7.525000 0.026805 7.629791
v 7.525000 0.976337 7.570110
v 7.525000 0.023664 7.429889
v 7.525000 0.973196 7.370209
v 7.475000 0.200001 8.300000
v 7.475000 0.200001 6.700000
v 7.525000 0.200001 8.300000
v 7.525000 0.200001 6.700000
v 7.475000 0.100001 8.300000
v 7.475000 0.100000 6.700000
v 7.525000 0.100001 8.300000
v 7.525000 0.100000 6.700000
v 7.550000 1.000938 7.120965
v 7.550000 0.001157 7.079080
v 7.550000 0.998844 7.320920
v 7.550000 -0.000937 7.279036
v 7.525000 -0.000937 7.279036
v 7.525000 0.998844 7.320920
v 7.525000 0.001157 7.079080
v 7.525000 1.000938 7.120965
v 7.550000 1.000001 7.700000
v 7.550000 0.000001 7.700000
v 7.550000 1.000001 7.900000
v 7.550000 0.000001 7.900000
v 7.525000 0.000001 7.900000
v 7.525000 1.000001 7.900000
v 7.525000 0.000001 7.700000
v 7.525000 1.000001 7.700000
v 6.500000 2.000000 6.500000
v 6.600000 3.141422 5.500000
v 6.600000 3.000000 5.500000
v 6.600000 2.000000 6.641421
v 6.600000 1.929289 6.570711
v 5.400000 3.000000 5.500000
v 5.400000 1.929289 6.570711
v 5.400000 2.000000 6.641421
v 5.400000 3.141422 5.500000
v 7.017027 0.468465 6.520000
v 6.279009 0.468465 6.520000
v 7.017027 0.468465 6.550000
v 6.279009 0.468465 6.550000
v 5.112564 1.501944 6.530000
v 5.112564 1.183427 6.530000
v 5.112564 1.501944 6.550000
v 5.112564 1.183427 6.540000
v 5.112564 1.100724 6.540000
v 5.112564 0.598056 6.550000
v 5.112564 0.598056 6.530000
v 5.112564 1.100724 6.530000
v 6.279009 1.631536 6.520000
v 6.279009 1.631536 6.550000
v 4.982973 0.468465 6.520000
v 4.982973 1.631536 6.520000
v 4.982973 0.468465 6.550000
v 4.982973 1.631536 6.550000
v 5.591400 0.598056 6.530000
v 5.591400 0.598056 6.550000
v 5.591400 1.100724 6.530000
v 5.591400 1.100724 6.540000
v 5.591400 1.183427 6.540000
v 5.591400 1.501944 6.550000
v 5.591400 1.501944 6.530000
v 5.591400 1.183427 6.530000
v 5.310630 1.183427 6.530000
v 5.310630 1.183427 6.540000
v 6.887436 1.183427 6.530000
v 6.887436 1.183427 6.540000
v 6.689370 1.183427 6.530000
v 6.689370 1.183427 6.540000
v 6.887436 0.598056 6.530000
v 6.887436 1.100724 6.530000
v 6.887436 0.598056 6.550000
v 6.887436 1.100724 6.540000
v 6.887436 1.501944 6.550000
v 6.887436 1.501944 6.530000
v 5.720991 0.468465 6.520000
v 5.720991 0.468465 6.550000
v 5.720991 1.631536 6.520000
v 5.720991 1.631536 6.550000
v 5.393334 1.501944 6.530000
v 5.393334 1.501944 6.540000
v 5.310630 1.501944 6.540000
v 5.310630 1.501944 6.530000
v 6.689370 1.501944 6.530000
v 6.689370 1.501944 6.540000
v 6.408600 1.501944 6.550000
v 6.606666 1.501944 6.540000
v 6.408600 1.501944 6.530000
v 6.606666 1.501944 6.530000
v 6.408600 0.598056 6.530000
v 6.408600 0.598056 6.550000
v 6.606666 1.183427 6.530000
v 6.606666 1.183427 6.540000
v 5.393334 1.183427 6.540000
v 6.408600 1.183427 6.530000
v 6.408600 1.183427 6.540000
v 6.408600 1.100724 6.540000
v 7.017027 1.631536 6.520000
v 7.017027 1.631536 6.550000
v 5.393334 1.183427 6.530000
v 6.408600 1.100724 6.530000
v 7.500000 0.000000 6.500000
v 7.500000 0.000000 3.500000
v 2.500000 0.000000 6.500000
v 2.500000 0.000000 3.500000
v 7.500000 0.400000 3.500000
v 7.500000 0.400000 6.500000
v 2.500000 0.400000 6.500000
v 2.500000 0.400000 3.500000
v 7.500000 2.000000 6.500000
v 7.600000 3.141422 5.500000
v 7.600000 3.000000 5.500000
v 7.600000 2.000000 6.641421
v 7.600000 1.929289 6.570711
v 6.400000 3.000000 5.500000
v 6.400000 1.929289 6.570711
v 6.400000 2.000000 6.641421
v 6.400000 3.141422 5.500000
v 0.500000 -0.100000 0.500000
v 0.500000 0.000000 0.500000
v 7.325000 0.175001 7.450000
v 6.675000 0.175001 7.450000
v 7.325000 0.825001 7.450000
v 6.675000 0.825001 7.450000
v 6.450000 0.175000 6.575000
v 6.450000 0.825000 6.575000
v 6.450000 0.175001 7.225000
v 6.450000 0.825001 7.225000
v 7.325000 -0.049999 7.225000
v 7.325000 -0.049999 6.575000
v 6.675000 -0.049999 7.225000
v 6.675000 -0.049999 6.575000
v 7.325000 1.050000 6.575000
v 7.325000 1.050001 7.225000
v 6.675000 1.050000 6.575000
v 6.675000 1.050001 7.225000
v 6.675000 0.175000 6.350000
v 7.325000 0.175000 6.350000
v 6.675000 0.825000 6.350000
v 7.325000 0.825000 6.350000
v 7.550000 0.825000 6.575000
v 7.550000 0.175000 6.575000
v 7.550000 0.825001 7.225000
v 7.550000 0.175001 7.225000
v 7.500000 0.000001 7.400000
v 7.500000 1.000001 7.400000
v 6.500000 0.000001 7.400000
v 6.500000 1.000001 7.400000
v 7.500000 1.000000 6.400000
v 7.500000 0.000000 6.400000
v 6.500000 0.000000 6.400000
v 6.500000 1.000000 6.400000
v 39.500000 -0.099999 19.500000
v 39.500000 0.000001 19.500000
v -9.499999 -0.099998 29.500000
v -9.500002 -0.100000 0.499998
v -9.499999 0.000002 29.500000
v -9.500002 0.000000 0.499998
v 0.499999 -0.100000 0.499998
v 0.500002 -0.099998 29.500000
v 0.499999 0.000000 0.499998
v 0.500002 0.000002 29.500000
vn -0.0000 0.5662 -0.8242
vn -0.0000 0.3520 -0.9360
vn -0.0000 -0.7474 0.6644
vn -0.0000 -0.5662 0.8242
vn -0.0000 0.9708 -0.2399
vn -0.0000 0.9984 -0.0561
vn 1.0000 -0.0000 -0.0000
vn -0.0000 1.0000 -0.0000
vn -0.0000 -0.3520 0.9360
vn -0.0000 0.8849 -0.4657
vn -0.0000 -0.2364 0.9717
vn -0.0000 -0.0000 1.0000
vn -0.0000 -0.9927 0.1208
vn -0.0000 -0.9708 0.2399
vn -0.0000 0.2364 -0.9717
vn 0.9925 -0.0000 -0.1222
vn 0.9701 -0.0000 -0.2425
vn -0.0000 0.7474 -0.6644
vn -1.0000 -0.0000 -0.0000
vn -0.9925 -0.0000 -0.1222
vn -0.0000 -0.8849 0.4657
vn -0.9701 -0.0000 -0.2425
vn -0.0000 -0.0000 -1.0000
vn -0.9937 0.1122 -0.0000
vn -0.9701 0.2425 -0.0000
vn 0.9701 0.2425 -0.0000
vn 0.9937 0.1122 -0.0000
vn -0.0000 0.1122 -0.9937
vn -0.0000 0.2425 0.9701
vn -0.0000 0.1122 0.9937
vn -0.0000 0.2425 -0.9701
vn -0.0000 -1.0000 -0.0000
vn 0.5852 0.1047 0.8041
vn 0.4038 -0.1047 0.9088
vn 0.5852 -0.1047 0.8041
vn 0.4038 0.1047 0.9088
vn -0.8041 -0.1047 0.5851
vn -0.9088 0.1047 0.4038
vn -0.9088 -0.1047 0.4038
vn -0.8041 0.1047 0.5851
vn -0.0383 -0.9890 0.1430
vn 0.0383 -0.9890 -0.1430
vn 0.1430 -0.9890 0.0383
vn -0.1430 -0.9890 -0.0383
vn -0.1430 0.9890 -0.0383
vn 0.1430 0.9890 0.0383
vn 0.0383 0.9890 -0.1430
vn -0.0383 0.9890 0.1430
vn -0.5852 0.1047 -0.8041
vn -0.4038 -0.1047 -0.9088
vn -0.5852 -0.1047 -0.8041
vn -0.4038 0.1047 -0.9088
vn 0.9088 0.1047 -0.4038
vn 0.8041 -0.1047 -0.5851
vn 0.8041 0.1047 -0.5851
vn 0.9088 -0.1047 -0.4038
vn 0.6114 0.1400 0.7789
vn 0.6114 -0.1400 0.7789
vn 0.3688 -0.1400 0.9189
vn 0.3688 0.1400 0.9189
vn 0.7789 -0.1400 -0.6114
vn 0.7789 0.1400 -0.6114
vn 0.9189 -0.1400 -0.3688
vn 0.9189 0.1400 -0.3688
vn -0.6114 0.1400 -0.7789
vn -0.6114 -0.1400 -0.7789
vn -0.3688 -0.1400 -0.9189
vn -0.3688 0.1400 -0.9189
vn -0.7789 0.1400 0.6114
vn -0.9189 0.1400 0.3688
vn -0.7789 -0.1400 0.6114
vn -0.9189 -0.1400 0.3688
vn -0.1913 0.9802 -0.0513
vn -0.0513 0.9802 0.1913
vn 0.1913 0.9802 0.0513
vn 0.0513 0.9802 -0.1913
vn 0.1913 -0.9802 0.0513
vn 0.0513 -0.9802 -0.1913
vn -0.0513 -0.9802 0.1913
vn -0.1913 -0.9802 -0.0512
vn -0.9999 0.0114 -0.0000
vn 0.9999 -0.0114 -0.0000
vn 0.9999 -0.0113 -0.0000
vn 0.0453 0.9990 -0.0000
vn -0.0453 -0.9990 -0.0000
vn -0.9999 -0.0166 -0.0000
vn 0.9999 0.0166 -0.0000
vn -0.0662 0.9978 -0.0000
vn 0.0662 -0.9978 -0.0000
vn -0.9999 0.0157 -0.0000
vn 0.9999 -0.0157 -0.0000
vn 0.0627 0.9980 -0.0000
vn -0.0627 -0.9980 -0.0000
vn -0.9999 -0.0105 -0.0000
vn 0.9999 0.0105 -0.0000
vn -0.0419 0.9991 -0.0000
vn 0.0419 -0.9991 -0.0000
vn 0.9999 0.0114 -0.0000
vn -0.9999 -0.0114 -0.0000
vn -0.0453 0.9990 -0.0000
vn 0.0453 -0.9990 -0.0000
vn 0.9999 -0.0166 -0.0000
vn -0.9999 0.0166 -0.0000
vn 0.0662 0.9978 -0.0000
vn -0.0662 -0.9978 -0.0000
vn 0.9999 0.0157 -0.0000
vn -0.9999 -0.0157 -0.0000
vn -0.0627 0.9980 -0.0000
vn 0.0627 -0.9980 -0.0000
vn 0.9999 -0.0105 -0.0000
vn -0.9999 0.0105 -0.0000
vn 0.0419 0.9991 -0.0000
vn -0.0419 -0.9991 -0.0000
vn -0.0000 0.0114 0.9999
vn -0.0000 -0.0114 -0.9999
vn -0.0000 0.9990 -0.0453
vn -0.0000 -0.9990 0.0453
vn -0.0000 -0.0166 0.9999
vn -0.0000 0.0166 -0.9999
vn -0.0000 0.9978 0.0662
vn -0.0000 -0.9978 -0.0662
vn -0.0000 0.0157 0.9999
vn -0.0000 -0.0157 -0.9999
vn -0.0000 0.9980 -0.0627
vn -0.0000 -0.9980 0.0627
vn -0.0000 -0.0105 0.9999
vn -0.0000 0.0105 -0.9999
vn -0.0000 0.9991 0.0419
vn -0.0000 -0.9991 -0.0419
vn 0.9282 0.1047 -0.3571
vn 0.9824 -0.1047 -0.1548
vn 0.9282 -0.1047 -0.3571
vn 0.9824 0.1047 -0.1548
vn 0.3571 -0.1047 0.9282
vn 0.1548 0.1047 0.9824
vn 0.1548 -0.1047 0.9824
vn 0.3571 0.1047 0.9282
vn 0.1282 -0.9890 0.0740
vn -0.1282 -0.9890 -0.0740
vn 0.0740 -0.9890 -0.1282
vn -0.0740 -0.9890 0.1282
vn -0.0740 0.9890 0.1282
vn 0.0740 0.9890 -0.1282
vn -0.1282 0.9890 -0.0740
vn 0.1282 0.9890 0.0740
vn -0.9282 0.1047 0.3571
vn -0.9824 -0.1047 0.1548
vn -0.9282 -0.1047 0.3571
vn -0.9824 0.1047 0.1548
vn -0.1549 0.1047 -0.9824
vn -0.3571 -0.1047 -0.9282
vn -0.3571 0.1047 -0.9282
vn -0.1548 -0.1047 -0.9824
vn 0.9106 0.1400 -0.3889
vn 0.9106 -0.1400 -0.3889
vn 0.9830 -0.1400 -0.1184
vn 0.9830 0.1400 -0.1184
vn -0.3889 -0.1400 -0.9106
vn -0.3890 0.1400 -0.9106
vn -0.1184 -0.1400 -0.9830
vn -0.1184 0.1400 -0.9830
vn -0.9106 0.1400 0.3890
vn -0.9106 -0.1400 0.3890
vn -0.9830 -0.1400 0.1184
vn -0.9830 0.1400 0.1184
vn 0.3890 0.1400 0.9106
vn 0.1184 0.1400 0.9830
vn 0.3890 -0.1400 0.9106
vn 0.1184 -0.1400 0.9830
vn -0.0990 0.9802 0.1715
vn 0.1715 0.9802 0.0990
vn 0.0990 0.9802 -0.1715
vn -0.1715 0.9802 -0.0990
vn 0.0990 -0.9802 -0.1715
vn -0.1715 -0.9802 -0.0990
vn 0.1715 -0.9802 0.0990
vn -0.0990 -0.9802 0.1715
vn 0.2038 0.1531 0.9670
vn -0.2038 -0.1531 0.9670
vn 0.2038 -0.1531 0.9670
vn -0.2038 0.1531 0.9670
vn -0.9954 -0.0794 0.0537
vn -0.9954 0.0793 -0.0537
vn -0.9954 -0.0793 -0.0537
vn -0.9954 0.0794 0.0537
vn -0.1389 -0.9878 0.0705
vn 0.1389 -0.9878 -0.0705
vn 0.1389 -0.9878 0.0705
vn -0.1389 -0.9878 -0.0705
vn -0.1389 0.9878 -0.0705
vn 0.1389 0.9878 0.0706
vn 0.1388 0.9878 -0.0706
vn -0.1388 0.9878 0.0705
vn -0.2038 0.1531 -0.9670
vn 0.2038 -0.1531 -0.9670
vn -0.2038 -0.1531 -0.9670
vn 0.2038 0.1531 -0.9670
vn 0.9954 0.0793 0.0537
vn 0.9954 -0.0793 -0.0537
vn 0.9954 0.0794 -0.0537
vn 0.9954 -0.0794 0.0537
vn 0.2683 0.2013 0.9421
vn 0.2683 -0.2013 0.9421
vn -0.2683 -0.2013 0.9421
vn -0.2683 0.2013 0.9421
vn 0.9917 -0.1071 -0.0715
vn 0.9917 0.1068 -0.0717
vn 0.9917 -0.1068 0.0717
vn 0.9917 0.1071 0.0715
vn -0.2683 0.2013 -0.9421
vn -0.2683 -0.2013 -0.9421
vn 0.2683 -0.2013 -0.9421
vn 0.2683 0.2013 -0.9421
vn -0.9917 0.1068 0.0717
vn -0.9917 0.1071 -0.0715
vn -0.9917 -0.1071 0.0715
vn -0.9917 -0.1068 -0.0717
vn -0.1863 0.9781 -0.0932
vn -0.1863 0.9781 0.0931
vn 0.1863 0.9781 0.0931
vn 0.1863 0.9781 -0.0931
vn 0.1863 -0.9781 0.0931
vn 0.1863 -0.9781 -0.0931
vn -0.1863 -0.9781 0.0932
vn -0.1863 -0.9781 -0.0931
vn -0.6253 0.1047 0.7733
vn -0.7733 -0.1047 0.6253
vn -0.6253 -0.1047 0.7733
vn -0.7733 0.1047 0.6253
vn -0.7733 -0.1047 -0.6253
vn -0.6253 0.1047 -0.7733
vn -0.6253 -0.1047 -0.7733
vn -0.7733 0.1047 -0.6253
vn -0.1480 -0.9890 -0.0000
vn 0.1480 -0.9890 -0.0000
vn -0.0000 -0.9890 0.1480
vn -0.0000 -0.9890 -0.1480
vn -0.0000 0.9890 -0.1480
vn -0.0000 0.9890 0.1480
vn 0.1481 0.9890 -0.0000
vn -0.1480 0.9890 -0.0000
vn 0.6253 0.1047 -0.7733
vn 0.7733 -0.1047 -0.6253
vn 0.6253 -0.1047 -0.7733
vn 0.7733 0.1047 -0.6253
vn 0.6253 0.1047 0.7733
vn 0.7733 -0.1047 0.6253
vn 0.7733 0.1047 0.6253
vn 0.6253 -0.1047 0.7733
vn -0.5941 0.1400 0.7921
vn -0.5941 -0.1400 0.7921
vn -0.7921 -0.1400 0.5941
vn -0.7921 0.1400 0.5941
vn 0.7921 -0.1400 0.5941
vn 0.7921 0.1400 0.5941
vn 0.5941 -0.1400 0.7921
vn 0.5941 0.1400 0.7921
vn 0.5941 0.1400 -0.7921
vn 0.5941 -0.1400 -0.7921
vn 0.7921 -0.1400 -0.5941
vn 0.7921 0.1400 -0.5941
vn -0.7921 0.1400 -0.5941
vn -0.5941 0.1400 -0.7921
vn -0.7921 -0.1400 -0.5941
vn -0.5941 -0.1400 -0.7921
vn -0.0000 0.9802 -0.1980
vn -0.1980 0.9802 -0.0000
vn -0.0000 0.9802 0.1980
vn 0.1980 0.9802 -0.0000
vn -0.0000 -0.9802 0.1980
vn 0.1980 -0.9802 -0.0000
vn -0.1980 -0.9802 -0.0000
vn -0.0000 -0.9802 -0.1980
vn -0.1549 0.1047 0.9824
vn -0.3571 -0.1047 0.9282
vn -0.1548 -0.1047 0.9824
vn -0.3571 0.1047 0.9282
vn -0.9824 -0.1047 -0.1548
vn -0.9282 0.1047 -0.3571
vn -0.9282 -0.1047 -0.3571
vn -0.9824 0.1047 -0.1548
vn -0.1282 -0.9890 0.0740
vn 0.1282 -0.9890 -0.0740
vn 0.0740 -0.9890 0.1282
vn -0.0740 -0.9890 -0.1282
vn -0.0740 0.9890 -0.1282
vn 0.0740 0.9890 0.1282
vn 0.1282 0.9890 -0.0740
vn -0.1282 0.9890 0.0740
vn 0.1549 0.1047 -0.9824
vn 0.3571 -0.1047 -0.9282
vn 0.1549 -0.1047 -0.9824
vn 0.3571 0.1047 -0.9282
vn 0.9282 0.1047 0.3571
vn 0.9824 -0.1047 0.1548
vn 0.9824 0.1047 0.1548
vn 0.9282 -0.1047 0.3571
vn -0.1184 0.1400 0.9830
vn -0.1184 -0.1400 0.9830
vn -0.3890 -0.1400 0.9105
vn -0.3890 0.1400 0.9106
vn 0.9830 -0.1401 0.1184
vn 0.9830 0.1401 0.1184
vn 0.9106 -0.1400 0.3890
vn 0.9106 0.1400 0.3890
vn 0.1184 0.1400 -0.9830
vn 0.1184 -0.1400 -0.9830
vn 0.3890 -0.1400 -0.9105
vn 0.3890 0.1400 -0.9106
vn -0.9830 0.1400 -0.1184
vn -0.9106 0.1400 -0.3889
vn -0.9830 -0.1400 -0.1184
vn -0.9106 -0.1400 -0.3889
vn -0.0990 0.9802 -0.1715
vn -0.1715 0.9802 0.0990
vn 0.0990 0.9802 0.1715
vn 0.1715 0.9802 -0.0990
vn 0.0990 -0.9802 0.1715
vn 0.1715 -0.9802 -0.0990
vn -0.1715 -0.9802 0.0990
vn -0.0990 -0.9802 -0.1715
vn -0.0534 0.1531 0.9868
vn -0.4471 -0.1531 0.8813
vn -0.0534 -0.1531 0.9868
vn -0.4471 0.1531 0.8813
vn -0.9754 -0.0793 -0.2058
vn -0.9476 0.0793 -0.3095
vn -0.9476 -0.0793 -0.3095
vn -0.9754 0.0794 -0.2058
vn -0.1524 -0.9878 0.0322
vn 0.1524 -0.9878 -0.0322
vn 0.1159 -0.9878 0.1041
vn -0.1159 -0.9878 -0.1041
vn -0.1159 0.9878 -0.1041
vn 0.1159 0.9878 0.1041
vn 0.1524 0.9878 -0.0322
vn -0.1524 0.9878 0.0322
vn 0.0534 0.1531 -0.9868
vn 0.4471 -0.1531 -0.8813
vn 0.0534 -0.1531 -0.9868
vn 0.4471 0.1531 -0.8813
vn 0.9476 0.0793 0.3095
vn 0.9754 -0.0793 0.2058
vn 0.9754 0.0794 0.2058
vn 0.9476 -0.0794 0.3095
vn 0.0153 0.2013 0.9794
vn 0.0154 -0.2013 0.9794
vn -0.5030 -0.2013 0.8405
vn -0.5030 0.2013 0.8405
vn 0.9764 -0.1071 0.1876
vn 0.9765 0.1068 0.1874
vn 0.9393 -0.1068 0.3260
vn 0.9394 0.1071 0.3257
vn -0.0153 0.2013 -0.9794
vn -0.0154 -0.2013 -0.9794
vn 0.5030 -0.2013 -0.8405
vn 0.5030 0.2013 -0.8405
vn -0.9765 0.1068 -0.1874
vn -0.9394 0.1071 -0.3257
vn -0.9764 -0.1071 -0.1876
vn -0.9393 -0.1068 -0.3260
vn -0.1558 0.9781 -0.1382
vn -0.2041 0.9781 0.0418
vn 0.1558 0.9781 0.1382
vn 0.2041 0.9781 -0.0417
vn 0.1558 -0.9781 0.1382
vn 0.2041 -0.9781 -0.0417
vn -0.2040 -0.9781 0.0418
vn -0.1558 -0.9781 -0.1382
vn -0.4038 0.1047 0.9088
vn -0.5852 -0.1047 0.8041
vn -0.4038 -0.1047 0.9088
vn -0.5852 0.1047 0.8041
vn -0.9088 -0.1047 -0.4038
vn -0.8041 0.1047 -0.5852
vn -0.8041 -0.1047 -0.5852
vn -0.9088 0.1047 -0.4038
vn -0.1430 -0.9890 0.0383
vn 0.1430 -0.9890 -0.0383
vn 0.0383 -0.9890 0.1430
vn -0.0383 -0.9890 -0.1430
vn -0.0383 0.9890 -0.1430
vn 0.0383 0.9890 0.1430
vn 0.1430 0.9890 -0.0383
vn -0.1430 0.9890 0.0383
vn 0.4038 0.1047 -0.9088
vn 0.5852 -0.1047 -0.8041
vn 0.4038 -0.1047 -0.9088
vn 0.5852 0.1047 -0.8041
vn 0.8041 0.1047 0.5852
vn 0.9088 -0.1047 0.4038
vn 0.9088 0.1047 0.4038
vn 0.8041 -0.1047 0.5852
vn -0.3688 0.1400 0.9189
vn -0.3688 -0.1400 0.9189
vn -0.6114 -0.1400 0.7789
vn -0.6114 0.1400 0.7789
vn 0.9189 -0.1401 0.3688
vn 0.9189 0.1400 0.3688
vn 0.7789 -0.1400 0.6114
vn 0.7789 0.1400 0.6114
vn 0.3688 0.1400 -0.9189
vn 0.3688 -0.1400 -0.9189
vn 0.6114 -0.1400 -0.7789
vn 0.6114 0.1400 -0.7789
vn -0.9189 0.1400 -0.3688
vn -0.7789 0.1400 -0.6114
vn -0.9189 -0.1400 -0.3688
vn -0.7789 -0.1400 -0.6114
vn -0.0513 0.9802 -0.1913
vn -0.1913 0.9802 0.0512
vn 0.0512 0.9802 0.1913
vn 0.1913 0.9802 -0.0513
vn 0.0512 -0.9802 0.1913
vn 0.1913 -0.9802 -0.0513
vn -0.1913 -0.9802 0.0513
vn -0.0513 -0.9802 -0.1913
vn 1.0000 0.0001 -0.0000
vn -1.0000 -0.0001 -0.0000
vn 0.7071 -0.0000 0.7071
vn -0.7071 -0.0000 0.7071
vn -0.7433 0.6690 -0.0000
vn 0.7433 0.6690 -0.0000
vn -0.1548 0.1047 0.9824
vn 0.1548 0.1047 -0.9824
vn 0.1548 -0.1047 -0.9824
vn 0.3890 -0.1400 -0.9106
vn 0.3889 0.1400 -0.9106
vn -0.9106 0.1400 -0.3890
vn 0.3581 0.0735 0.9308
vn 0.1553 -0.0735 0.9851
vn 0.3581 -0.0735 0.9308
vn 0.1553 0.0735 0.9851
vn -0.9308 -0.0735 0.3581
vn -0.9851 0.0735 0.1553
vn -0.9851 -0.0735 0.1553
vn -0.9308 0.0735 0.3581
vn -0.1041 -0.9781 0.1803
vn 0.1041 -0.9781 -0.1803
vn 0.1803 -0.9781 0.1041
vn -0.1803 -0.9781 -0.1041
vn -0.1803 0.9781 -0.1040
vn 0.1803 0.9781 0.1041
vn 0.1041 0.9781 -0.1803
vn -0.1041 0.9781 0.1803
vn -0.3581 0.0735 -0.9308
vn -0.1553 -0.0735 -0.9851
vn -0.3581 -0.0735 -0.9308
vn -0.1553 0.0735 -0.9851
vn 0.9851 0.0735 -0.1553
vn 0.9308 -0.0735 -0.3581
vn 0.9308 0.0735 -0.3581
vn 0.9851 -0.0735 -0.1553
vn 0.3909 0.0986 0.9152
vn 0.3909 -0.0985 0.9151
vn 0.1191 -0.0986 0.9880
vn 0.1190 0.0985 0.9880
vn 0.9151 -0.0985 -0.3909
vn 0.9152 0.0985 -0.3909
vn 0.9880 -0.0986 -0.1191
vn 0.9880 0.0985 -0.1190
vn -0.3909 0.0986 -0.9152
vn -0.3909 -0.0985 -0.9151
vn -0.1191 -0.0986 -0.9880
vn -0.1190 0.0985 -0.9880
vn -0.9152 0.0986 0.3909
vn -0.9880 0.0985 0.1190
vn -0.9151 -0.0985 0.3909
vn -0.9880 -0.0985 0.1191
vn -0.2393 0.9611 -0.1382
vn -0.1382 0.9611 0.2393
vn 0.2393 0.9611 0.1382
vn 0.1382 0.9611 -0.2394
vn 0.2393 -0.9611 0.1382
vn 0.1382 -0.9611 -0.2393
vn -0.1382 -0.9611 0.2393
vn -0.2393 -0.9611 -0.1382
vn 0.9824 -0.1047 0.1549
vn 0.9824 0.1047 0.1549
vn 0.9830 -0.1400 0.1185
vn 0.9830 0.1400 0.1185
vn 0.9106 0.1400 0.3889
vn 0.5851 0.1047 0.8041
vn 0.5851 -0.1047 0.8041
vn -0.5851 0.1047 -0.8041
vn -0.5851 -0.1047 -0.8041
vn -0.0000 0.9708 -0.2398
vn -0.3890 -0.1400 0.9106
vn 0.9830 0.1400 0.1184
vn -0.5851 -0.1047 0.8041
vn -0.5851 0.1047 0.8041
vn -0.8041 0.1047 -0.5851
vn -0.8041 -0.1047 -0.5851
vn 0.5851 -0.1047 -0.8041
vn 0.5851 0.1047 -0.8041
vn 0.8041 0.1047 0.5851
vn 0.8041 -0.1047 0.5851
vn 0.9189 -0.1400 0.3688
vn 0.9830 -0.1400 0.1184
vn -0.9106 -0.1400 -0.3890
vn -0.3889 -0.1400 0.9106
vn 0.8041 0.1047 -0.5852
vn 0.8041 -0.1047 -0.5852
vn -0.8041 -0.1047 0.5852
vn -0.1913 -0.9802 -0.0513
vn -0.0512 -0.9802 0.1913
vn -0.1913 0.9802 0.0513
vn 0.1913 0.9802 -0.0512
vn 0.1913 -0.9802 -0.0512
vn 0.0513 -0.9802 0.1913
vn 0.9868 0.1531 0.0534
vn 0.8813 -0.1531 0.4471
vn 0.9868 -0.1531 0.0534
vn 0.8813 0.1531 0.4471
vn -0.2058 -0.0793 0.9754
vn -0.3095 0.0793 0.9476
vn -0.3095 -0.0793 0.9476
vn -0.2058 0.0794 0.9754
vn 0.0322 -0.9878 0.1524
vn -0.0322 -0.9878 -0.1524
vn 0.1041 -0.9878 -0.1159
vn -0.1041 -0.9878 0.1159
vn -0.1041 0.9878 0.1159
vn 0.1041 0.9878 -0.1159
vn -0.0322 0.9878 -0.1524
vn 0.0322 0.9878 0.1524
vn -0.9868 0.1531 -0.0534
vn -0.8813 -0.1531 -0.4471
vn -0.9868 -0.1531 -0.0534
vn -0.8813 0.1531 -0.4471
vn 0.3095 0.0794 -0.9476
vn 0.2058 -0.0793 -0.9754
vn 0.2058 0.0793 -0.9754
vn 0.3095 -0.0794 -0.9476
vn 0.9794 0.2013 -0.0153
vn 0.9794 -0.2013 -0.0154
vn 0.8405 -0.2013 0.5030
vn 0.8405 0.2013 0.5030
vn 0.1876 -0.1071 -0.9764
vn 0.1874 0.1068 -0.9765
vn 0.3260 -0.1068 -0.9393
vn 0.3257 0.1071 -0.9394
vn -0.9794 0.2013 0.0153
vn -0.9794 -0.2013 0.0154
vn -0.8405 -0.2013 -0.5030
vn -0.8405 0.2013 -0.5030
vn -0.1874 0.1068 0.9765
vn -0.3257 0.1071 0.9394
vn -0.1876 -0.1071 0.9764
vn -0.3259 -0.1068 0.9393
vn -0.1382 0.9781 0.1558
vn 0.0418 0.9781 0.2041
vn 0.1382 0.9781 -0.1558
vn -0.0417 0.9781 -0.2041
vn 0.1382 -0.9781 -0.1558
vn -0.0418 -0.9781 -0.2040
vn 0.0418 -0.9781 0.2040
vn -0.1382 -0.9781 0.1558
vn 0.1549 -0.1047 0.9824
vn 0.1549 0.1047 0.9824
vn -0.1548 0.1047 -0.9824
vn 0.9824 0.1047 -0.1549
vn 0.3889 0.1400 0.9106
vn 0.9106 0.1400 -0.3890
vn -0.3889 0.1400 -0.9106
vn -0.9106 -0.1400 0.3889
vn 0.1184 0.1401 0.9830
vn 0.9106 -0.1400 -0.3890
vn -0.3890 -0.1400 -0.9106
vn -0.1184 0.1401 -0.9830
vn -0.9105 0.1400 0.3890
vn -0.0041 0.1019 0.9948
vn -0.4938 -0.1019 0.8636
vn -0.0041 -0.1019 0.9948
vn -0.4939 0.1019 0.8635
vn -0.9753 -0.0430 -0.2168
vn -0.9530 0.0431 -0.2999
vn -0.9530 -0.0430 -0.2999
vn -0.9753 0.0430 -0.2168
vn -0.2713 -0.9619 0.0328
vn 0.2713 -0.9619 -0.0328
vn 0.2185 -0.9619 0.1641
vn -0.2185 -0.9619 -0.1641
vn -0.2185 0.9619 -0.1640
vn 0.2185 0.9619 0.1641
vn 0.2713 0.9619 -0.0328
vn -0.2713 0.9619 0.0328
vn 0.0041 0.1019 -0.9948
vn 0.4938 -0.1019 -0.8636
vn 0.0041 -0.1019 -0.9948
vn 0.4939 0.1019 -0.8635
vn 0.9530 0.0430 0.2999
vn 0.9753 -0.0431 0.2168
vn 0.9753 0.0430 0.2167
vn 0.9530 -0.0430 0.2999
vn 0.0795 0.1331 0.9879
vn 0.0795 -0.1331 0.9879
vn -0.5628 -0.1331 0.8158
vn -0.5628 0.1331 0.8158
vn 0.9776 -0.0580 0.2025
vn 0.9777 0.0574 0.2019
vn 0.9477 -0.0575 0.3140
vn 0.9478 0.0580 0.3134
vn -0.0795 0.1331 -0.9879
vn -0.0795 -0.1331 -0.9879
vn 0.5628 -0.1331 -0.8158
vn 0.5628 0.1331 -0.8158
vn -0.9777 0.0575 -0.2019
vn -0.9478 0.0580 -0.3134
vn -0.9776 -0.0580 -0.2025
vn -0.9477 -0.0575 -0.3140
vn -0.2867 0.9337 -0.2146
vn -0.3556 0.9337 0.0425
vn 0.2867 0.9337 0.2146
vn 0.3556 0.9337 -0.0425
vn 0.2867 -0.9337 0.2146
vn 0.3556 -0.9337 -0.0425
vn -0.3556 -0.9337 0.0426
vn -0.2867 -0.9337 -0.2146
vn 0.9890 0.1047 -0.1047
vn 0.9890 -0.1047 0.1047
vn 0.9890 -0.1047 -0.1047
vn 0.9890 0.1047 0.1047
vn 0.1047 -0.1047 0.9890
vn -0.1047 0.1047 0.9890
vn -0.1047 -0.1047 0.9890
vn 0.1047 0.1047 0.9890
vn 0.1047 -0.9890 0.1047
vn -0.1047 -0.9890 -0.1047
vn 0.1047 -0.9890 -0.1047
vn -0.1047 -0.9890 0.1047
vn -0.1047 0.9890 0.1047
vn 0.1047 0.9890 -0.1047
vn -0.1047 0.9890 -0.1047
vn 0.1047 0.9890 0.1047
vn -0.9890 0.1047 0.1047
vn -0.9890 -0.1047 -0.1047
vn -0.9890 -0.1047 0.1047
vn -0.9890 0.1047 -0.1047
vn 0.1047 0.1047 -0.9890
vn -0.1047 -0.1047 -0.9890
vn -0.1047 0.1047 -0.9890
vn 0.1047 -0.1047 -0.9890
vn 0.9802 0.1400 -0.1400
vn 0.9802 -0.1400 -0.1400
vn 0.9802 -0.1400 0.1400
vn 0.9802 0.1400 0.1400
vn -0.1400 -0.1400 -0.9802
vn -0.1400 0.1400 -0.9802
vn 0.1400 -0.1400 -0.9802
vn 0.1400 0.1400 -0.9802
vn -0.9802 0.1400 0.1400
vn -0.9802 -0.1400 0.1400
vn -0.9802 -0.1400 -0.1400
vn -0.9802 0.1400 -0.1400
vn 0.1400 0.1400 0.9802
vn -0.1400 0.1400 0.9802
vn 0.1400 -0.1400 0.9802
vn -0.1400 -0.1400 0.9802
vn -0.1400 0.9802 0.1400
vn 0.1400 0.9802 0.1400
vn 0.1400 0.9802 -0.1400
vn -0.1400 0.9802 -0.1400
vn 0.1400 -0.9802 -0.1400
vn -0.1400 -0.9802 -0.1400
vn 0.1400 -0.9802 0.1400
vn -0.1400 -0.9802 0.1400
vn -0.3889 0.1400 0.9106
vn 0.9105 -0.1400 0.3890
vn -0.1184 0.1401 0.9830
vn -0.1184 -0.1401 0.9830
vn -0.6931 -0.1981 0.6931
vn 0.6613 0.1780 0.7287
vn 0.6612 0.1780 0.7288
vn -0.7050 -0.0764 0.7050
vn -0.7050 -0.0764 0.7051
vn 0.1830 -0.9659 -0.1830
vn -0.7288 0.1780 -0.6612
vn -0.7287 0.1780 -0.6613
vn -0.7288 0.1779 -0.6612
vn -0.1830 0.9659 0.1830
vn 0.6376 0.4324 -0.6376
vn -0.7172 0.0602 -0.6943
vn -0.7172 0.0602 -0.6942
vn -0.7171 0.0603 -0.6943
vn 0.6942 0.0602 0.7172
vn 0.6943 0.0603 0.7172
vn 0.6702 0.3186 -0.6703
vn 0.6703 0.3186 -0.6703
vn -0.0000 0.0114 -0.9999
vn -0.0000 -0.0114 0.9999
vn -0.0000 0.9990 0.0453
vn -0.0000 -0.9990 -0.0453
vn -0.0000 -0.0166 -0.9999
vn -0.0000 0.0166 0.9999
vn -0.0000 0.9978 -0.0662
vn -0.0000 -0.9978 0.0662
vn -0.0000 0.0157 -0.9999
vn -0.0000 -0.0157 0.9999
vn -0.0000 0.9980 0.0627
vn -0.0000 -0.9980 -0.0627
vn -0.0000 -0.0105 -0.9999
vn -0.0000 0.0105 0.9999
vn -0.0000 0.9991 -0.0419
vn -0.0000 -0.9991 0.0419
vn -0.0000 -0.0000 -0.0000
vn -0.0001 -0.0000 -1.0000
vn 0.0001 -0.0000 1.0000
vn 1.0000 -0.0001 -0.0000
vn -0.0000 -0.9708 0.2398
vn -0.0000 -0.7071 -0.7071
vn -0.0000 -0.7071 0.7071
vn -0.0000 0.7071 0.7071
vn -0.0000 0.7071 -0.7071
vn -0.9979 0.0654 -0.0000
vn -0.9914 0.1305 -0.0000
vn -0.9659 0.2588 -0.0000
vn -0.9239 0.3827 -0.0000
vn -0.8660 0.5000 -0.0000
vn -0.7934 0.6088 -0.0000
vn -0.7933 0.6088 -0.0000
vn -0.6088 0.7934 -0.0000
vn -0.5000 0.8660 -0.0000
vn -0.6088 0.7933 -0.0000
vn -0.1305 0.9914 -0.0000
vn -0.0654 0.9979 -0.0000
vn 0.1305 0.9914 -0.0000
vn 0.2588 0.9659 -0.0000
vn -0.3827 0.9239 -0.0000
vn -0.2588 0.9659 -0.0000
vn 0.3827 0.9239 -0.0000
vn 0.8660 0.5000 -0.0000
vn 0.9239 0.3827 -0.0000
vn 0.5000 0.8660 -0.0000
vn 0.6088 0.7934 -0.0000
vn 0.9659 0.2588 -0.0000
vn -0.7071 0.7071 -0.0000
vn 0.0654 0.9979 -0.0000
vn 0.7934 0.6087 -0.0000
vn 0.7933 0.6088 -0.0000
vn 0.9914 0.1305 -0.0000
vn 0.9979 0.0654 -0.0000
vn 0.7071 0.7071 -0.0000
vn -1.0000 0.0001 -0.0000
vn -0.9978 0.0658 -0.0000
vn -0.9979 0.0650 -0.0000
vn -0.9914 0.1309 -0.0000
vn -0.9660 0.2586 -0.0000
vn -0.9660 0.2587 -0.0000
vn -0.9240 0.3825 -0.0000
vn -0.7932 0.6089 -0.0000
vn -0.1306 0.9914 -0.0000
vn -0.0655 0.9979 -0.0000
vn -0.1305 0.9915 -0.0000
vn 0.1305 0.9915 -0.0000
vn 0.2589 0.9659 -0.0000
vn 0.1306 0.9914 -0.0000
vn -0.3828 0.9239 -0.0000
vn -0.2589 0.9659 -0.0000
vn 0.3828 0.9239 -0.0000
vn 0.9240 0.3825 -0.0000
vn 0.9660 0.2587 -0.0000
vn 0.9660 0.2586 -0.0000
vn -0.7070 0.7072 -0.0000
vn 0.0655 0.9979 -0.0000
vn 0.7934 0.6088 -0.0000
vn 0.7932 0.6089 -0.0000
vn 0.9978 0.0658 -0.0000
vn 0.9914 0.1309 -0.0000
vn 0.9979 0.0655 -0.0000
vn 0.7070 0.7072 -0.0000
vn -0.9393 -0.1068 -0.3259
vn 0.2040 -0.9781 -0.0418
vn -0.9824 -0.1047 -0.1549
vn -0.9824 0.1047 -0.1549
vn -0.7057 0.0624 -0.7057
vn -0.6950 0.1843 0.6950
vn -0.6950 0.1843 -0.6950
vn 0.6950 0.1843 -0.6950
vn 0.6950 0.1843 0.6950
vn 0.7057 0.0624 -0.7057
vn -0.7057 0.0624 0.7057
vn 0.7057 0.0624 0.7057
vn -0.8041 0.1047 0.5852
vn -0.9981 0.0624 -0.0000
vn -0.0000 0.1843 0.9829
vn -0.9829 0.1843 -0.0000
vn -0.0000 0.1843 -0.9829
vn 0.9829 0.1843 -0.0000
vn -0.0000 0.0624 -0.9981
vn -0.0000 0.0624 0.9981
vn 0.9981 0.0624 -0.0000
vn 0.1480 0.9890 -0.0000
vn -0.9954 -0.0793 0.0537
vn -0.1388 -0.9878 -0.0705
vn 0.9954 0.0794 0.0537
vn 0.1863 -0.9781 -0.0932
vn -0.0000 -0.3162 -0.9487
vn 0.9487 -0.3162 -0.0000
vn -0.9487 -0.3162 -0.0000
vn -0.0000 -0.3162 0.9487
vn -0.9487 0.3162 -0.0000
vn -0.9487 0.3162 0.0011
vn 0.9487 0.3162 -0.0000
vn 0.9487 0.3162 -0.0011
vn -0.0000 0.3162 0.9487
vn 0.0011 0.3162 0.9487
vn -0.0000 0.3162 -0.9487
vn -0.0011 0.3162 -0.9487
vn -0.0000 -0.1095 -0.9940
vn -0.0001 -0.1095 -0.9940
vn 0.9940 -0.1095 -0.0001
vn 0.9940 -0.1095 -0.0000
vn -0.9940 -0.1095 -0.0000
vn -0.9940 -0.1095 0.0001
vn -0.0000 -0.1095 0.9940
vn 0.0001 -0.1095 0.9940
vn 0.9105 0.1400 0.3890
vn -0.9105 0.1400 -0.3890
vn -0.1319 0.1583 0.9785
vn -0.5895 0.2008 0.7824
vn -0.1024 0.2475 0.9634
vn -0.4263 0.4247 0.7987
vn 0.9111 -0.1243 -0.3930
vn 0.7162 -0.0381 -0.6969
vn 0.7825 -0.1766 -0.5971
vn -0.6715 0.3162 0.6702
vn -0.8211 0.3162 0.4751
vn 0.7099 -0.0301 -0.7036
vn 0.8591 -0.1343 -0.4938
vn -0.5406 -0.1106 0.8340
vn -0.6107 0.1292 0.7813
vn -0.6972 0.0116 0.7168
vn -0.2859 -0.1225 0.9504
vn 0.1305 -0.0000 -0.9914
vn 0.2579 -0.0000 -0.9662
vn -0.1264 0.2479 0.9605
vn -0.1305 -0.0000 0.9914
vn -0.0169 -0.2738 0.9616
vn -0.1289 -0.1568 0.9792
vn 0.3400 -0.3855 -0.8578
vn 0.1108 -0.5283 -0.8418
vn 0.2122 0.2045 -0.9556
vn -0.8925 0.2490 0.3762
vn -0.8837 -0.2726 0.3804
vn -0.9405 0.1621 0.2987
vn -0.9163 -0.0587 0.3961
vn 0.9914 -0.0000 -0.1305
vn 0.9666 -0.0301 -0.2544
vn 0.9662 -0.0001 -0.2579
vn 0.9657 -0.0000 -0.2597
vn -0.9553 -0.1051 0.2763
vn -0.9657 -0.0000 0.2597
vn -0.6519 -0.7016 0.2876
vn -0.9914 -0.0000 0.1305
vn 0.7041 0.7040 -0.0927
vn 0.8713 0.4771 -0.1147
vn 0.9005 0.3922 -0.1878
vn -0.6831 -0.7071 0.1827
vn -0.7040 -0.7041 0.0927
vn -0.0927 -0.7041 0.7041
vn -0.1783 -0.7184 0.6723
vn -0.0927 -0.7040 0.7041
vn -0.1828 -0.7071 0.6831
vn 0.8577 0.1933 -0.4764
vn 0.6830 0.7071 -0.1831
vn -0.6727 -0.4798 0.5632
vn 0.1819 0.7238 -0.6656
vn 0.4993 0.3108 -0.8088
vn 0.2220 0.4569 -0.8614
vn 0.3141 0.7719 -0.5528
vn 0.6521 0.3819 -0.6549
vn 0.5000 0.7071 -0.5000
vn 0.5008 -0.0000 -0.8655
vn 0.6928 -0.2007 -0.6926
vn 0.5011 -0.1103 -0.8584
vn -0.4982 -0.7139 0.4920
vn -0.3806 -0.8290 0.4098
vn -0.7017 -0.1235 0.7017
vn 0.8388 0.5340 -0.1063
vn 0.8007 0.4258 -0.4213
vn -0.3777 0.9016 0.2107
vn -0.1790 0.9788 0.0996
vn -0.2338 -0.9496 0.2088
vn 0.3998 -0.8347 -0.3787
vn 0.8560 -0.2200 -0.4678
vn -0.0721 -0.7748 0.6281
vn 0.0038 -0.9764 -0.2157
vn -0.0962 -0.6757 0.7309
vn 0.0885 -0.7348 -0.6725
vn 0.9547 -0.1732 -0.2421
vn -0.9662 -0.0000 0.2579
vn 0.6451 0.3049 -0.7006
vn 0.8882 0.0186 -0.4590
vn 0.6113 0.1338 -0.7800
vn 0.8547 0.1734 -0.4892
vn -0.1289 0.1568 0.9792
vn -0.1276 -0.2124 0.9688
vn -0.1267 -0.0187 0.9918
vn 0.9579 0.1515 -0.2438
vn 0.9663 0.0140 -0.2572
vn 0.9785 0.1610 -0.1288
vn -0.7005 0.0433 0.7123
vn -0.4300 0.0955 0.8978
vn -0.7064 -0.0000 0.7078
vn -0.5624 -0.0955 0.8213
vn 0.7078 -0.0000 -0.7064
vn 0.4998 0.1343 -0.8557
vn 0.4606 0.4361 -0.7731
vn -0.2721 -0.1205 0.9547
vn 0.2465 0.3162 -0.9161
vn 0.2597 -0.0000 -0.9657
vn 0.4992 0.0001 -0.8665
vn -0.4992 -0.0000 0.8665
vn -0.2597 -0.0000 0.9657
vn -0.9161 -0.3162 0.2464
vn -0.8348 -0.4282 0.3461
vn 0.9166 0.3162 -0.2446
vn 0.9414 0.3138 -0.1239
vn 0.1667 -0.7699 -0.6160
vn 0.0927 -0.7041 -0.7040
vn 0.6702 -0.3162 -0.6715
vn -0.4537 0.7670 0.4537
vn -0.7905 0.3817 0.4789
vn -0.6123 0.7071 0.3536
vn -0.6225 0.3520 0.6990
vn -0.3673 0.4923 0.7892
vn -0.3489 0.7670 0.5385
vn -0.5064 -0.1215 0.8537
vn -0.4861 0.1215 0.8654
vn -0.6830 0.7071 0.1832
vn 0.6124 -0.7071 -0.3535
vn 0.6830 -0.7071 -0.1830
vn 0.7005 -0.1367 -0.7005
vn 0.8644 -0.0221 -0.5023
vn 0.6930 -0.6970 -0.1843
vn 0.7041 -0.7041 -0.0927
vn 0.2574 -0.0106 -0.9662
vn 0.7064 -0.0000 -0.7078
vn -0.5008 -0.0000 0.8656
vn 0.4992 -0.0000 -0.8665
vn -0.2016 -0.4080 0.8904
vn -0.3490 0.0279 0.9367
vn -0.5008 -0.0000 0.8655
vn 0.7005 -0.1368 -0.7005
vn 0.7009 0.1326 -0.7009
vn -0.4945 -0.8523 0.1702
vn 0.8655 0.0001 -0.5008
vn 0.3533 -0.7071 -0.6125
vn -0.7127 -0.6909 0.1212
vn -0.9898 -0.0250 0.1404
vn -0.9033 -0.4123 0.1190
vn -0.9914 -0.0000 0.1306
vn 0.9566 -0.1275 -0.2620
vn -0.7308 0.6757 0.0962
vn -0.2986 0.9544 0.0046
vn -0.0886 -0.7348 0.6725
vn -0.1306 -0.0000 0.9914
vn 0.8667 -0.0106 -0.4988
vn -0.6758 -0.4190 0.6064
vn -0.7130 -0.0464 0.6996
vn -0.8656 -0.0000 0.5008
vn 0.9414 -0.3137 -0.1240
vn 0.9166 -0.3162 -0.2446
vn -0.9166 0.3162 0.2446
vn -0.9414 0.3138 0.1239
vn -0.9161 0.3162 0.2465
vn -0.8221 0.3162 0.4735
vn -0.9161 0.3162 0.2464
vn -0.5002 -0.7071 0.4998
vn -0.9530 -0.1690 -0.2516
vn -0.8613 -0.1552 -0.4838
vn -0.9237 -0.2834 -0.2578
vn -0.8483 -0.2007 -0.4899
vn 0.5968 0.1797 0.7820
vn 0.7991 0.2087 0.5638
vn 0.4751 0.3162 0.8211
vn 0.7072 0.2974 0.6414
vn -0.5008 -0.0000 -0.8656
vn -0.7064 -0.0000 -0.7078
vn 0.5036 0.1221 0.8553
vn 0.4889 -0.1221 0.8637
vn 0.7065 -0.0000 0.7078
vn 0.6675 -0.5159 0.5370
vn 0.7522 -0.2657 0.6030
vn 0.6929 0.2090 0.6901
vn -0.8665 -0.0000 -0.4992
vn 0.8428 -0.4057 0.3537
vn 0.9635 0.2317 0.1342
vn -0.9914 -0.0000 -0.1305
vn -0.9662 0.0001 -0.2579
vn 0.9605 0.2479 0.1264
vn 0.9094 -0.1756 0.3770
vn 0.9914 -0.0000 0.1305
vn 0.9466 0.1437 0.2885
vn 0.2108 -0.1123 0.9710
vn 0.4455 -0.0255 0.8949
vn 0.5944 0.2490 0.7647
vn 0.3534 -0.0066 0.9354
vn -0.2579 -0.0000 -0.9662
vn -0.1305 -0.0000 -0.9914
vn 0.2579 -0.0000 0.9662
vn 0.1305 -0.0000 0.9914
vn -0.4992 -0.0000 -0.8665
vn -0.2597 -0.0000 -0.9657
vn 0.2597 -0.0000 0.9657
vn 0.2051 -0.7606 0.6160
vn 0.0927 -0.7041 0.7041
vn 0.0927 -0.7040 0.7041
vn 0.1316 -0.7611 0.6351
vn 0.7041 -0.7040 0.0927
vn 0.7720 -0.5576 0.3051
vn 0.3575 -0.7606 0.5420
vn 0.3120 -0.7671 0.5605
vn 0.7912 -0.4825 0.3758
vn 0.7754 -0.3975 0.4906
vn 0.7585 0.1061 0.6429
vn 0.7491 -0.5375 0.3872
vn 0.7078 -0.0000 0.7064
vn 0.0885 0.7348 0.6725
vn -0.1626 0.9758 -0.1460
vn -0.3384 0.8723 -0.3531
vn 0.0851 0.6792 0.7290
vn 0.7488 0.6435 0.1589
vn 0.6725 0.7348 0.0885
vn -0.2543 -0.8384 -0.4821
vn -0.5264 -0.7084 -0.4701
vn 0.4349 -0.8890 0.1429
vn -0.7454 -0.5686 -0.3480
vn 0.8155 -0.5687 0.1074
vn 0.7578 -0.6435 0.1082
vn 0.1872 -0.0983 0.9774
vn 0.2157 -0.0117 0.9764
vn 0.1306 -0.0000 0.9914
vn 0.1302 0.0715 0.9889
vn -0.6853 0.0215 -0.7280
vn -0.4590 0.0186 -0.8882
vn 0.6702 -0.3162 0.6715
vn 0.5751 -0.0653 0.8155
vn -0.4752 0.3162 -0.8211
vn 0.9792 0.1568 0.1289
vn 0.9943 0.1044 0.0226
vn -0.9107 0.3352 -0.2413
vn -0.9414 0.3138 -0.1239
vn -0.9166 0.3162 -0.2446
vn 0.1289 -0.1610 0.9785
vn 0.3007 -0.1369 0.9438
vn -0.8882 0.0185 -0.4591
vn 0.4872 -0.1219 0.8647
vn -0.6928 0.1949 -0.6943
vn -0.8547 0.1734 -0.4892
vn 0.9662 -0.0000 0.2579
vn 0.9161 -0.3162 0.2465
vn 0.8284 -0.2967 0.4752
vn 0.9545 -0.1059 0.2786
vn 0.4992 -0.0000 0.8665
vn -0.2597 0.0001 -0.9657
vn -0.9657 -0.0000 -0.2597
vn -0.9654 -0.0140 -0.2604
vn -0.0001 -0.0000 1.0000
vn -0.0002 -0.0000 -1.0000
vn 0.2465 -0.3162 0.9161
vn 0.3461 -0.4282 0.8348
vn 0.1240 -0.3138 0.9414
vn -0.2446 0.3162 -0.9166
vn -0.1239 0.3138 -0.9414
vn -0.8873 -0.4103 -0.2108
vn -0.9123 -0.3916 -0.1201
vn -0.6930 -0.6970 -0.1842
vn -0.7041 -0.7041 -0.0927
vn 0.6548 0.1579 0.7391
vn 0.4065 0.7654 0.4989
vn 0.4999 0.7071 0.5001
vn -0.6124 -0.7071 -0.3536
vn -0.5078 -0.6970 -0.5063
vn -0.7813 -0.3881 -0.4888
vn -0.6430 -0.4646 -0.6089
vn 0.8104 0.4207 0.4078
vn -0.3575 -0.6970 -0.6216
vn -0.2109 -0.6362 -0.7421
vn -0.1576 -0.7713 -0.6167
vn -0.3535 -0.7071 -0.6124
vn -0.0927 -0.7041 -0.7041
vn -0.0927 -0.7041 -0.7040
vn -0.6870 -0.6981 -0.2017
vn -0.7309 -0.6757 -0.0962
vn -0.9662 -0.0000 -0.2579
vn -0.8656 -0.0000 -0.5008
vn -0.5060 -0.6974 -0.5075
vn -0.7250 -0.4469 -0.5240
vn 0.8302 0.4702 0.2995
vn 0.5390 0.8103 0.2297
vn 0.8656 -0.0000 0.5008
vn -0.8655 -0.0000 -0.5008
vn 0.7696 0.4842 0.4162
vn 0.9605 -0.0575 0.2722
vn 0.8665 -0.0000 0.4992
vn 0.9043 0.3414 0.2562
vn 0.2805 -0.9164 0.2855
vn 0.2970 -0.9085 0.2941
vn -0.7065 -0.0000 -0.7078
vn -0.7064 -0.0029 -0.7078
vn -0.5009 0.0029 -0.8655
vn -0.5008 -0.0000 -0.8655
vn 0.0750 -0.7302 0.6791
vn 0.3976 -0.1281 0.9086
vn 0.1405 -0.0250 0.9898
vn 0.0886 -0.7348 0.6725
vn -0.0977 -0.8359 -0.5401
vn -0.2579 -0.0001 -0.9662
vn -0.0962 -0.6757 -0.7308
vn -0.9914 -0.0000 -0.1306
vn -0.2626 -0.7832 -0.5636
vn -0.4790 0.1354 -0.8673
vn -0.1239 -0.3138 -0.9414
vn -0.2446 -0.3162 -0.9166
vn 0.2446 0.3162 0.9166
vn -0.2515 -0.2902 -0.9233
vn -0.4658 -0.3435 -0.8155
vn -0.4735 -0.3162 -0.8221
vn -0.2465 -0.3162 -0.9161
vn -0.5000 0.7071 -0.5000
vn -0.3536 0.7071 -0.6124
vn 0.5000 -0.7071 0.5000
vn 0.3807 0.1775 -0.9075
vn 0.3357 0.2108 -0.9181
vn 0.1381 0.3375 -0.9311
vn 0.4120 0.4139 -0.8117
vn 0.8128 0.3397 -0.4733
vn 0.5858 0.3096 -0.7490
vn 0.8211 0.3162 -0.4751
vn 0.6402 0.4246 -0.6402
vn -0.8626 0.1370 0.4869
vn -0.7264 0.1821 0.6627
vn -0.7005 0.1367 0.7005
vn -0.8530 -0.1370 0.5036
vn -0.5036 0.0301 0.8634
vn -0.4871 0.3908 0.7810
vn 0.3537 -0.4057 -0.8428
vn 0.2244 -0.4261 -0.8764
vn -0.2579 -0.0000 0.9662
vn -0.2563 -0.2546 0.9325
vn -0.1213 -0.3691 0.9214
vn -0.3044 0.2062 0.9299
vn 0.8665 -0.0000 -0.4992
vn 0.9691 -0.1227 -0.2142
vn 0.9464 0.1124 -0.3029
vn -0.8073 -0.4190 0.4156
vn -0.9109 0.1375 0.3890
vn -0.8244 -0.5182 0.2277
vn -0.9577 -0.1343 0.2546
vn -0.9593 0.1370 0.2470
vn 0.9662 -0.0000 -0.2579
vn -0.7041 0.7040 0.0927
vn -0.8713 0.4771 0.1147
vn -0.8932 0.3819 0.2373
vn -0.6831 0.7071 0.1828
vn -0.0927 0.7041 0.7041
vn -0.1830 0.7071 0.6830
vn 0.0927 -0.7040 -0.7041
vn 0.1856 -0.7671 -0.6141
vn 0.8750 -0.2976 -0.3820
vn 0.6802 -0.7100 -0.1826
vn 0.8352 -0.3286 -0.4410
vn 0.3465 -0.7185 -0.6031
vn -0.6521 0.3819 0.6549
vn -0.4145 0.3409 0.8438
vn -0.7064 0.0001 0.7078
vn 0.5008 -0.0000 -0.8656
vn -0.5998 0.7769 0.1917
vn -0.6234 0.7290 0.2826
vn -0.3531 0.8723 0.3384
vn 0.9339 0.1793 -0.3093
vn 0.4473 0.8715 -0.2009
vn 0.6261 0.4089 -0.6639
vn -0.2539 0.6047 0.7549
vn 0.2106 0.9084 -0.3611
vn -0.0466 0.9342 0.3537
vn -0.4046 -0.9087 0.1023
vn -0.9914 -0.0102 0.1305
vn 0.2457 -0.8541 -0.4584
vn 0.2522 -0.7239 -0.6422
vn -0.9539 -0.1468 0.2619
vn -0.9889 -0.0715 0.1302
vn -0.6451 0.3049 0.7006
vn -0.7082 0.0140 0.7058
vn -0.8393 0.3101 0.4466
vn -0.6756 0.2952 0.6756
vn -0.2554 -0.1330 0.9576
vn 0.1302 0.0716 -0.9889
vn 0.1306 -0.0000 -0.9914
vn -0.2413 0.3352 0.9107
vn -0.1239 0.3138 0.9414
vn -0.9093 0.3025 0.2859
vn -0.9785 0.1610 0.1288
vn 0.5067 -0.0433 -0.8610
vn -0.7093 -0.0254 0.7044
vn -0.8589 -0.1331 0.4945
vn -0.4491 0.2142 0.8674
vn -0.4751 0.3162 0.8211
vn 0.2465 -0.3162 -0.9161
vn 0.2482 -0.3489 -0.9037
vn 0.4752 -0.2966 -0.8284
vn 0.4735 -0.3162 -0.8220
vn 0.9217 0.1288 -0.3660
vn -0.4992 0.0001 0.8665
vn -0.2604 -0.0140 0.9654
vn -0.4985 0.0140 0.8668
vn -0.9518 0.1914 0.2397
vn 0.1976 0.7669 -0.6105
vn 0.1276 0.2130 -0.9687
vn 0.0784 0.5739 -0.8152
vn 0.7419 0.2653 -0.6158
vn 0.8924 0.2485 -0.3766
vn -0.6123 -0.7071 0.3536
vn -0.6682 -0.4145 0.6178
vn -0.4160 -0.3421 0.8425
vn -0.3488 -0.7192 0.6009
vn -0.5000 -0.7071 0.5000
vn 0.9484 0.1695 -0.2679
vn 0.6124 0.7071 -0.3535
vn -0.8151 -0.5340 0.2246
vn -0.7041 -0.7041 0.0927
vn -0.9123 -0.3916 0.1201
vn -0.0995 -0.9062 0.4110
vn -0.7061 -0.0106 0.7080
vn -0.5011 -0.5690 0.6520
vn -0.2601 0.0106 0.9655
vn -0.2950 -0.4354 0.8505
vn 0.5203 -0.1166 -0.8460
vn 0.2123 -0.7652 -0.6078
vn 0.4251 -0.4081 -0.8079
vn -0.2688 0.9148 0.3015
vn -0.2566 0.9115 0.3215
vn -0.7065 -0.0000 0.7078
vn 0.7992 0.0250 -0.6005
vn 0.7078 -0.0000 -0.7065
vn 0.3535 0.7071 -0.6124
vn 0.3421 0.7240 -0.5990
vn 0.9236 0.1280 -0.3613
vn -0.3823 0.9223 0.0557
vn -0.6725 0.7348 0.0886
vn 0.7308 0.6757 -0.0962
vn 0.6186 0.7721 -0.1454
vn 0.0886 -0.7348 -0.6725
vn 0.6068 0.7183 -0.3404
vn 0.4124 0.8734 -0.2590
vn -0.9166 -0.3162 0.2446
vn -0.8221 -0.3162 0.4735
vn 0.9161 0.3162 -0.2465
vn 0.8221 0.3162 -0.4735
vn 0.9161 0.3162 -0.2464
vn -0.1239 -0.3138 0.9414
vn -0.2446 -0.3162 0.9166
vn -0.5000 0.7071 0.5000
vn -0.6124 0.7071 0.3536
vn 0.5003 -0.7071 -0.4997
vn 0.6120 -0.7071 -0.3542
vn 0.5002 -0.7071 -0.4998
vn -0.9389 0.2031 -0.2780
vn -0.8748 0.3113 -0.3712
vn -0.8908 0.4138 -0.1879
vn -0.7808 0.2036 -0.5907
vn -0.4120 0.4139 -0.8117
vn -0.7490 0.3096 -0.5858
vn -0.4621 0.4246 -0.7785
vn -0.7279 0.3143 -0.6094
vn 0.5008 -0.0000 0.8656
vn 0.6610 0.2319 0.7136
vn 0.7005 0.1367 0.7005
vn -0.5253 0.0216 -0.8507
vn -0.4889 -0.1221 -0.8637
vn -0.5357 -0.6429 -0.5474
vn 0.8626 0.1370 0.4869
vn 0.8154 0.4440 0.3715
vn 0.9657 -0.0001 0.2597
vn 0.9785 -0.1610 0.1288
vn 0.9666 -0.0301 0.2544
vn 0.9687 -0.0381 0.2454
vn 0.9325 -0.2546 0.2562
vn 0.9214 -0.3691 0.1213
vn 0.9658 0.0190 0.2588
vn -0.1677 0.0517 -0.9845
vn -0.3548 -0.1166 -0.9276
vn -0.5614 0.2920 -0.7743
vn -0.3534 -0.0066 -0.9354
vn 0.1288 -0.1610 0.9785
vn 0.2884 0.2189 0.9321
vn 0.3606 -0.2021 0.9106
vn 0.1201 0.3915 0.9123
vn 0.3549 0.7072 0.6115
vn -0.1213 0.3691 -0.9214
vn 0.1213 0.3691 0.9214
vn 0.2373 0.3819 0.8932
vn -0.9214 -0.3691 -0.1213
vn -0.9169 -0.3975 -0.0371
vn -0.7041 -0.7040 -0.0927
vn -0.6831 -0.7071 -0.1828
vn 0.3853 0.6368 0.6678
vn -0.4409 -0.3286 -0.8352
vn -0.1831 -0.7071 -0.6830
vn -0.4124 -0.1531 -0.8980
vn 0.6656 0.7239 0.1816
vn 0.8600 0.3746 0.3464
vn 0.9067 0.3548 0.2282
vn 0.6549 0.3819 0.6521
vn -0.7990 -0.0133 -0.6012
vn -0.7078 -0.0000 -0.7064
vn 0.2064 0.6906 0.6932
vn 0.4407 0.3829 0.8119
vn -0.3094 0.1793 -0.9339
vn -0.2009 0.8715 -0.4473
vn -0.8902 0.2940 -0.3481
vn -0.6725 0.7348 -0.0885
vn -0.1482 -0.5819 -0.7997
vn 0.4923 -0.8316 0.2569
vn 0.6777 -0.1047 0.7279
vn -0.2540 -0.0316 -0.9667
vn -0.1306 -0.0000 -0.9914
vn 0.6780 0.2840 0.6780
vn 0.5018 0.1772 0.8467
vn 0.6941 0.1907 0.6941
vn 0.4791 0.2988 0.8253
vn 0.9537 -0.1367 0.2678
vn 0.9571 0.1330 0.2576
vn 0.8993 0.3717 0.2305
vn 0.9414 0.3138 0.1239
vn 0.7917 0.2500 0.5574
vn 0.7044 -0.0254 0.7093
vn 0.7064 -0.0001 0.7078
vn 0.5056 -0.1368 0.8519
vn 0.8395 0.1046 0.5332
vn -0.9628 0.1205 -0.2417
vn 0.2597 0.0001 0.9657
vn -0.4909 -0.2017 -0.8476
vn -0.3680 -0.2912 -0.8830
vn 0.8665 0.0001 0.4992
vn 0.0001 -0.0000 -1.0000
vn 0.1239 0.3138 0.9414
vn -0.6111 0.7664 -0.1977
vn -0.9687 0.2130 -0.1276
vn -0.7672 0.6242 -0.1479
vn 0.7041 -0.7041 0.0927
vn -0.4915 0.3941 -0.7766
vn -0.5587 0.5023 -0.6600
vn -0.5797 0.2215 -0.7841
vn 0.7525 -0.5000 0.4286
vn 0.6531 -0.3860 0.6515
vn 0.7183 -0.5728 0.3948
vn 0.6430 -0.4646 0.6089
vn -0.1830 0.7071 -0.6830
vn 0.3533 -0.7071 0.6125
vn 0.2013 -0.6383 0.7430
vn 0.3298 -0.3327 0.8835
vn -0.7026 0.0352 -0.7107
vn -0.0927 0.7041 -0.7041
vn 0.1276 -0.2130 0.9687
vn -0.7982 0.5931 -0.1051
vn -0.6902 0.7167 -0.0997
vn 0.3504 -0.8606 0.3696
vn 0.8406 -0.3534 0.4104
vn 0.9657 -0.0000 0.2597
vn -0.8716 0.0575 -0.4868
vn -0.5306 -0.8047 -0.2663
vn -0.7247 -0.5693 -0.3882
vn -0.7018 0.1225 -0.7018
vn 0.8655 -0.0000 0.5008
vn -0.5115 -0.0575 -0.8574
vn -0.6124 0.7071 -0.3535
vn 0.6830 -0.7071 0.1830
vn 0.4991 -0.0029 0.8665
vn 0.2323 -0.1337 0.9634
vn 0.0977 -0.8359 0.5401
vn 0.0962 -0.6757 0.7308
vn 0.9914 -0.0000 0.1306
vn -0.5635 0.0947 -0.8207
vn -0.6996 -0.0464 -0.7130
vn 0.1239 -0.3138 0.9414
vn 0.2549 -0.1932 0.9475
vn 0.4735 -0.3162 0.8221
vn -0.2465 0.3162 -0.9161
vn 0.9414 -0.3138 0.1239
vn -0.9414 0.3137 -0.1240
vn 0.5000 0.7071 0.5000
vn -0.5000 -0.7071 -0.5000
vn 0.6934 0.1958 0.6934
vn 0.9806 0.1958 -0.0000
vn 0.7071 -0.0000 -0.7071
vn -0.0000 0.1958 0.9806
vn 0.6934 0.1958 -0.6934
vn 0.8800 0.4751 -0.0000
vn 0.6222 0.4751 0.6222
vn -0.0000 0.4751 0.8799
vn 0.6222 0.4751 -0.6222
vn -0.6222 0.4751 0.6222
vn -0.0000 0.1958 -0.9806
vn -0.0000 0.4751 -0.8799
vn -0.6934 0.1958 0.6934
vn -0.8800 0.4751 -0.0000
vn -0.6934 0.1958 -0.6934
vn -0.6222 0.4751 -0.6222
vn -0.7071 -0.0000 -0.7071
vn -0.9806 0.1958 -0.0000
vn 0.7317 -0.0000 -0.6816
vn 0.5304 -0.0000 -0.8478
vn 0.8832 -0.0000 -0.4690
vn 0.5303 -0.0000 -0.8478
vn 0.2929 -0.0000 -0.9561
vn 0.9745 -0.0000 -0.2245
vn 0.2929 -0.0000 -0.9562
vn 0.0354 -0.0000 -0.9994
vn 0.9994 -0.0000 0.0354
vn -0.2244 -0.0000 -0.9745
vn 0.9562 -0.0000 0.2929
vn -0.2245 -0.0000 -0.9745
vn 0.9561 -0.0000 0.2929
vn -0.4690 -0.0000 -0.8832
vn 0.8478 -0.0000 0.5303
vn -0.6816 -0.0000 -0.7317
vn -0.8478 -0.0000 -0.5303
vn -0.9561 -0.0000 -0.2929
vn -0.9562 -0.0000 -0.2929
vn -0.9994 -0.0000 -0.0354
vn -0.9745 -0.0000 0.2244
vn -0.9745 -0.0000 0.2245
vn -0.8832 -0.0000 0.4690
vn -0.7317 -0.0000 0.6816
vn -0.5304 -0.0000 0.8478
vn -0.2929 -0.0000 0.9561
vn -0.2929 -0.0000 0.9562
vn -0.0354 -0.0000 0.9994
vn 0.2244 -0.0000 0.9745
vn 0.2245 -0.0000 0.9745
vn 0.4690 -0.0000 0.8832
vn 0.6816 -0.0000 0.7317
vn -0.9562 -0.0000 -0.2928
vn 0.9562 -0.0000 0.2928
vn -0.7071 0.7072 -0.0000
vn 0.9487 -0.3163 -0.0000
vn -0.9487 -0.3163 -0.0000
vn 0.0002 -0.0000 1.0000
vn -0.0139 0.9998 -0.0138
vn -0.4459 0.7761 -0.4459
vn 0.0189 0.9998 -0.0051
vn 0.6091 0.7761 -0.1632
vn -0.1632 0.7761 0.6091
vn -0.0050 0.9998 0.0190
vn 0.4813 0.7325 0.4813
vn -0.0139 0.9998 -0.0139
vn 0.4814 0.7325 0.4813
vn 0.0139 -0.9998 0.0139
vn -0.4812 -0.7325 -0.4815
vn -0.0051 0.9998 0.0189
vn 0.1762 0.7325 -0.6575
vn -0.1758 -0.7325 0.6576
vn 0.0051 -0.9998 -0.0189
vn -0.1762 -0.7325 0.6575
vn -0.0189 -0.9998 0.0051
vn -0.0190 -0.9998 0.0051
vn 0.6575 -0.7325 -0.1764
vn 0.6575 -0.7325 -0.1762
vn 0.6643 0.3428 0.6643
vn 0.4819 0.7319 0.4818
vn 0.4818 0.7319 0.4819
vn -0.6643 -0.3428 -0.6643
vn -0.4819 -0.7319 -0.4818
vn -0.9074 0.3428 0.2431
vn -0.6582 0.7319 0.1763
vn 0.1764 0.7319 -0.6582
vn 0.2431 0.3427 -0.9074
vn 0.2431 0.3428 -0.9074
vn -0.3199 -0.3155 0.8933
vn -0.8933 -0.3156 0.3200
vn -0.8933 -0.3156 0.3199
vn -0.3199 -0.3155 0.8934
vn -0.3968 0.9008 -0.1766
vn 0.1766 0.9008 0.3968
vn 0.2150 0.2926 0.9318
vn 0.8791 0.0163 -0.4763
vn 0.4763 0.0164 -0.8791
vn 0.1277 -0.8381 -0.5303
vn 0.1005 -0.4110 -0.9061
vn 0.5303 -0.8381 -0.1277
vn 0.5303 -0.8381 -0.1276
vn -0.9317 0.2926 -0.2150
vn -0.9317 0.2927 -0.2150
vn 0.9061 -0.4110 -0.1005
vn 0.6598 0.7499 0.0473
vn -0.0474 0.7500 -0.6598
vn -0.0473 0.7500 -0.6598
vn -0.6598 -0.7499 -0.0473
vn -0.6598 -0.7500 -0.0473
vn 0.0473 -0.7500 0.6598
vn -0.6124 0.5000 0.6124
vn -0.6123 0.5000 0.6124
vn -0.6124 0.4999 0.6124
vn 0.6123 -0.5001 -0.6123
vn 0.6124 -0.5000 -0.6124
vn 0.6124 -0.5000 -0.6123
vn 0.6125 -0.4999 -0.6123
vn 0.3890 0.1400 0.9105
vn 0.4856 -0.0000 0.8742
vn -0.1549 -0.1047 0.9824
vt 0.812500 0.062500
vt 0.562500 0.062500
vt 0.937500 0.062500
vt 0.312500 0.062500
vt 0.062500 0.312500
vt 0.937500 0.187500
vt 0.437500 0.062500
vt 0.687500 0.062500
vt 0.187500 0.187500
vt 0.187500 0.062500
vt 0.062500 0.062500
vt 0.062500 0.187500
vt 0.562500 0.187500
vt 0.312500 0.312500
vt 0.562500 0.312500
vt 0.187500 0.312500
s 1
f 3/1/1 2/1/2 1/1/2
f 2/1/2 3/1/1 4/1/1
f 7/1/3 6/1/4 5/1/4
f 6/1/4 7/1/3 8/1/3
f 11/1/5 10/1/6 9/1/5
f 10/1/6 11/1/5 12/1/6
f 14/1/7 10/1/7 13/1/7
f 14/1/7 9/1/7 10/1/7
f 15/1/7 9/1/7 14/1/7
f 15/1/7 16/1/7 9/1/7
f 7/1/7 16/1/7 15/1/7
f 5/1/7 16/1/7 7/1/7
f 5/1/7 17/1/7 16/1/7
f 18/1/7 17/1/7 5/1/7
f 19/1/7 17/1/7 18/1/7
f 17/1/7 19/1/7 4/1/7
f 20/1/7 4/1/7 19/1/7
f 20/1/7 2/1/7 4/1/7
f 20/1/7 21/1/7 2/1/7
f 21/1/7 20/1/7 22/1/7
f 10/1/6 24/1/8 23/1/8
f 24/1/8 10/1/6 25/1/8
f 25/1/8 10/1/6 12/1/6
f 25/1/8 12/1/6 26/1/8
f 5/1/4 27/1/9 18/1/9
f 27/1/9 5/1/4 6/1/4
f 28/1/10 9/1/5 16/1/10
f 9/1/5 28/1/10 11/1/5
f 18/1/9 29/1/11 19/1/11
f 29/1/11 18/1/9 27/1/9
f 24/1/12 31/1/12 30/1/12
f 31/1/12 24/1/12 25/1/12
f 13/1/13 32/1/14 14/1/14
f 32/1/14 13/1/13 33/1/13
f 1/1/2 21/1/15 34/1/15
f 21/1/15 1/1/2 2/1/2
f 23/1/16 13/1/17 10/1/17
f 13/1/17 23/1/16 35/1/16
f 36/1/18 16/1/10 17/1/18
f 16/1/10 36/1/18 28/1/10
f 31/1/19 26/1/20 37/1/20
f 26/1/20 31/1/19 25/1/19
f 24/1/7 35/1/16 23/1/16
f 35/1/16 24/1/7 30/1/7
f 14/1/14 38/1/21 15/1/21
f 38/1/21 14/1/14 32/1/14
f 40/1/19 34/1/19 39/1/19
f 34/1/19 40/1/19 1/1/19
f 1/1/19 40/1/19 3/1/19
f 3/1/19 40/1/19 29/1/19
f 3/1/19 29/1/19 36/1/19
f 36/1/19 29/1/19 27/1/19
f 36/1/19 27/1/19 6/1/19
f 36/1/19 6/1/19 28/1/19
f 28/1/19 6/1/19 8/1/19
f 28/1/19 8/1/19 38/1/19
f 28/1/19 38/1/19 11/1/19
f 11/1/19 38/1/19 32/1/19
f 11/1/19 32/1/19 12/1/19
f 12/1/19 32/1/19 33/1/19
f 19/1/12 40/1/12 20/1/12
f 40/1/12 19/1/12 29/1/12
f 33/1/22 26/1/20 12/1/22
f 26/1/20 33/1/22 37/1/20
f 15/1/21 8/1/3 7/1/3
f 8/1/3 15/1/21 38/1/21
f 36/1/18 4/1/1 3/1/1
f 4/1/1 36/1/18 17/1/18
f 34/1/23 22/1/23 39/1/23
f 22/1/23 34/1/23 21/1/23
f 42/2/24 39/2/25 41/2/24
f 39/2/25 42/2/24 40/2/25
f 22/2/26 44/2/27 43/2/27
f 44/2/27 22/2/26 20/2/26
f 41/2/28 46/2/23 45/2/23
f 46/2/23 41/2/28 43/2/28
f 20/2/29 42/2/30 44/2/30
f 42/2/30 20/2/29 40/2/29
f 47/2/19 41/2/24 45/2/19
f 41/2/24 47/2/19 42/2/24
f 44/2/27 46/2/7 43/2/27
f 46/2/7 44/2/27 48/2/7
f 39/2/31 43/2/28 41/2/28
f 43/2/28 39/2/31 22/2/31
f 48/2/32 45/2/32 46/2/32
f 45/2/32 48/2/32 47/2/32
f 44/2/30 47/2/12 48/2/12
f 47/2/12 44/2/30 42/2/30
f 30/3/32 13/3/32 35/3/32
f 13/3/32 30/3/32 31/3/32
f 13/3/32 31/3/32 33/3/32
f 33/3/32 31/3/32 37/3/32
f 51/4/33 50/4/34 49/4/35
f 50/4/34 51/4/33 52/4/36
f 55/4/37 54/4/38 53/4/39
f 54/4/38 55/4/37 56/4/40
f 59/4/41 58/4/42 57/4/43
f 58/4/42 59/4/41 60/4/44
f 63/4/45 62/4/46 61/4/47
f 62/4/46 63/4/45 64/4/48
f 67/4/49 66/4/50 65/4/51
f 66/4/50 67/4/49 68/4/52
f 71/4/53 70/4/54 69/4/55
f 70/4/54 71/4/53 72/4/56
f 74/4/57 49/4/35 73/4/58
f 49/4/35 74/4/57 51/4/33
f 49/4/35 75/4/59 73/4/58
f 75/4/59 49/4/35 50/4/34
f 50/4/34 76/4/60 75/4/59
f 76/4/60 50/4/34 52/4/36
f 74/4/57 52/4/36 51/4/33
f 52/4/36 74/4/57 76/4/60
f 69/4/55 78/4/61 77/4/62
f 78/4/61 69/4/55 70/4/54
f 70/4/54 73/4/63 78/4/61
f 73/4/63 70/4/54 72/4/56
f 74/4/64 69/4/55 77/4/62
f 69/4/55 74/4/64 71/4/53
f 74/4/64 72/4/56 71/4/53
f 72/4/56 74/4/64 73/4/63
f 80/4/65 65/4/51 79/4/66
f 65/4/51 80/4/65 67/4/49
f 65/4/51 78/4/67 79/4/66
f 78/4/67 65/4/51 66/4/50
f 66/4/50 77/4/68 78/4/67
f 77/4/68 66/4/50 68/4/52
f 80/4/65 68/4/52 67/4/49
f 68/4/52 80/4/65 77/4/68
f 54/4/38 76/4/69 80/4/70
f 76/4/69 54/4/38 56/4/40
f 75/4/71 53/4/39 79/4/72
f 53/4/39 75/4/71 55/4/37
f 79/4/72 54/4/38 80/4/70
f 54/4/38 79/4/72 53/4/39
f 75/4/71 56/4/40 55/4/37
f 56/4/40 75/4/71 76/4/69
f 80/4/73 64/4/48 63/4/45
f 64/4/48 80/4/73 76/4/74
f 61/4/47 74/4/75 77/4/76
f 74/4/75 61/4/47 62/4/46
f 80/4/73 61/4/47 77/4/76
f 61/4/47 80/4/73 63/4/45
f 62/4/46 76/4/74 74/4/75
f 76/4/74 62/4/46 64/4/48
f 73/4/77 58/4/42 78/4/78
f 58/4/42 73/4/77 57/4/43
f 75/4/79 60/4/44 59/4/41
f 60/4/44 75/4/79 79/4/80
f 58/4/42 79/4/80 78/4/78
f 79/4/80 58/4/42 60/4/44
f 75/4/79 57/4/43 73/4/77
f 57/4/43 75/4/79 59/4/41
f 85/5/12 84/5/12 83/5/12
f 84/5/12 85/5/12 86/5/12
f 1083/4/8 1082/4/8 1084/4/8
f 84/5/19 82/5/19 81/5/19
f 82/5/19 84/5/19 86/5/19
f 81/5/19 88/5/19 87/5/19
f 88/5/19 81/5/19 82/5/19
f 91/6/32 90/6/32 89/6/32
f 90/6/32 91/6/32 92/6/32
f 95/6/8 94/6/8 93/6/8
f 94/6/8 95/6/8 96/6/8
f 94/6/19 91/6/19 89/6/19
f 91/6/19 94/6/19 96/6/19
f 91/6/23 95/6/23 92/6/23
f 95/6/23 91/6/23 96/6/23
f 95/6/7 90/6/7 92/6/7
f 90/6/7 95/6/7 93/6/7
f 94/6/12 90/6/12 93/6/12
f 90/6/12 94/6/12 89/6/12
f 99/6/32 98/6/32 97/6/32
f 98/6/32 99/6/32 100/6/32
f 103/6/8 102/6/8 101/6/8
f 102/6/8 103/6/8 104/6/8
f 102/6/19 99/6/19 97/6/19
f 99/6/19 102/6/19 104/6/19
f 99/6/23 103/6/23 100/6/23
f 103/6/23 99/6/23 104/6/23
f 103/6/7 98/6/7 100/6/7
f 98/6/7 103/6/7 101/6/7
f 102/6/12 98/6/12 101/6/12
f 98/6/12 102/6/12 97/6/12
f 107/6/8 106/6/8 105/6/8
f 106/6/8 107/6/8 108/6/8
f 105/6/23 110/6/23 109/6/23
f 110/6/23 105/6/23 106/6/23
f 112/6/12 107/6/12 111/6/12
f 107/6/12 112/6/12 108/6/12
f 110/6/32 111/6/32 109/6/32
f 111/6/32 110/6/32 112/6/32
f 115/6/12 114/6/12 113/6/12
f 114/6/12 115/6/12 116/6/12
f 115/6/81 117/6/81 116/6/81
f 117/6/81 115/6/81 118/6/81
f 120/6/82 114/6/82 119/6/82
f 114/6/82 120/6/82 113/6/83
f 120/6/84 115/6/84 113/6/84
f 115/6/84 120/6/84 118/6/84
f 117/6/85 114/6/85 116/6/85
f 114/6/85 117/6/85 119/6/85
f 117/6/23 120/6/23 119/6/23
f 120/6/23 117/6/23 118/6/23
f 123/6/12 122/6/12 121/6/12
f 122/6/12 123/6/12 124/6/12
f 123/6/86 125/6/86 124/6/86
f 125/6/86 123/6/86 126/6/86
f 128/6/87 122/6/87 127/6/87
f 122/6/87 128/6/87 121/6/87
f 128/6/88 123/6/88 121/6/88
f 123/6/88 128/6/88 126/6/88
f 125/6/89 122/6/89 124/6/89
f 122/6/89 125/6/89 127/6/89
f 125/6/23 128/6/23 127/6/23
f 128/6/23 125/6/23 126/6/23
f 131/6/12 130/6/12 129/6/12
f 130/6/12 131/6/12 132/6/12
f 131/6/90 133/6/90 132/6/90
f 133/6/90 131/6/90 134/6/90
f 136/6/91 130/6/91 135/6/91
f 130/6/91 136/6/91 129/6/91
f 136/6/92 131/6/92 129/6/92
f 131/6/92 136/6/92 134/6/92
f 133/6/93 130/6/93 132/6/93
f 130/6/93 133/6/93 135/6/93
f 133/6/23 136/6/23 135/6/23
f 136/6/23 133/6/23 134/6/23
f 139/6/8 138/6/8 137/6/8
f 138/6/8 139/6/8 140/6/8
f 137/6/23 142/6/23 141/6/23
f 142/6/23 137/6/23 138/6/23
f 144/6/12 139/6/12 143/6/12
f 139/6/12 144/6/12 140/6/12
f 142/6/32 143/6/32 141/6/32
f 143/6/32 142/6/32 144/6/32
f 147/6/12 146/6/12 145/6/12
f 146/6/12 147/6/12 148/6/12
f 147/6/94 149/6/94 148/6/94
f 149/6/94 147/6/94 150/6/94
f 152/6/95 146/6/95 151/6/95
f 146/6/95 152/6/95 145/6/95
f 152/6/96 147/6/96 145/6/96
f 147/6/96 152/6/96 150/6/96
f 149/6/97 146/6/97 148/6/97
f 146/6/97 149/6/97 151/6/97
f 149/6/23 152/6/23 151/6/23
f 152/6/23 149/6/23 150/6/23
f 155/6/12 154/6/12 153/6/12
f 154/6/12 155/6/12 156/6/12
f 155/6/19 157/6/19 156/6/19
f 157/6/19 155/6/19 158/6/19
f 160/6/7 154/6/7 159/6/7
f 154/6/7 160/6/7 153/6/7
f 160/6/8 155/6/8 153/6/8
f 155/6/8 160/6/8 158/6/8
f 157/6/32 154/6/32 156/6/32
f 154/6/32 157/6/32 159/6/32
f 157/6/23 160/6/23 159/6/23
f 160/6/23 157/6/23 158/6/23
f 163/6/32 162/6/32 161/6/32
f 162/6/32 163/6/32 164/6/32
f 167/6/8 166/6/8 165/6/8
f 166/6/8 167/6/8 168/6/8
f 166/6/19 163/6/19 161/6/19
f 163/6/19 166/6/19 168/6/19
f 163/6/23 167/6/23 164/6/23
f 167/6/23 163/6/23 168/6/23
f 167/6/7 162/6/7 164/6/7
f 162/6/7 167/6/7 165/6/7
f 166/6/12 162/6/12 165/6/12
f 162/6/12 166/6/12 161/6/12
f 171/6/32 170/6/32 169/6/32
f 170/6/32 171/6/32 172/6/32
f 175/6/8 174/6/8 173/6/8
f 174/6/8 175/6/8 176/6/8
f 174/6/19 171/6/19 169/6/19
f 171/6/19 174/6/19 176/6/19
f 171/6/23 175/6/23 172/6/23
f 175/6/23 171/6/23 176/6/23
f 175/6/7 170/6/7 172/6/7
f 170/6/7 175/6/7 173/6/7
f 174/6/12 170/6/12 173/6/12
f 170/6/12 174/6/12 169/6/12
f 179/6/8 178/6/8 177/6/8
f 178/6/8 179/6/8 180/6/8
f 177/6/23 182/6/23 181/6/23
f 182/6/23 177/6/23 178/6/23
f 184/6/12 179/6/12 183/6/12
f 179/6/12 184/6/12 180/6/12
f 182/6/32 183/6/32 181/6/32
f 183/6/32 182/6/32 184/6/32
f 187/6/12 186/6/12 185/6/12
f 186/6/12 187/6/12 188/6/12
f 187/6/81 189/6/81 188/6/81
f 189/6/81 187/6/81 190/6/81
f 192/6/82 186/6/82 191/6/82
f 186/6/82 192/6/82 185/6/82
f 192/6/84 187/6/84 185/6/84
f 187/6/84 192/6/84 190/6/84
f 189/6/85 186/6/85 188/6/85
f 186/6/85 189/6/85 191/6/85
f 189/6/23 192/6/23 191/6/23
f 192/6/23 189/6/23 190/6/23
f 195/6/12 194/6/12 193/6/12
f 194/6/12 195/6/12 196/6/12
f 195/6/86 197/6/86 196/6/86
f 197/6/86 195/6/86 198/6/86
f 200/6/87 194/6/87 199/6/87
f 194/6/87 200/6/87 193/6/87
f 200/6/88 195/6/88 193/6/88
f 195/6/88 200/6/88 198/6/88
f 197/6/89 194/6/89 196/6/89
f 194/6/89 197/6/89 199/6/89
f 197/6/23 200/6/23 199/6/23
f 200/6/23 197/6/23 198/6/23
f 203/6/12 202/6/12 201/6/12
f 202/6/12 203/6/12 204/6/12
f 203/6/90 205/6/90 204/6/90
f 205/6/90 203/6/90 206/6/90
f 208/6/91 202/6/91 207/6/91
f 202/6/91 208/6/91 201/6/91
f 208/6/92 203/6/92 201/6/92
f 203/6/92 208/6/92 206/6/92
f 205/6/93 202/6/93 204/6/93
f 202/6/93 205/6/93 207/6/93
f 205/6/23 208/6/23 207/6/23
f 208/6/23 205/6/23 206/6/23
f 211/6/8 210/6/8 209/6/8
f 210/6/8 211/6/8 212/6/8
f 209/6/23 214/6/23 213/6/23
f 214/6/23 209/6/23 210/6/23
f 216/6/12 211/6/12 215/6/12
f 211/6/12 216/6/12 212/6/12
f 214/6/32 215/6/32 213/6/32
f 215/6/32 214/6/32 216/6/32
f 219/6/12 218/6/12 217/6/12
f 218/6/12 219/6/12 220/6/12
f 219/6/94 221/6/94 220/6/94
f 221/6/94 219/6/94 222/6/94
f 224/6/95 218/6/95 223/6/95
f 218/6/95 224/6/95 217/6/95
f 224/6/96 219/6/96 217/6/96
f 219/6/96 224/6/96 222/6/96
f 221/6/97 218/6/97 220/6/97
f 218/6/97 221/6/97 223/6/97
f 221/6/23 224/6/23 223/6/23
f 224/6/23 221/6/23 222/6/23
f 227/6/12 226/6/12 225/6/12
f 226/6/12 227/6/12 228/6/12
f 227/6/19 229/6/19 228/6/19
f 229/6/19 227/6/19 230/6/19
f 232/6/7 226/6/7 231/6/7
f 226/6/7 232/6/7 225/6/7
f 232/6/8 227/6/8 225/6/8
f 227/6/8 232/6/8 230/6/8
f 229/6/32 226/6/32 228/6/32
f 226/6/32 229/6/32 231/6/32
f 229/6/23 232/6/23 231/6/23
f 232/6/23 229/6/23 230/6/23
f 235/6/32 234/6/32 233/6/32
f 234/6/32 235/6/32 236/6/32
f 239/6/8 238/6/8 237/6/8
f 238/6/8 239/6/8 240/6/8
f 238/6/19 235/6/19 233/6/19
f 235/6/19 238/6/19 240/6/19
f 235/6/23 239/6/23 236/6/23
f 239/6/23 235/6/23 240/6/23
f 239/6/7 234/6/7 236/6/7
f 234/6/7 239/6/7 237/6/7
f 238/6/12 234/6/12 237/6/12
f 234/6/12 238/6/12 233/6/12
f 243/6/32 242/6/32 241/6/32
f 242/6/32 243/6/32 244/6/32
f 247/6/8 246/6/8 245/6/8
f 246/6/8 247/6/8 248/6/8
f 246/6/19 243/6/19 241/6/19
f 243/6/19 246/6/19 248/6/19
f 243/6/23 247/6/23 244/6/23
f 247/6/23 243/6/23 248/6/23
f 247/6/7 242/6/7 244/6/7
f 242/6/7 247/6/7 245/6/7
f 246/6/12 242/6/12 245/6/12
f 242/6/12 246/6/12 241/6/12
f 251/6/8 250/6/8 249/6/8
f 250/6/8 251/6/8 252/6/8
f 249/6/23 254/6/23 253/6/23
f 254/6/23 249/6/23 250/6/23
f 256/6/12 251/6/12 255/6/12
f 251/6/12 256/6/12 252/6/12
f 254/6/32 255/6/32 253/6/32
f 255/6/32 254/6/32 256/6/32
f 259/6/12 258/6/12 257/6/12
f 258/6/12 259/6/12 260/6/12
f 259/6/81 261/6/81 260/6/81
f 261/6/81 259/6/81 262/6/81
f 264/6/82 258/6/82 263/6/82
f 258/6/82 264/6/82 257/6/82
f 264/6/84 259/6/84 257/6/84
f 259/6/84 264/6/84 262/6/84
f 261/6/85 258/6/85 260/6/85
f 258/6/85 261/6/85 263/6/85
f 261/6/23 264/6/23 263/6/23
f 264/6/23 261/6/23 262/6/23
f 267/6/12 266/6/12 265/6/12
f 266/6/12 267/6/12 268/6/12
f 267/6/86 269/6/86 268/6/86
f 269/6/86 267/6/86 270/6/86
f 272/6/87 266/6/87 271/6/87
f 266/6/87 272/6/87 265/6/87
f 272/6/88 267/6/88 265/6/88
f 267/6/88 272/6/88 270/6/88
f 269/6/89 266/6/89 268/6/89
f 266/6/89 269/6/89 271/6/89
f 269/6/23 272/6/23 271/6/23
f 272/6/23 269/6/23 270/6/23
f 275/6/12 274/6/12 273/6/12
f 274/6/12 275/6/12 276/6/12
f 275/6/90 277/6/90 276/6/90
f 277/6/90 275/6/90 278/6/90
f 280/6/91 274/6/91 279/6/91
f 274/6/91 280/6/91 273/6/91
f 280/6/92 275/6/92 273/6/92
f 275/6/92 280/6/92 278/6/92
f 277/6/93 274/6/93 276/6/93
f 274/6/93 277/6/93 279/6/93
f 277/6/23 280/6/23 279/6/23
f 280/6/23 277/6/23 278/6/23
f 283/6/8 282/6/8 281/6/8
f 282/6/8 283/6/8 284/6/8
f 281/6/23 286/6/23 285/6/23
f 286/6/23 281/6/23 282/6/23
f 288/6/12 283/6/12 287/6/12
f 283/6/12 288/6/12 284/6/12
f 286/6/32 287/6/32 285/6/32
f 287/6/32 286/6/32 288/6/32
f 291/6/12 290/6/12 289/6/12
f 290/6/12 291/6/12 292/6/12
f 291/6/94 293/6/94 292/6/94
f 293/6/94 291/6/94 294/6/94
f 296/6/95 290/6/95 295/6/95
f 290/6/95 296/6/95 289/6/95
f 296/6/96 291/6/96 289/6/96
f 291/6/96 296/6/96 294/6/96
f 293/6/97 290/6/97 292/6/97
f 290/6/97 293/6/97 295/6/97
f 293/6/23 296/6/23 295/6/23
f 296/6/23 293/6/23 294/6/23
f 299/6/12 298/6/12 297/6/12
f 298/6/12 299/6/12 300/6/12
f 299/6/19 301/6/19 300/6/19
f 301/6/19 299/6/19 302/6/19
f 304/6/7 298/6/7 303/6/7
f 298/6/7 304/6/7 297/6/7
f 304/6/8 299/6/8 297/6/8
f 299/6/8 304/6/8 302/6/8
f 301/6/32 298/6/32 300/6/32
f 298/6/32 301/6/32 303/6/32
f 301/6/23 304/6/23 303/6/23
f 304/6/23 301/6/23 302/6/23
f 307/6/32 306/6/32 305/6/32
f 306/6/32 307/6/32 308/6/32
f 311/6/8 310/6/8 309/6/8
f 310/6/8 311/6/8 312/6/8
f 310/6/19 307/6/19 305/6/19
f 307/6/19 310/6/19 312/6/19
f 307/6/23 311/6/23 308/6/23
f 311/6/23 307/6/23 312/6/23
f 311/6/7 306/6/7 308/6/7
f 306/6/7 311/6/7 309/6/7
f 310/6/12 306/6/12 309/6/12
f 306/6/12 310/6/12 305/6/12
f 315/6/32 314/6/32 313/6/32
f 314/6/32 315/6/32 316/6/32
f 319/6/8 318/6/8 317/6/8
f 318/6/8 319/6/8 320/6/8
f 318/6/19 315/6/19 313/6/19
f 315/6/19 318/6/19 320/6/19
f 315/6/23 319/6/23 316/6/23
f 319/6/23 315/6/23 320/6/23
f 319/6/7 314/6/7 316/6/7
f 314/6/7 319/6/7 317/6/7
f 318/6/12 314/6/12 317/6/12
f 314/6/12 318/6/12 313/6/12
f 323/6/8 322/6/8 321/6/8
f 322/6/8 323/6/8 324/6/8
f 321/6/23 326/6/23 325/6/23
f 326/6/23 321/6/23 322/6/23
f 328/6/12 323/6/12 327/6/12
f 323/6/12 328/6/12 324/6/12
f 326/6/32 327/6/32 325/6/32
f 327/6/32 326/6/32 328/6/32
f 331/6/12 330/6/12 329/6/12
f 330/6/12 331/6/12 332/6/12
f 331/6/81 333/6/81 332/6/81
f 333/6/81 331/6/81 334/6/81
f 336/6/82 330/6/82 335/6/82
f 330/6/82 336/6/82 329/6/82
f 336/6/84 331/6/84 329/6/84
f 331/6/84 336/6/84 334/6/84
f 333/6/85 330/6/85 332/6/85
f 330/6/85 333/6/85 335/6/85
f 333/6/23 336/6/23 335/6/23
f 336/6/23 333/6/23 334/6/23
f 339/6/12 338/6/12 337/6/12
f 338/6/12 339/6/12 340/6/12
f 339/6/86 341/6/86 340/6/86
f 341/6/86 339/6/86 342/6/86
f 344/6/87 338/6/87 343/6/87
f 338/6/87 344/6/87 337/6/87
f 344/6/88 339/6/88 337/6/88
f 339/6/88 344/6/88 342/6/88
f 341/6/89 338/6/89 340/6/89
f 338/6/89 341/6/89 343/6/89
f 341/6/23 344/6/23 343/6/23
f 344/6/23 341/6/23 342/6/23
f 347/6/12 346/6/12 345/6/12
f 346/6/12 347/6/12 348/6/12
f 347/6/90 349/6/90 348/6/90
f 349/6/90 347/6/90 350/6/90
f 352/6/91 346/6/91 351/6/91
f 346/6/91 352/6/91 345/6/91
f 352/6/92 347/6/92 345/6/92
f 347/6/92 352/6/92 350/6/92
f 349/6/93 346/6/93 348/6/93
f 346/6/93 349/6/93 351/6/93
f 349/6/23 352/6/23 351/6/23
f 352/6/23 349/6/23 350/6/23
f 355/6/8 354/6/8 353/6/8
f 354/6/8 355/6/8 356/6/8
f 353/6/23 358/6/23 357/6/23
f 358/6/23 353/6/23 354/6/23
f 360/6/12 355/6/12 359/6/12
f 355/6/12 360/6/12 356/6/12
f 358/6/32 359/6/32 357/6/32
f 359/6/32 358/6/32 360/6/32
f 363/6/12 362/6/12 361/6/12
f 362/6/12 363/6/12 364/6/12
f 363/6/94 365/6/94 364/6/94
f 365/6/94 363/6/94 366/6/94
f 368/6/95 362/6/95 367/6/95
f 362/6/95 368/6/95 361/6/95
f 368/6/96 363/6/96 361/6/96
f 363/6/96 368/6/96 366/6/96
f 365/6/97 362/6/97 364/6/97
f 362/6/97 365/6/97 367/6/97
f 365/6/23 368/6/23 367/6/23
f 368/6/23 365/6/23 366/6/23
f 371/6/12 370/6/12 369/6/12
f 370/6/12 371/6/12 372/6/12
f 371/6/19 373/6/19 372/6/19
f 373/6/19 371/6/19 374/6/19
f 376/6/7 370/6/7 375/6/7
f 370/6/7 376/6/7 369/6/7
f 376/6/8 371/6/8 369/6/8
f 371/6/8 376/6/8 374/6/8
f 373/6/32 370/6/32 372/6/32
f 370/6/32 373/6/32 375/6/32
f 373/6/23 376/6/23 375/6/23
f 376/6/23 373/6/23 374/6/23
f 378/6/32 308/6/32 377/6/32
f 308/6/32 378/6/32 306/6/32
f 309/6/8 379/6/8 311/6/8
f 379/6/8 309/6/8 380/6/8
f 379/6/7 378/6/7 377/6/7
f 378/6/7 379/6/7 380/6/7
f 378/6/12 309/6/12 306/6/12
f 309/6/12 378/6/12 380/6/12
f 309/6/19 308/6/19 306/6/19
f 308/6/19 309/6/19 311/6/19
f 379/6/23 308/6/23 311/6/23
f 308/6/23 379/6/23 377/6/23
f 383/6/32 382/6/32 381/6/32
f 382/6/32 383/6/32 384/6/32
f 387/6/8 386/6/8 385/6/8
f 386/6/8 387/6/8 388/6/8
f 386/6/7 383/6/7 381/6/7
f 383/6/7 386/6/7 388/6/7
f 383/6/12 387/6/12 384/6/12
f 387/6/12 383/6/12 388/6/12
f 387/6/19 382/6/19 384/6/19
f 382/6/19 387/6/19 385/6/19
f 386/6/23 382/6/23 385/6/23
f 382/6/23 386/6/23 381/6/23
f 391/6/8 390/6/8 389/6/8
f 390/6/8 391/6/8 392/6/8
f 389/6/12 394/6/12 393/6/12
f 394/6/12 389/6/12 390/6/12
f 396/6/23 391/6/23 395/6/23
f 391/6/23 396/6/23 392/6/23
f 394/6/32 395/6/32 393/6/32
f 395/6/32 394/6/32 396/6/32
f 399/6/23 398/6/23 397/6/23
f 398/6/23 399/6/23 400/6/23
f 399/6/98 401/6/98 400/6/98
f 401/6/98 399/6/98 402/6/98
f 404/6/99 398/6/99 403/6/99
f 398/6/99 404/6/99 397/6/99
f 404/6/100 399/6/100 397/6/100
f 399/6/100 404/6/100 402/6/100
f 401/6/101 398/6/101 400/6/101
f 398/6/101 401/6/101 403/6/101
f 401/6/12 404/6/12 403/6/12
f 404/6/12 401/6/12 402/6/12
f 407/6/23 406/6/23 405/6/23
f 406/6/23 407/6/23 408/6/23
f 407/6/102 409/6/102 408/6/102
f 409/6/102 407/6/102 410/6/102
f 412/6/103 406/6/103 411/6/103
f 406/6/103 412/6/103 405/6/103
f 412/6/104 407/6/104 405/6/104
f 407/6/104 412/6/104 410/6/104
f 409/6/105 406/6/105 408/6/105
f 406/6/105 409/6/105 411/6/105
f 409/6/12 412/6/12 411/6/12
f 412/6/12 409/6/12 410/6/12
f 415/6/23 414/6/23 413/6/23
f 414/6/23 415/6/23 416/6/23
f 415/6/106 417/6/106 416/6/106
f 417/6/106 415/6/106 418/6/106
f 420/6/107 414/6/107 419/6/107
f 414/6/107 420/6/107 413/6/107
f 420/6/108 415/6/108 413/6/108
f 415/6/108 420/6/108 418/6/108
f 417/6/109 414/6/109 416/6/109
f 414/6/109 417/6/109 419/6/109
f 417/6/12 420/6/12 419/6/12
f 420/6/12 417/6/12 418/6/12
f 423/6/8 422/6/8 421/6/8
f 422/6/8 423/6/8 424/6/8
f 421/6/12 426/6/12 425/6/12
f 426/6/12 421/6/12 422/6/12
f 428/6/23 423/6/23 427/6/23
f 423/6/23 428/6/23 424/6/23
f 426/6/32 427/6/32 425/6/32
f 427/6/32 426/6/32 428/6/32
f 431/6/23 430/6/23 429/6/23
f 430/6/23 431/6/23 432/6/23
f 431/6/110 433/6/110 432/6/110
f 433/6/110 431/6/110 434/6/110
f 436/6/111 430/6/111 435/6/111
f 430/6/111 436/6/111 429/6/111
f 436/6/112 431/6/112 429/6/112
f 431/6/112 436/6/112 434/6/112
f 433/6/113 430/6/113 432/6/113
f 430/6/113 433/6/113 435/6/113
f 433/6/12 436/6/12 435/6/12
f 436/6/12 433/6/12 434/6/12
f 439/6/23 438/6/23 437/6/23
f 438/6/23 439/6/23 440/6/23
f 439/6/7 441/6/7 440/6/7
f 441/6/7 439/6/7 442/6/7
f 444/6/19 438/6/19 443/6/19
f 438/6/19 444/6/19 437/6/19
f 444/6/8 439/6/8 437/6/8
f 439/6/8 444/6/8 442/6/8
f 441/6/32 438/6/32 440/6/32
f 438/6/32 441/6/32 443/6/32
f 441/6/12 444/6/12 443/6/12
f 444/6/12 441/6/12 442/6/12
f 447/6/32 446/6/32 445/6/32
f 446/6/32 447/6/32 448/6/32
f 451/6/8 450/6/8 449/6/8
f 450/6/8 451/6/8 452/6/8
f 450/6/12 447/6/12 445/6/12
f 447/6/12 450/6/12 452/6/12
f 447/6/19 451/6/19 448/6/19
f 451/6/19 447/6/19 452/6/19
f 451/6/23 446/6/23 448/6/23
f 446/6/23 451/6/23 449/6/23
f 450/6/7 446/6/7 449/6/7
f 446/6/7 450/6/7 445/6/7
f 455/6/32 454/6/32 453/6/32
f 454/6/32 455/6/32 456/6/32
f 459/6/8 458/6/8 457/6/8
f 458/6/8 459/6/8 460/6/8
f 458/6/12 455/6/12 453/6/12
f 455/6/12 458/6/12 460/6/12
f 455/6/19 459/6/19 456/6/19
f 459/6/19 455/6/19 460/6/19
f 459/6/23 454/6/23 456/6/23
f 454/6/23 459/6/23 457/6/23
f 458/6/7 454/6/7 457/6/7
f 454/6/7 458/6/7 453/6/7
f 463/6/8 462/6/8 461/6/8
f 462/6/8 463/6/8 464/6/8
f 461/6/19 466/6/19 465/6/19
f 466/6/19 461/6/19 462/6/19
f 468/6/7 463/6/7 467/6/7
f 463/6/7 468/6/7 464/6/7
f 466/6/32 467/6/32 465/6/32
f 467/6/32 466/6/32 468/6/32
f 471/6/7 470/6/7 469/6/7
f 470/6/7 471/6/7 472/6/7
f 471/6/114 473/6/114 472/6/114
f 473/6/114 471/6/114 474/6/114
f 476/6/115 470/6/115 475/6/115
f 470/6/115 476/6/115 469/6/115
f 476/6/116 471/6/116 469/6/116
f 471/6/116 476/6/116 474/6/116
f 473/6/117 470/6/117 472/6/117
f 470/6/117 473/6/117 475/6/117
f 473/6/19 476/6/19 475/6/19
f 476/6/19 473/6/19 474/6/19
f 479/6/7 478/6/7 477/6/7
f 478/6/7 479/6/7 480/6/7
f 479/6/118 481/6/118 480/6/118
f 481/6/118 479/6/118 482/6/118
f 484/6/119 478/6/119 483/6/119
f 478/6/119 484/6/119 477/6/119
f 484/6/120 479/6/120 477/6/120
f 479/6/120 484/6/120 482/6/120
f 481/6/121 478/6/121 480/6/121
f 478/6/121 481/6/121 483/6/121
f 481/6/19 484/6/19 483/6/19
f 484/6/19 481/6/19 482/6/19
f 487/6/7 486/6/7 485/6/7
f 486/6/7 487/6/7 488/6/7
f 487/6/122 489/6/122 488/6/122
f 489/6/122 487/6/122 490/6/122
f 492/6/123 486/6/123 491/6/123
f 486/6/123 492/6/123 485/6/123
f 492/6/124 487/6/124 485/6/124
f 487/6/124 492/6/124 490/6/124
f 489/6/125 486/6/125 488/6/125
f 486/6/125 489/6/125 491/6/125
f 489/6/19 492/6/19 491/6/19
f 492/6/19 489/6/19 490/6/19
f 495/6/8 494/6/8 493/6/8
f 494/6/8 495/6/8 496/6/8
f 493/6/19 498/6/19 497/6/19
f 498/6/19 493/6/19 494/6/19
f 500/6/7 495/6/7 499/6/7
f 495/6/7 500/6/7 496/6/7
f 498/6/32 499/6/32 497/6/32
f 499/6/32 498/6/32 500/6/32
f 503/6/7 502/6/7 501/6/7
f 502/6/7 503/6/7 504/6/7
f 503/6/126 505/6/126 504/6/126
f 505/6/126 503/6/126 506/6/126
f 508/6/127 502/6/127 507/6/127
f 502/6/127 508/6/127 501/6/127
f 508/6/128 503/6/128 501/6/128
f 503/6/128 508/6/128 506/6/128
f 505/6/129 502/6/129 504/6/129
f 502/6/129 505/6/129 507/6/129
f 505/6/19 508/6/19 507/6/19
f 508/6/19 505/6/19 506/6/19
f 511/6/7 510/6/7 509/6/7
f 510/6/7 511/6/7 512/6/7
f 511/6/12 513/6/12 512/6/12
f 513/6/12 511/6/12 514/6/12
f 516/6/23 510/6/23 515/6/23
f 510/6/23 516/6/23 509/6/23
f 516/6/8 511/6/8 509/6/8
f 511/6/8 516/6/8 514/6/8
f 513/6/32 510/6/32 512/6/32
f 510/6/32 513/6/32 515/6/32
f 513/6/19 516/6/19 515/6/19
f 516/6/19 513/6/19 514/6/19
f 519/7/130 518/7/131 517/7/132
f 518/7/131 519/7/130 520/7/133
f 523/7/134 522/7/135 521/7/136
f 522/7/135 523/7/134 524/7/137
f 527/7/138 526/7/139 525/7/140
f 526/7/139 527/7/138 528/7/141
f 531/7/142 530/7/143 529/7/144
f 530/7/143 531/7/142 532/7/145
f 535/7/146 534/7/147 533/7/148
f 534/7/147 535/7/146 536/7/149
f 539/7/150 538/7/151 537/7/152
f 538/7/151 539/7/150 540/7/153
f 542/7/154 517/7/132 541/7/155
f 517/7/132 542/7/154 519/7/130
f 517/7/132 543/7/156 541/7/155
f 543/7/156 517/7/132 518/7/131
f 518/7/131 544/7/157 543/7/156
f 544/7/157 518/7/131 520/7/133
f 542/7/154 520/7/133 519/7/130
f 520/7/133 542/7/154 544/7/157
f 537/7/152 546/7/158 545/7/159
f 546/7/158 537/7/152 538/7/151
f 538/7/151 541/7/160 546/7/158
f 541/7/160 538/7/151 540/7/153
f 542/7/161 537/7/152 545/7/159
f 537/7/152 542/7/161 539/7/150
f 542/7/161 540/7/153 539/7/150
f 540/7/153 542/7/161 541/7/160
f 548/7/162 533/7/148 547/7/163
f 533/7/148 548/7/162 535/7/146
f 533/7/148 546/7/164 547/7/163
f 546/7/164 533/7/148 534/7/147
f 534/7/147 545/7/165 546/7/164
f 545/7/165 534/7/147 536/7/149
f 548/7/162 536/7/149 535/7/146
f 536/7/149 548/7/162 545/7/165
f 522/7/135 544/7/166 548/7/167
f 544/7/166 522/7/135 524/7/137
f 543/7/168 521/7/136 547/7/169
f 521/7/136 543/7/168 523/7/134
f 547/7/169 522/7/135 548/7/167
f 522/7/135 547/7/169 521/7/136
f 543/7/168 524/7/137 523/7/134
f 524/7/137 543/7/168 544/7/166
f 548/7/170 532/7/145 531/7/142
f 532/7/145 548/7/170 544/7/171
f 529/7/144 542/7/172 545/7/173
f 542/7/172 529/7/144 530/7/143
f 548/7/170 529/7/144 545/7/173
f 529/7/144 548/7/170 531/7/142
f 530/7/143 544/7/171 542/7/172
f 544/7/171 530/7/143 532/7/145
f 541/7/174 526/7/139 546/7/175
f 526/7/139 541/7/174 525/7/140
f 543/7/176 528/7/141 527/7/138
f 528/7/141 543/7/176 547/7/177
f 526/7/139 547/7/177 546/7/175
f 547/7/177 526/7/139 528/7/141
f 543/7/176 525/7/140 541/7/174
f 525/7/140 543/7/176 527/7/138
f 551/8/178 550/8/179 549/8/180
f 550/8/179 551/8/178 552/8/181
f 555/8/182 554/8/183 553/8/184
f 554/8/183 555/8/182 556/8/185
f 559/8/186 558/8/187 557/8/188
f 558/8/187 559/8/186 560/8/189
f 563/8/190 562/8/191 561/8/192
f 562/8/191 563/8/190 564/8/193
f 567/8/194 566/8/195 565/8/196
f 566/8/195 567/8/194 568/8/197
f 571/8/198 570/8/199 569/8/200
f 570/8/199 571/8/198 572/8/201
f 574/8/202 549/8/180 573/8/203
f 549/8/180 574/8/202 551/8/178
f 549/8/180 575/8/204 573/8/203
f 575/8/204 549/8/180 550/8/179
f 550/8/179 576/8/205 575/8/204
f 576/8/205 550/8/179 552/8/181
f 574/8/202 552/8/181 551/8/178
f 552/8/181 574/8/202 576/8/205
f 569/8/200 578/8/206 577/8/207
f 578/8/206 569/8/200 570/8/199
f 570/8/199 573/8/208 578/8/206
f 573/8/208 570/8/199 572/8/201
f 574/8/209 569/8/200 577/8/207
f 569/8/200 574/8/209 571/8/198
f 574/8/209 572/8/201 571/8/198
f 572/8/201 574/8/209 573/8/208
f 580/8/210 565/8/196 579/8/211
f 565/8/196 580/8/210 567/8/194
f 565/8/196 578/8/212 579/8/211
f 578/8/212 565/8/196 566/8/195
f 566/8/195 577/8/213 578/8/212
f 577/8/213 566/8/195 568/8/197
f 580/8/210 568/8/197 567/8/194
f 568/8/197 580/8/210 577/8/213
f 554/8/183 576/8/214 580/8/215
f 576/8/214 554/8/183 556/8/185
f 575/8/216 553/8/184 579/8/217
f 553/8/184 575/8/216 555/8/182
f 579/8/217 554/8/183 580/8/215
f 554/8/183 579/8/217 553/8/184
f 575/8/216 556/8/185 555/8/182
f 556/8/185 575/8/216 576/8/214
f 580/8/218 564/8/193 563/8/190
f 564/8/193 580/8/218 576/8/219
f 561/8/192 574/8/220 577/8/221
f 574/8/220 561/8/192 562/8/191
f 580/8/218 561/8/192 577/8/221
f 561/8/192 580/8/218 563/8/190
f 562/8/191 576/8/219 574/8/220
f 576/8/219 562/8/191 564/8/193
f 573/8/222 558/8/187 578/8/223
f 558/8/187 573/8/222 557/8/188
f 575/8/224 560/8/189 559/8/186
f 560/8/189 575/8/224 579/8/225
f 558/8/187 579/8/225 578/8/223
f 579/8/225 558/8/187 560/8/189
f 575/8/224 557/8/188 573/8/222
f 557/8/188 575/8/224 559/8/186
f 583/7/226 582/7/227 581/7/228
f 582/7/227 583/7/226 584/7/229
f 587/7/230 586/7/231 585/7/232
f 586/7/231 587/7/230 588/7/233
f 591/7/234 590/7/235 589/7/236
f 590/7/235 591/7/234 592/7/237
f 595/7/238 594/7/239 593/7/240
f 594/7/239 595/7/238 596/7/241
f 599/7/242 598/7/243 597/7/244
f 598/7/243 599/7/242 600/7/245
f 603/7/246 602/7/247 601/7/248
f 602/7/247 603/7/246 604/7/249
f 606/7/250 581/7/228 605/7/251
f 581/7/228 606/7/250 583/7/226
f 581/7/228 607/7/252 605/7/251
f 607/7/252 581/7/228 582/7/227
f 582/7/227 608/7/253 607/7/252
f 608/7/253 582/7/227 584/7/229
f 606/7/250 584/7/229 583/7/226
f 584/7/229 606/7/250 608/7/253
f 601/7/248 610/7/254 609/7/255
f 610/7/254 601/7/248 602/7/247
f 602/7/247 605/7/256 610/7/254
f 605/7/256 602/7/247 604/7/249
f 606/7/257 601/7/248 609/7/255
f 601/7/248 606/7/257 603/7/246
f 606/7/257 604/7/249 603/7/246
f 604/7/249 606/7/257 605/7/256
f 612/7/258 597/7/244 611/7/259
f 597/7/244 612/7/258 599/7/242
f 597/7/244 610/7/260 611/7/259
f 610/7/260 597/7/244 598/7/243
f 598/7/243 609/7/261 610/7/260
f 609/7/261 598/7/243 600/7/245
f 612/7/258 600/7/245 599/7/242
f 600/7/245 612/7/258 609/7/261
f 586/7/231 608/7/262 612/7/263
f 608/7/262 586/7/231 588/7/233
f 607/7/264 585/7/232 611/7/265
f 585/7/232 607/7/264 587/7/230
f 611/7/265 586/7/231 612/7/263
f 586/7/231 611/7/265 585/7/232
f 607/7/264 588/7/233 587/7/230
f 588/7/233 607/7/264 608/7/262
f 612/7/266 596/7/241 595/7/238
f 596/7/241 612/7/266 608/7/267
f 593/7/240 606/7/268 609/7/269
f 606/7/268 593/7/240 594/7/239
f 612/7/266 593/7/240 609/7/269
f 593/7/240 612/7/266 595/7/238
f 594/7/239 608/7/267 606/7/268
f 608/7/267 594/7/239 596/7/241
f 605/7/270 590/7/235 610/7/271
f 590/7/235 605/7/270 589/7/236
f 607/7/272 592/7/237 591/7/234
f 592/7/237 607/7/272 611/7/273
f 590/7/235 611/7/273 610/7/271
f 611/7/273 590/7/235 592/7/237
f 607/7/272 589/7/236 605/7/270
f 589/7/236 607/7/272 591/7/234
f 615/4/274 614/4/275 613/4/276
f 614/4/275 615/4/274 616/4/277
f 619/4/278 618/4/279 617/4/280
f 618/4/279 619/4/278 620/4/281
f 623/4/282 622/4/283 621/4/284
f 622/4/283 623/4/282 624/4/285
f 627/4/286 626/4/287 625/4/288
f 626/4/287 627/4/286 628/4/289
f 631/4/290 630/4/291 629/4/292
f 630/4/291 631/4/290 632/4/293
f 635/4/294 634/4/295 633/4/296
f 634/4/295 635/4/294 636/4/297
f 638/4/298 613/4/276 637/4/299
f 613/4/276 638/4/298 615/4/274
f 613/4/276 639/4/300 637/4/299
f 639/4/300 613/4/276 614/4/275
f 614/4/275 640/4/301 639/4/300
f 640/4/301 614/4/275 616/4/277
f 638/4/298 616/4/277 615/4/274
f 616/4/277 638/4/298 640/4/301
f 633/4/296 642/4/302 641/4/303
f 642/4/302 633/4/296 634/4/295
f 634/4/295 637/4/304 642/4/302
f 637/4/304 634/4/295 636/4/297
f 638/4/305 633/4/296 641/4/303
f 633/4/296 638/4/305 635/4/294
f 638/4/305 636/4/297 635/4/294
f 636/4/297 638/4/305 637/4/304
f 644/4/306 629/4/292 643/4/307
f 629/4/292 644/4/306 631/4/290
f 629/4/292 642/4/308 643/4/307
f 642/4/308 629/4/292 630/4/291
f 630/4/291 641/4/309 642/4/308
f 641/4/309 630/4/291 632/4/293
f 644/4/306 632/4/293 631/4/290
f 632/4/293 644/4/306 641/4/309
f 618/4/279 640/4/310 644/4/311
f 640/4/310 618/4/279 620/4/281
f 639/4/312 617/4/280 643/4/313
f 617/4/280 639/4/312 619/4/278
f 643/4/313 618/4/279 644/4/311
f 618/4/279 643/4/313 617/4/280
f 639/4/312 620/4/281 619/4/278
f 620/4/281 639/4/312 640/4/310
f 644/4/314 628/4/289 627/4/286
f 628/4/289 644/4/314 640/4/315
f 625/4/288 638/4/316 641/4/317
f 638/4/316 625/4/288 626/4/287
f 644/4/314 625/4/288 641/4/317
f 625/4/288 644/4/314 627/4/286
f 626/4/287 640/4/315 638/4/316
f 640/4/315 626/4/287 628/4/289
f 637/4/318 622/4/283 642/4/319
f 622/4/283 637/4/318 621/4/284
f 639/4/320 624/4/285 623/4/282
f 624/4/285 639/4/320 643/4/321
f 622/4/283 643/4/321 642/4/319
f 643/4/321 622/4/283 624/4/285
f 639/4/320 621/4/284 637/4/318
f 621/4/284 639/4/320 623/4/282
f 647/8/322 646/8/323 645/8/324
f 646/8/323 647/8/322 648/8/325
f 651/8/326 650/8/327 649/8/328
f 650/8/327 651/8/326 652/8/329
f 655/8/330 654/8/331 653/8/332
f 654/8/331 655/8/330 656/8/333
f 659/8/334 658/8/335 657/8/336
f 658/8/335 659/8/334 660/8/337
f 663/8/338 662/8/339 661/8/340
f 662/8/339 663/8/338 664/8/341
f 667/8/342 666/8/343 665/8/344
f 666/8/343 667/8/342 668/8/345
f 670/8/346 645/8/324 669/8/347
f 645/8/324 670/8/346 647/8/322
f 645/8/324 671/8/348 669/8/347
f 671/8/348 645/8/324 646/8/323
f 646/8/323 672/8/349 671/8/348
f 672/8/349 646/8/323 648/8/325
f 670/8/346 648/8/325 647/8/322
f 648/8/325 670/8/346 672/8/349
f 665/8/344 674/8/350 673/8/351
f 674/8/350 665/8/344 666/8/343
f 666/8/343 669/8/352 674/8/350
f 669/8/352 666/8/343 668/8/345
f 670/8/353 665/8/344 673/8/351
f 665/8/344 670/8/353 667/8/342
f 670/8/353 668/8/345 667/8/342
f 668/8/345 670/8/353 669/8/352
f 676/8/354 661/8/340 675/8/355
f 661/8/340 676/8/354 663/8/338
f 661/8/340 674/8/356 675/8/355
f 674/8/356 661/8/340 662/8/339
f 662/8/339 673/8/357 674/8/356
f 673/8/357 662/8/339 664/8/341
f 676/8/354 664/8/341 663/8/338
f 664/8/341 676/8/354 673/8/357
f 650/8/327 672/8/358 676/8/359
f 672/8/358 650/8/327 652/8/329
f 671/8/360 649/8/328 675/8/361
f 649/8/328 671/8/360 651/8/326
f 675/8/361 650/8/327 676/8/359
f 650/8/327 675/8/361 649/8/328
f 671/8/360 652/8/329 651/8/326
f 652/8/329 671/8/360 672/8/358
f 676/8/362 660/8/337 659/8/334
f 660/8/337 676/8/362 672/8/363
f 657/8/336 670/8/364 673/8/365
f 670/8/364 657/8/336 658/8/335
f 676/8/362 657/8/336 673/8/365
f 657/8/336 676/8/362 659/8/334
f 658/8/335 672/8/363 670/8/364
f 672/8/363 658/8/335 660/8/337
f 669/8/366 654/8/331 674/8/367
f 654/8/331 669/8/366 653/8/332
f 671/8/368 656/8/333 655/8/330
f 656/8/333 671/8/368 675/8/369
f 654/8/331 675/8/369 674/8/367
f 675/8/369 654/8/331 656/8/333
f 671/8/368 653/8/332 669/8/366
f 653/8/332 671/8/368 655/8/330
f 679/7/370 678/7/371 677/7/372
f 678/7/371 679/7/370 680/7/373
f 683/7/374 682/7/375 681/7/376
f 682/7/375 683/7/374 684/7/377
f 687/7/378 686/7/379 685/7/380
f 686/7/379 687/7/378 688/7/381
f 691/7/382 690/7/383 689/7/384
f 690/7/383 691/7/382 692/7/385
f 695/7/386 694/7/387 693/7/388
f 694/7/387 695/7/386 696/7/389
f 699/7/390 698/7/391 697/7/392
f 698/7/391 699/7/390 700/7/393
f 702/7/394 677/7/372 701/7/395
f 677/7/372 702/7/394 679/7/370
f 677/7/372 703/7/396 701/7/395
f 703/7/396 677/7/372 678/7/371
f 678/7/371 704/7/397 703/7/396
f 704/7/397 678/7/371 680/7/373
f 702/7/394 680/7/373 679/7/370
f 680/7/373 702/7/394 704/7/397
f 697/7/392 706/7/398 705/7/399
f 706/7/398 697/7/392 698/7/391
f 698/7/391 701/7/400 706/7/398
f 701/7/400 698/7/391 700/7/393
f 702/7/401 697/7/392 705/7/399
f 697/7/392 702/7/401 699/7/390
f 702/7/401 700/7/393 699/7/390
f 700/7/393 702/7/401 701/7/400
f 708/7/402 693/7/388 707/7/403
f 693/7/388 708/7/402 695/7/386
f 693/7/388 706/7/404 707/7/403
f 706/7/404 693/7/388 694/7/387
f 694/7/387 705/7/405 706/7/404
f 705/7/405 694/7/387 696/7/389
f 708/7/402 696/7/389 695/7/386
f 696/7/389 708/7/402 705/7/405
f 682/7/375 704/7/406 708/7/407
f 704/7/406 682/7/375 684/7/377
f 703/7/408 681/7/376 707/7/409
f 681/7/376 703/7/408 683/7/374
f 707/7/409 682/7/375 708/7/407
f 682/7/375 707/7/409 681/7/376
f 703/7/408 684/7/377 683/7/374
f 684/7/377 703/7/408 704/7/406
f 708/7/410 692/7/385 691/7/382
f 692/7/385 708/7/410 704/7/411
f 689/7/384 702/7/412 705/7/413
f 702/7/412 689/7/384 690/7/383
f 708/7/410 689/7/384 705/7/413
f 689/7/384 708/7/410 691/7/382
f 690/7/383 704/7/411 702/7/412
f 704/7/411 690/7/383 692/7/385
f 701/7/414 686/7/379 706/7/415
f 686/7/379 701/7/414 685/7/380
f 703/7/416 688/7/381 687/7/378
f 688/7/381 703/7/416 707/7/417
f 686/7/379 707/7/417 706/7/415
f 707/7/417 686/7/379 688/7/381
f 703/7/416 685/7/380 701/7/414
f 685/7/380 703/7/416 687/7/378
f 711/9/8 710/9/8 709/9/8
f 710/9/8 712/9/8 709/9/8
f 712/9/8 710/9/8 713/9/8
f 713/9/8 710/9/8 714/9/8
f 713/9/8 714/9/8 715/9/8
f 713/9/8 715/9/8 716/9/8
f 712/9/7 717/9/7 709/9/7
f 717/9/7 712/9/7 718/9/7
f 712/9/12 719/9/12 718/9/12
f 719/9/12 712/9/12 713/9/12
f 720/9/23 709/9/23 717/9/23
f 709/9/23 720/9/23 715/2/23
f 715/2/23 720/9/23 716/9/23
s 0
f 711/9/19 709/9/418 715/9/419
s 1
f 719/9/19 716/9/19 720/9/19
f 716/9/19 719/9/19 713/9/19
f 719/9/32 717/9/32 718/9/32
f 717/9/32 719/9/32 720/9/32
f 723/2/8 722/2/8 721/2/8
f 726/2/8 725/2/8 724/2/8
f 729/2/7 728/2/7 727/2/7
f 728/2/7 729/2/7 724/2/7
f 730/2/420 724/2/420 729/2/420
f 724/2/420 730/2/420 726/2/420
f 722/2/421 731/2/421 721/2/421
f 731/2/421 722/2/421 732/2/421
f 715/2/19 734/2/19 733/2/19
f 734/2/19 715/2/19 714/2/19
f 730/2/12 722/2/12 726/2/12
f 722/2/12 730/2/12 732/2/12
f 727/2/8 730/2/8 729/2/8
f 730/2/8 727/2/8 735/2/8
f 730/2/8 735/2/8 732/2/8
f 732/2/8 735/2/8 731/2/8
f 721/2/19 735/2/19 736/2/19
f 735/2/19 721/2/19 731/2/19
f 737/2/12 714/2/12 710/2/12
f 714/2/12 737/2/12 734/2/12
f 734/2/12 737/2/12 725/2/12
f 734/2/12 725/2/12 723/2/12
s 0
f 723/2/12 725/2/12 726/2/12
f 723/2/12 726/2/12 722/2/12
s 1
f 734/2/422 736/2/422 733/2/422
f 736/2/422 734/2/422 721/2/422
f 721/2/422 734/2/422 723/2/422
f 724/2/423 738/2/423 728/2/423
f 738/2/423 724/2/423 737/2/423
f 737/2/423 724/2/423 725/2/423
f 733/2/23 711/2/23 715/2/23
f 711/2/23 733/2/23 738/2/23
f 738/2/23 733/2/23 736/2/23
f 738/2/23 736/2/23 728/2/23
f 728/2/23 736/2/23 735/2/23
f 728/2/23 735/2/23 727/2/23
f 737/2/7 711/2/7 738/2/7
f 711/2/7 737/2/7 710/2/7
f 741/9/8 740/9/8 739/9/8
f 740/9/8 742/9/8 739/9/8
f 742/9/8 740/9/8 743/9/8
f 743/9/8 740/9/8 744/9/8
f 743/9/8 744/9/8 745/9/8
f 743/9/8 745/9/8 746/9/8
f 742/9/7 747/9/7 739/9/7
f 747/9/7 742/9/7 748/9/7
f 742/9/12 749/9/12 748/9/12
f 749/9/12 742/9/12 743/9/12
f 750/9/23 739/9/23 747/9/23
f 739/9/23 750/9/23 745/2/23
f 745/2/23 750/9/23 746/9/23
s 0
f 741/9/19 739/9/418 745/9/419
s 1
f 749/9/19 746/9/19 750/9/19
f 746/9/19 749/9/19 743/9/19
f 749/9/32 747/9/32 748/9/32
f 747/9/32 749/9/32 750/9/32
f 753/2/8 752/2/8 751/2/8
f 756/2/8 755/2/8 754/2/8
f 759/2/7 758/2/7 757/2/7
f 758/2/7 759/2/7 754/2/7
f 760/2/420 754/2/420 759/2/420
f 754/2/420 760/2/420 756/2/420
f 752/2/421 761/2/421 751/2/421
f 761/2/421 752/2/421 762/2/421
f 745/2/19 764/2/19 763/2/19
f 764/2/19 745/2/19 744/2/19
f 760/2/12 752/2/12 756/2/12
f 752/2/12 760/2/12 762/2/12
f 757/2/8 760/2/8 759/2/8
f 760/2/8 757/2/8 765/2/8
f 760/2/8 765/2/8 762/2/8
f 762/2/8 765/2/8 761/2/8
f 751/2/19 765/2/19 766/2/19
f 765/2/19 751/2/19 761/2/19
f 767/2/12 744/2/12 740/2/12
f 744/2/12 767/2/12 764/2/12
f 764/2/12 767/2/12 755/2/12
f 764/2/12 755/2/12 753/2/12
s 0
f 753/2/12 755/2/12 756/2/12
f 753/2/12 756/2/12 752/2/12
s 1
f 764/2/422 766/2/422 763/2/422
f 766/2/422 764/2/422 751/2/422
f 751/2/422 764/2/422 753/2/422
f 754/2/423 768/2/423 758/2/423
f 768/2/423 754/2/423 767/2/423
f 767/2/423 754/2/423 755/2/423
f 763/2/23 741/2/23 745/2/23
f 741/2/23 763/2/23 768/2/23
f 768/2/23 763/2/23 766/2/23
f 768/2/23 766/2/23 758/2/23
f 758/2/23 766/2/23 765/2/23
f 758/2/23 765/2/23 757/2/23
f 767/2/7 741/2/7 768/2/7
f 741/2/7 767/2/7 740/2/7
f 771/9/8 770/9/8 769/9/8
f 770/9/8 772/9/8 769/9/8
f 772/9/8 770/9/8 773/9/8
f 773/9/8 770/9/8 774/9/8
f 773/9/8 774/9/8 775/9/8
f 773/9/8 775/9/8 776/9/8
f 772/9/7 777/9/7 769/9/7
f 777/9/7 772/9/7 778/9/7
f 772/9/12 779/9/12 778/9/12
f 779/9/12 772/9/12 773/9/12
f 780/9/23 769/9/23 777/9/23
f 769/9/23 780/9/23 775/2/23
f 775/2/23 780/9/23 776/9/23
s 0
f 771/9/19 769/9/418 775/9/419
s 1
f 779/9/19 776/9/19 780/9/19
f 776/9/19 779/9/19 773/9/19
f 779/9/32 777/9/32 778/9/32
f 777/9/32 779/9/32 780/9/32
f 783/2/8 782/2/8 781/2/8
f 786/2/8 785/2/8 784/2/8
f 789/2/7 788/2/7 787/2/7
f 788/2/7 789/2/7 784/2/7
f 790/2/420 784/2/420 789/2/420
f 784/2/420 790/2/420 786/2/420
f 782/2/421 791/2/421 781/2/421
f 791/2/421 782/2/421 792/2/421
f 775/2/19 794/2/19 793/2/19
f 794/2/19 775/2/19 774/2/19
f 790/2/12 782/2/12 786/2/12
f 782/2/12 790/2/12 792/2/12
f 787/2/8 790/2/8 789/2/8
f 790/2/8 787/2/8 795/2/8
f 790/2/8 795/2/8 792/2/8
f 792/2/8 795/2/8 791/2/8
f 781/2/19 795/2/19 796/2/19
f 795/2/19 781/2/19 791/2/19
f 797/2/12 774/2/12 770/2/12
f 774/2/12 797/2/12 794/2/12
f 794/2/12 797/2/12 785/2/12
f 794/2/12 785/2/12 783/2/12
s 0
f 783/2/12 785/2/12 786/2/12
f 783/2/12 786/2/12 782/2/12
s 1
f 794/2/422 796/2/422 793/2/422
f 796/2/422 794/2/422 781/2/422
f 781/2/422 794/2/422 783/2/422
f 784/2/423 798/2/423 788/2/423
f 798/2/423 784/2/423 797/2/423
f 797/2/423 784/2/423 785/2/423
f 793/2/23 771/2/23 775/2/23
f 771/2/23 793/2/23 798/2/23
f 798/2/23 793/2/23 796/2/23
f 798/2/23 796/2/23 788/2/23
f 788/2/23 796/2/23 795/2/23
f 788/2/23 795/2/23 787/2/23
f 797/2/7 771/2/7 798/2/7
f 771/2/7 797/2/7 770/2/7
f 801/9/8 800/9/8 799/9/8
f 800/9/8 802/9/8 799/9/8
f 802/9/8 800/9/8 803/9/8
f 803/9/8 800/9/8 804/9/8
f 803/9/8 804/9/8 805/9/8
f 803/9/8 805/9/8 806/9/8
f 802/9/7 807/9/7 799/9/7
f 807/9/7 802/9/7 808/9/7
f 802/9/12 809/9/12 808/9/12
f 809/9/12 802/9/12 803/9/12
f 810/9/23 799/9/23 807/9/23
f 799/9/23 810/9/23 805/2/23
f 805/2/23 810/9/23 806/9/23
s 0
f 801/9/19 799/9/418 805/9/419
s 1
f 809/9/19 806/9/19 810/9/19
f 806/9/19 809/9/19 803/9/19
f 809/9/32 807/9/32 808/9/32
f 807/9/32 809/9/32 810/9/32
f 813/2/8 812/2/8 811/2/8
f 816/2/8 815/2/8 814/2/8
f 819/2/7 818/2/7 817/2/7
f 818/2/7 819/2/7 814/2/7
f 820/2/420 814/2/420 819/2/420
f 814/2/420 820/2/420 816/2/420
f 812/2/421 821/2/421 811/2/421
f 821/2/421 812/2/421 822/2/421
f 805/2/19 824/2/19 823/2/19
f 824/2/19 805/2/19 804/2/19
f 820/2/12 812/2/12 816/2/12
f 812/2/12 820/2/12 822/2/12
f 817/2/8 820/2/8 819/2/8
f 820/2/8 817/2/8 825/2/8
f 820/2/8 825/2/8 822/2/8
f 822/2/8 825/2/8 821/2/8
f 811/2/19 825/2/19 826/2/19
f 825/2/19 811/2/19 821/2/19
f 827/2/12 804/2/12 800/2/12
f 804/2/12 827/2/12 824/2/12
f 824/2/12 827/2/12 815/2/12
f 824/2/12 815/2/12 813/2/12
s 0
f 813/2/12 815/2/12 816/2/12
f 813/2/12 816/2/12 812/2/12
s 1
f 824/2/422 826/2/422 823/2/422
f 826/2/422 824/2/422 811/2/422
f 811/2/422 824/2/422 813/2/422
f 814/2/423 828/2/423 818/2/423
f 828/2/423 814/2/423 827/2/423
f 827/2/423 814/2/423 815/2/423
f 823/2/23 801/2/23 805/2/23
f 801/2/23 823/2/23 828/2/23
f 828/2/23 823/2/23 826/2/23
f 828/2/23 826/2/23 818/2/23
f 818/2/23 826/2/23 825/2/23
f 818/2/23 825/2/23 817/2/23
f 827/2/7 801/2/7 828/2/7
f 801/2/7 827/2/7 800/2/7
f 831/10/32 830/10/32 829/10/32
f 830/10/32 831/10/32 832/10/32
f 835/10/8 834/10/8 833/10/8
f 834/10/8 835/10/8 836/10/8
f 834/10/7 831/10/7 829/10/7
f 831/10/7 834/10/7 836/10/7
f 831/10/12 835/10/12 832/10/12
f 835/10/12 831/10/12 836/10/12
f 835/10/19 830/10/19 832/10/19
f 830/10/19 835/10/19 833/10/19
f 834/10/23 830/10/23 833/10/23
f 830/10/23 834/10/23 829/10/23
f 839/10/32 838/10/32 837/10/32
f 838/10/32 839/10/32 840/10/32
f 843/10/8 842/10/8 841/10/8
f 842/10/8 843/10/8 844/10/8
f 842/10/7 839/10/7 837/10/7
f 839/10/7 842/10/7 844/10/7
f 839/10/12 843/10/12 840/10/12
f 843/10/12 839/10/12 844/10/12
f 843/10/19 838/10/19 840/10/19
f 838/10/19 843/10/19 841/10/19
f 842/10/23 838/10/23 841/10/23
f 838/10/23 842/10/23 837/10/23
f 847/10/8 846/10/8 845/10/8
f 846/10/8 847/10/8 848/10/8
f 845/10/12 850/10/12 849/10/12
f 850/10/12 845/10/12 846/10/12
f 852/10/23 847/10/23 851/10/23
f 847/10/23 852/10/23 848/10/23
f 850/10/32 851/10/32 849/10/32
f 851/10/32 850/10/32 852/10/32
f 855/4/424 854/4/275 853/4/276
f 854/4/275 855/4/424 856/4/277
f 859/4/278 858/4/279 857/4/280
f 858/4/279 859/4/278 860/4/281
f 863/4/282 862/4/283 861/4/284
f 862/4/283 863/4/282 864/4/285
f 867/4/286 866/4/287 865/4/288
f 866/4/287 867/4/286 868/4/289
f 871/4/425 870/4/291 869/4/426
f 870/4/291 871/4/425 872/4/293
f 875/4/294 874/4/295 873/4/296
f 874/4/295 875/4/294 876/4/297
f 878/4/298 853/4/276 877/4/299
f 853/4/276 878/4/298 855/4/424
f 853/4/276 879/4/300 877/4/299
f 879/4/300 853/4/276 854/4/275
f 854/4/275 880/4/301 879/4/300
f 880/4/301 854/4/275 856/4/277
f 878/4/298 856/4/277 855/4/424
f 856/4/277 878/4/298 880/4/301
f 873/4/296 882/4/302 881/4/303
f 882/4/302 873/4/296 874/4/295
f 874/4/295 877/4/304 882/4/302
f 877/4/304 874/4/295 876/4/297
f 878/4/305 873/4/296 881/4/303
f 873/4/296 878/4/305 875/4/294
f 878/4/305 876/4/297 875/4/294
f 876/4/297 878/4/305 877/4/304
f 884/4/306 869/4/426 883/4/307
f 869/4/426 884/4/306 871/4/425
f 869/4/426 882/4/427 883/4/307
f 882/4/427 869/4/426 870/4/291
f 870/4/291 881/4/428 882/4/427
f 881/4/428 870/4/291 872/4/293
f 884/4/306 872/4/293 871/4/425
f 872/4/293 884/4/306 881/4/428
f 858/4/279 880/4/310 884/4/429
f 880/4/310 858/4/279 860/4/281
f 879/4/312 857/4/280 883/4/313
f 857/4/280 879/4/312 859/4/278
f 883/4/313 858/4/279 884/4/429
f 858/4/279 883/4/313 857/4/280
f 879/4/312 860/4/281 859/4/278
f 860/4/281 879/4/312 880/4/310
f 884/4/314 868/4/289 867/4/286
f 868/4/289 884/4/314 880/4/315
f 865/4/288 878/4/316 881/4/317
f 878/4/316 865/4/288 866/4/287
f 884/4/314 865/4/288 881/4/317
f 865/4/288 884/4/314 867/4/286
f 866/4/287 880/4/315 878/4/316
f 880/4/315 866/4/287 868/4/289
f 877/4/318 862/4/283 882/4/319
f 862/4/283 877/4/318 861/4/284
f 879/4/320 864/4/285 863/4/282
f 864/4/285 879/4/320 883/4/321
f 862/4/283 883/4/321 882/4/319
f 883/4/321 862/4/283 864/4/285
f 879/4/320 861/4/284 877/4/318
f 861/4/284 879/4/320 863/4/282
f 887/7/430 886/7/431 885/7/432
f 886/7/431 887/7/430 888/7/433
f 891/7/434 890/7/435 889/7/436
f 890/7/435 891/7/434 892/7/437
f 895/7/438 894/7/439 893/7/440
f 894/7/439 895/7/438 896/7/441
f 899/7/442 898/7/443 897/7/444
f 898/7/443 899/7/442 900/7/445
f 903/7/446 902/7/447 901/7/448
f 902/7/447 903/7/446 904/7/449
f 907/7/450 906/7/451 905/7/452
f 906/7/451 907/7/450 908/7/453
f 910/7/454 885/7/432 909/7/455
f 885/7/432 910/7/454 887/7/430
f 885/7/432 911/7/456 909/7/455
f 911/7/456 885/7/432 886/7/431
f 886/7/431 912/7/457 911/7/456
f 912/7/457 886/7/431 888/7/433
f 910/7/454 888/7/433 887/7/430
f 888/7/433 910/7/454 912/7/457
f 905/7/452 914/7/458 913/7/459
f 914/7/458 905/7/452 906/7/451
f 906/7/451 909/7/460 914/7/458
f 909/7/460 906/7/451 908/7/453
f 910/7/461 905/7/452 913/7/459
f 905/7/452 910/7/461 907/7/450
f 910/7/461 908/7/453 907/7/450
f 908/7/453 910/7/461 909/7/460
f 916/7/462 901/7/448 915/7/463
f 901/7/448 916/7/462 903/7/446
f 901/7/448 914/7/464 915/7/463
f 914/7/464 901/7/448 902/7/447
f 902/7/447 913/7/465 914/7/464
f 913/7/465 902/7/447 904/7/449
f 916/7/462 904/7/449 903/7/446
f 904/7/449 916/7/462 913/7/465
f 890/7/435 912/7/466 916/7/467
f 912/7/466 890/7/435 892/7/437
f 911/7/468 889/7/436 915/7/469
f 889/7/436 911/7/468 891/7/434
f 915/7/469 890/7/435 916/7/467
f 890/7/435 915/7/469 889/7/436
f 911/7/468 892/7/437 891/7/434
f 892/7/437 911/7/468 912/7/466
f 916/7/470 900/7/445 899/7/442
f 900/7/445 916/7/470 912/7/471
f 897/7/444 910/7/472 913/7/473
f 910/7/472 897/7/444 898/7/443
f 916/7/470 897/7/444 913/7/473
f 897/7/444 916/7/470 899/7/442
f 898/7/443 912/7/471 910/7/472
f 912/7/471 898/7/443 900/7/445
f 909/7/474 894/7/439 914/7/475
f 894/7/439 909/7/474 893/7/440
f 911/7/476 896/7/441 895/7/438
f 896/7/441 911/7/476 915/7/477
f 894/7/439 915/7/477 914/7/475
f 915/7/477 894/7/439 896/7/441
f 911/7/476 893/7/440 909/7/474
f 893/7/440 911/7/476 895/7/438
f 919/11/23 918/11/23 917/11/23
f 918/11/23 919/11/23 920/11/23
f 86/11/12 921/11/12 84/11/12
f 921/11/12 86/11/12 922/11/12
f 919/11/8 86/11/8 920/11/8
f 86/11/8 919/11/8 922/11/8
f 86/11/7 918/11/7 920/11/7
f 918/11/7 86/11/7 84/11/7
f 921/11/19 919/11/19 917/11/19
f 919/11/19 921/11/19 922/11/19
f 921/10/32 918/10/32 84/10/32
f 918/10/32 921/10/32 917/10/32
f 924/5/12 83/5/12 923/5/12
f 83/5/12 924/5/12 85/5/12
f 928/5/7 925/5/7 926/5/7
f 925/5/7 928/5/7 927/5/7
f 930/5/12 923/5/12 929/5/12
f 923/5/12 930/5/12 924/5/12
f 930/5/7 927/5/7 928/5/7
f 927/5/7 930/5/7 929/5/7
f 1082/4/8 1083/4/8 1081/4/8
f 926/5/7 931/5/7 932/5/7
f 931/5/7 926/5/7 925/5/7
f 935/7/23 934/7/23 933/7/23
f 934/7/23 935/7/23 936/7/23
f 939/7/12 938/7/12 937/7/12
f 938/7/12 939/7/12 940/7/12
f 935/7/8 939/7/8 936/7/8
f 939/7/8 935/7/8 940/7/8
f 939/7/7 934/7/7 936/7/7
f 934/7/7 939/7/7 937/7/7
f 938/7/19 935/7/19 933/7/19
f 935/7/19 938/7/19 940/7/19
f 938/10/32 934/10/32 937/10/32
f 934/10/32 938/10/32 933/10/32
f 943/6/32 942/6/32 941/6/32
f 942/6/32 943/6/32 944/6/32
f 947/6/8 946/6/8 945/6/8
f 946/6/8 947/6/8 948/6/8
f 946/6/19 943/6/19 941/6/19
f 943/6/19 946/6/19 948/6/19
f 943/6/23 947/6/23 944/6/23
f 947/6/23 943/6/23 948/6/23
f 947/6/7 942/6/7 944/6/7
f 942/6/7 947/6/7 945/6/7
f 946/6/12 942/6/12 945/6/12
f 942/6/12 946/6/12 941/6/12
f 951/6/32 950/6/32 949/6/32
f 950/6/32 951/6/32 952/6/32
f 955/6/8 954/6/8 953/6/8
f 954/6/8 955/6/8 956/6/8
f 954/6/19 951/6/19 949/6/19
f 951/6/19 954/6/19 956/6/19
f 951/6/23 955/6/23 952/6/23
f 955/6/23 951/6/23 956/6/23
f 955/6/7 950/6/7 952/6/7
f 950/6/7 955/6/7 953/6/7
f 954/6/12 950/6/12 953/6/12
f 950/6/12 954/6/12 949/6/12
f 959/6/8 958/6/8 957/6/8
f 958/6/8 959/6/8 960/6/8
f 957/6/23 962/6/23 961/6/23
f 962/6/23 957/6/23 958/6/23
f 964/6/12 959/6/12 963/6/12
f 959/6/12 964/6/12 960/6/12
f 962/6/32 963/6/32 961/6/32
f 963/6/32 962/6/32 964/6/32
f 967/6/12 966/6/12 965/6/12
f 966/6/12 967/6/12 968/6/12
f 967/6/81 969/6/81 968/6/81
f 969/6/81 967/6/81 970/6/81
f 972/6/82 966/6/82 971/6/82
f 966/6/82 972/6/82 965/6/82
f 972/6/84 967/6/84 965/6/84
f 967/6/84 972/6/84 970/6/84
f 969/6/85 966/6/85 968/6/85
f 966/6/85 969/6/85 971/6/85
f 969/6/23 972/6/23 971/6/23
f 972/6/23 969/6/23 970/6/23
f 975/6/12 974/6/12 973/6/12
f 974/6/12 975/6/12 976/6/12
f 975/6/86 977/6/86 976/6/86
f 977/6/86 975/6/86 978/6/86
f 980/6/87 974/6/87 979/6/87
f 974/6/87 980/6/87 973/6/87
f 980/6/88 975/6/88 973/6/88
f 975/6/88 980/6/88 978/6/88
f 977/6/89 974/6/89 976/6/89
f 974/6/89 977/6/89 979/6/89
f 977/6/23 980/6/23 979/6/23
f 980/6/23 977/6/23 978/6/23
f 983/6/12 982/6/12 981/6/12
f 982/6/12 983/6/12 984/6/12
f 983/6/90 985/6/90 984/6/90
f 985/6/90 983/6/90 986/6/90
f 988/6/91 982/6/91 987/6/91
f 982/6/91 988/6/91 981/6/91
f 988/6/92 983/6/92 981/6/92
f 983/6/92 988/6/92 986/6/92
f 985/6/93 982/6/93 984/6/93
f 982/6/93 985/6/93 987/6/93
f 985/6/23 988/6/23 987/6/23
f 988/6/23 985/6/23 986/6/23
f 991/6/8 990/6/8 989/6/8
f 990/6/8 991/6/8 992/6/8
f 989/6/23 994/6/23 993/6/23
f 994/6/23 989/6/23 990/6/23
f 996/6/12 991/6/12 995/6/12
f 991/6/12 996/6/12 992/6/12
f 994/6/32 995/6/32 993/6/32
f 995/6/32 994/6/32 996/6/32
f 999/6/12 998/6/12 997/6/12
f 998/6/12 999/6/12 1000/6/12
f 999/6/94 1001/6/94 1000/6/94
f 1001/6/94 999/6/94 1002/6/94
f 1004/6/95 998/6/95 1003/6/95
f 998/6/95 1004/6/95 997/6/95
f 1004/6/96 999/6/96 997/6/96
f 999/6/96 1004/6/96 1002/6/96
f 1001/6/97 998/6/97 1000/6/97
f 998/6/97 1001/6/97 1003/6/97
f 1001/6/23 1004/6/23 1003/6/23
f 1004/6/23 1001/6/23 1002/6/23
f 1007/6/12 1006/6/12 1005/6/12
f 1006/6/12 1007/6/12 1008/6/12
f 1007/6/19 1009/6/19 1008/6/19
f 1009/6/19 1007/6/19 1010/6/19
f 1012/6/7 1006/6/7 1011/6/7
f 1006/6/7 1012/6/7 1005/6/7
f 1012/6/8 1007/6/8 1005/6/8
f 1007/6/8 1012/6/8 1010/6/8
f 1009/6/32 1006/6/32 1008/6/32
f 1006/6/32 1009/6/32 1011/6/32
f 1009/6/23 1012/6/23 1011/6/23
f 1012/6/23 1009/6/23 1010/6/23
f 932/11/23 937/11/23 931/11/23
f 937/11/23 932/11/23 939/11/23
f 1014/11/12 929/11/12 1013/11/12
f 929/11/12 1014/11/12 930/11/12
f 932/11/8 1014/11/8 939/11/8
f 1014/11/8 932/11/8 930/11/8
f 1014/11/7 937/11/7 939/11/7
f 937/11/7 1014/11/7 1013/11/7
f 929/11/19 932/11/19 931/11/19
f 932/11/19 929/11/19 930/11/19
f 929/10/32 937/10/32 1013/10/32
f 937/10/32 929/10/32 931/10/32
f 1017/4/424 1016/4/275 1015/4/276
f 1016/4/275 1017/4/424 1018/4/277
f 1021/4/278 1020/4/279 1019/4/280
f 1020/4/279 1021/4/278 1022/4/281
f 1025/4/282 1024/4/283 1023/4/284
f 1024/4/283 1025/4/282 1026/4/285
f 1029/4/286 1028/4/287 1027/4/288
f 1028/4/287 1029/4/286 1030/4/289
f 1033/4/425 1032/4/291 1031/4/426
f 1032/4/291 1033/4/425 1034/4/293
f 1037/4/294 1036/4/478 1035/4/479
f 1036/4/478 1037/4/294 1038/4/297
f 1040/4/298 1015/4/276 1039/4/299
f 1015/4/276 1040/4/298 1017/4/424
f 1015/4/276 1041/4/300 1039/4/299
f 1041/4/300 1015/4/276 1016/4/275
f 1016/4/275 1042/4/301 1041/4/300
f 1042/4/301 1016/4/275 1018/4/277
f 1040/4/298 1018/4/277 1017/4/424
f 1018/4/277 1040/4/298 1042/4/301
f 1035/4/479 1044/4/480 1043/4/481
f 1044/4/480 1035/4/479 1036/4/478
f 1036/4/478 1039/4/304 1044/4/480
f 1039/4/304 1036/4/478 1038/4/297
f 1040/4/482 1035/4/479 1043/4/481
f 1035/4/479 1040/4/482 1037/4/294
f 1040/4/482 1038/4/297 1037/4/294
f 1038/4/297 1040/4/482 1039/4/304
f 1046/4/306 1031/4/426 1045/4/307
f 1031/4/426 1046/4/306 1033/4/425
f 1031/4/426 1044/4/427 1045/4/307
f 1044/4/427 1031/4/426 1032/4/291
f 1032/4/291 1043/4/428 1044/4/427
f 1043/4/428 1032/4/291 1034/4/293
f 1046/4/306 1034/4/293 1033/4/425
f 1034/4/293 1046/4/306 1043/4/428
f 1020/4/279 1042/4/310 1046/4/429
f 1042/4/310 1020/4/279 1022/4/281
f 1041/4/312 1019/4/280 1045/4/313
f 1019/4/280 1041/4/312 1021/4/278
f 1045/4/313 1020/4/279 1046/4/429
f 1020/4/279 1045/4/313 1019/4/280
f 1041/4/312 1022/4/281 1021/4/278
f 1022/4/281 1041/4/312 1042/4/310
f 1046/4/314 1030/4/289 1029/4/286
f 1030/4/289 1046/4/314 1042/4/315
f 1027/4/288 1040/4/316 1043/4/317
f 1040/4/316 1027/4/288 1028/4/287
f 1046/4/314 1027/4/288 1043/4/317
f 1027/4/288 1046/4/314 1029/4/286
f 1028/4/287 1042/4/315 1040/4/316
f 1042/4/315 1028/4/287 1030/4/289
f 1039/4/318 1024/4/283 1044/4/319
f 1024/4/283 1039/4/318 1023/4/284
f 1041/4/320 1026/4/285 1025/4/282
f 1026/4/285 1041/4/320 1045/4/321
f 1024/4/283 1045/4/321 1044/4/319
f 1045/4/321 1024/4/283 1026/4/285
f 1041/4/320 1023/4/284 1039/4/318
f 1023/4/284 1041/4/320 1025/4/282
f 1049/7/483 1048/7/34 1047/7/484
f 1048/7/34 1049/7/483 1050/7/36
f 1053/7/37 1052/7/38 1051/7/39
f 1052/7/38 1053/7/37 1054/7/40
f 1057/7/41 1056/7/42 1055/7/43
f 1056/7/42 1057/7/41 1058/7/44
f 1061/7/45 1060/7/46 1059/7/47
f 1060/7/46 1061/7/45 1062/7/48
f 1065/7/485 1064/7/50 1063/7/486
f 1064/7/50 1065/7/485 1066/7/52
f 1069/7/53 1068/7/54 1067/7/55
f 1068/7/54 1069/7/53 1070/7/56
f 1072/7/57 1047/7/484 1071/7/58
f 1047/7/484 1072/7/57 1049/7/483
f 1047/7/484 1073/7/59 1071/7/58
f 1073/7/59 1047/7/484 1048/7/34
f 1048/7/34 1074/7/60 1073/7/59
f 1074/7/60 1048/7/34 1050/7/36
f 1072/7/57 1050/7/36 1049/7/483
f 1050/7/36 1072/7/57 1074/7/60
f 1067/7/55 1076/7/61 1075/7/62
f 1076/7/61 1067/7/55 1068/7/54
f 1068/7/54 1071/7/63 1076/7/61
f 1071/7/63 1068/7/54 1070/7/56
f 1072/7/64 1067/7/55 1075/7/62
f 1067/7/55 1072/7/64 1069/7/53
f 1072/7/64 1070/7/56 1069/7/53
f 1070/7/56 1072/7/64 1071/7/63
f 1078/7/65 1063/7/486 1077/7/66
f 1063/7/486 1078/7/65 1065/7/485
f 1063/7/486 1076/7/67 1077/7/66
f 1076/7/67 1063/7/486 1064/7/50
f 1064/7/50 1075/7/68 1076/7/67
f 1075/7/68 1064/7/50 1066/7/52
f 1078/7/65 1066/7/52 1065/7/485
f 1066/7/52 1078/7/65 1075/7/68
f 1052/7/38 1074/7/69 1078/7/70
f 1074/7/69 1052/7/38 1054/7/40
f 1073/7/71 1051/7/39 1077/7/72
f 1051/7/39 1073/7/71 1053/7/37
f 1077/7/72 1052/7/38 1078/7/70
f 1052/7/38 1077/7/72 1051/7/39
f 1073/7/71 1054/7/40 1053/7/37
f 1054/7/40 1073/7/71 1074/7/69
f 1078/7/73 1062/7/48 1061/7/45
f 1062/7/48 1078/7/73 1074/7/74
f 1059/7/47 1072/7/75 1075/7/76
f 1072/7/75 1059/7/47 1060/7/46
f 1078/7/73 1059/7/47 1075/7/76
f 1059/7/47 1078/7/73 1061/7/45
f 1060/7/46 1074/7/74 1072/7/75
f 1074/7/74 1060/7/46 1062/7/48
f 1071/7/77 1056/7/42 1076/7/78
f 1056/7/42 1071/7/77 1055/7/43
f 1073/7/79 1058/7/44 1057/7/41
f 1058/7/44 1073/7/79 1077/7/80
f 1056/7/42 1077/7/80 1076/7/78
f 1077/7/80 1056/7/42 1058/7/44
f 1073/7/79 1055/7/43 1071/7/77
f 1055/7/43 1073/7/79 1057/7/41
f 936/7/23 1085/7/23 934/7/23
f 1085/7/23 936/7/23 1086/7/23
f 1089/7/12 1088/7/12 1087/7/12
f 1088/7/12 1089/7/12 1090/7/12
f 936/7/8 1089/7/8 1086/7/8
f 1089/7/8 936/7/8 1090/7/8
f 1089/7/7 1085/7/7 1086/7/7
f 1085/7/7 1089/7/7 1087/7/7
f 1088/7/19 936/7/19 934/7/19
f 936/7/19 1088/7/19 1090/7/19
f 1088/10/32 1085/10/32 1087/10/32
f 1085/10/32 1088/10/32 934/10/32
f 87/5/19 920/5/19 918/5/19
f 920/5/19 87/5/19 88/5/19
f 1093/1/1 1092/1/2 1091/1/2
f 1092/1/2 1093/1/1 1094/1/1
f 1097/1/3 1096/1/4 1095/1/4
f 1096/1/4 1097/1/3 1098/1/3
f 1101/1/487 1100/1/6 1099/1/5
f 1100/1/6 1101/1/487 1102/1/6
f 1104/1/7 1100/1/7 1103/1/7
f 1104/1/7 1099/1/7 1100/1/7
f 1105/1/7 1099/1/7 1104/1/7
f 1105/1/7 1106/1/7 1099/1/7
f 1097/1/7 1106/1/7 1105/1/7
f 1095/1/7 1106/1/7 1097/1/7
f 1095/1/7 1107/1/7 1106/1/7
f 1108/1/7 1107/1/7 1095/1/7
f 1109/1/7 1107/1/7 1108/1/7
f 1107/1/7 1109/1/7 1094/1/7
f 1110/1/7 1094/1/7 1109/1/7
f 1110/1/7 1092/1/7 1094/1/7
f 1110/1/7 1111/1/7 1092/1/7
f 1111/1/7 1110/1/7 1112/1/7
f 1100/1/6 1114/1/8 1113/1/8
f 1114/1/8 1100/1/6 1115/1/8
f 1115/1/8 1100/1/6 1102/1/6
f 1115/1/8 1102/1/6 1116/1/8
f 1095/1/4 1117/1/9 1108/1/9
f 1117/1/9 1095/1/4 1096/1/4
f 1118/1/10 1099/1/5 1106/1/10
f 1099/1/5 1118/1/10 1101/1/487
f 1108/1/9 1119/1/11 1109/1/11
f 1119/1/11 1108/1/9 1117/1/9
f 1114/1/12 1121/1/12 1120/1/12
f 1121/1/12 1114/1/12 1115/1/12
f 1103/1/13 1122/1/14 1104/1/14
f 1122/1/14 1103/1/13 1123/1/13
f 1091/1/2 1111/1/15 1124/1/15
f 1111/1/15 1091/1/2 1092/1/2
f 1113/1/16 1103/1/17 1100/1/17
f 1103/1/17 1113/1/16 1125/1/16
f 1126/1/18 1106/1/10 1107/1/18
f 1106/1/10 1126/1/18 1118/1/10
f 1121/1/19 1116/1/20 1127/1/20
f 1116/1/20 1121/1/19 1115/1/19
f 1114/1/7 1125/1/16 1113/1/16
f 1125/1/16 1114/1/7 1120/1/7
f 1104/1/14 1128/1/21 1105/1/21
f 1128/1/21 1104/1/14 1122/1/14
f 1130/1/19 1124/1/19 1129/1/19
f 1124/1/19 1130/1/19 1091/1/19
f 1091/1/19 1130/1/19 1093/1/19
f 1093/1/19 1130/1/19 1119/1/19
f 1093/1/19 1119/1/19 1126/1/19
f 1126/1/19 1119/1/19 1117/1/19
f 1126/1/19 1117/1/19 1096/1/19
f 1126/1/19 1096/1/19 1118/1/19
f 1118/1/19 1096/1/19 1098/1/19
f 1118/1/19 1098/1/19 1128/1/19
f 1118/1/19 1128/1/19 1101/1/19
f 1101/1/19 1128/1/19 1122/1/19
f 1101/1/19 1122/1/19 1102/1/19
f 1102/1/19 1122/1/19 1123/1/19
f 1109/1/12 1130/1/12 1110/1/12
f 1130/1/12 1109/1/12 1119/1/12
f 1123/1/22 1116/1/20 1102/1/22
f 1116/1/20 1123/1/22 1127/1/20
f 1105/1/21 1098/1/3 1097/1/3
f 1098/1/3 1105/1/21 1128/1/21
f 1126/1/18 1094/1/1 1093/1/1
f 1094/1/1 1126/1/18 1107/1/18
f 1124/1/23 1112/1/23 1129/1/23
f 1112/1/23 1124/1/23 1111/1/23
f 1132/2/24 1129/2/25 1131/2/24
f 1129/2/25 1132/2/24 1130/2/25
f 1112/2/26 1134/2/27 1133/2/27
f 1134/2/27 1112/2/26 1110/2/26
f 1131/2/28 1136/2/23 1135/2/23
f 1136/2/23 1131/2/28 1133/2/28
f 1110/2/29 1132/2/30 1134/2/30
f 1132/2/30 1110/2/29 1130/2/29
f 1137/2/19 1131/2/24 1135/2/19
f 1131/2/24 1137/2/19 1132/2/24
f 1134/2/27 1136/2/7 1133/2/27
f 1136/2/7 1134/2/27 1138/2/7
f 1129/2/31 1133/2/28 1131/2/28
f 1133/2/28 1129/2/31 1112/2/31
f 1138/2/32 1135/2/32 1136/2/32
f 1135/2/32 1138/2/32 1137/2/32
f 1134/2/30 1137/2/12 1138/2/12
f 1137/2/12 1134/2/30 1132/2/30
f 1120/3/32 1103/3/32 1125/3/32
f 1103/3/32 1120/3/32 1121/3/32
f 1103/3/32 1121/3/32 1123/3/32
f 1123/3/32 1121/3/32 1127/3/32
f 1141/10/32 1140/10/32 1139/10/32
f 1140/10/32 1141/10/32 1142/10/32
f 1145/10/8 1144/10/8 1143/10/8
f 1144/10/8 1145/10/8 1146/10/8
f 1144/10/23 1141/10/23 1139/10/23
f 1141/10/23 1144/10/23 1146/10/23
f 1141/10/7 1145/10/7 1142/10/7
f 1145/10/7 1141/10/7 1146/10/7
f 1145/10/12 1140/10/12 1142/10/12
f 1140/10/12 1145/10/12 1143/10/12
f 1144/10/19 1140/10/19 1143/10/19
f 1140/10/19 1144/10/19 1139/10/19
f 1149/10/32 1148/10/32 1147/10/32
f 1148/10/32 1149/10/32 1150/10/32
f 1153/10/8 1152/10/8 1151/10/8
f 1152/10/8 1153/10/8 1154/10/8
f 1152/10/23 1149/10/23 1147/10/23
f 1149/10/23 1152/10/23 1154/10/23
f 1149/10/7 1153/10/7 1150/10/7
f 1153/10/7 1149/10/7 1154/10/7
f 1153/10/12 1148/10/12 1150/10/12
f 1148/10/12 1153/10/12 1151/10/12
f 1152/10/19 1148/10/19 1151/10/19
f 1148/10/19 1152/10/19 1147/10/19
f 1157/10/8 1156/10/8 1155/10/8
f 1156/10/8 1157/10/8 1158/10/8
f 1155/10/7 1160/10/7 1159/10/7
f 1160/10/7 1155/10/7 1156/10/7
f 1162/10/19 1157/10/19 1161/10/19
f 1157/10/19 1162/10/19 1158/10/19
f 1160/10/32 1161/10/32 1159/10/32
f 1161/10/32 1160/10/32 1162/10/32
f 1165/10/32 1164/10/32 1163/10/32
f 1164/10/32 1165/10/32 1166/10/32
f 1169/10/8 1168/10/8 1167/10/8
f 1168/10/8 1169/10/8 1170/10/8
f 1168/10/23 1165/10/23 1163/10/23
f 1165/10/23 1168/10/23 1170/10/23
f 1165/10/7 1169/10/7 1166/10/7
f 1169/10/7 1165/10/7 1170/10/7
f 1169/10/12 1164/10/12 1166/10/12
f 1164/10/12 1169/10/12 1167/10/12
f 1168/10/19 1164/10/19 1167/10/19
f 1164/10/19 1168/10/19 1163/10/19
f 1142/10/32 1171/10/32 1140/10/32
f 1171/10/32 1142/10/32 1172/10/32
f 1174/10/8 1143/10/8 1173/10/8
f 1143/10/8 1174/10/8 1145/10/8
f 1143/10/23 1142/10/23 1140/10/23
f 1142/10/23 1143/10/23 1145/10/23
f 1142/10/7 1174/10/7 1172/10/7
f 1174/10/7 1142/10/7 1145/10/7
f 1174/10/12 1171/10/12 1172/10/12
f 1171/10/12 1174/10/12 1173/10/12
f 1143/10/19 1171/10/19 1173/10/19
f 1171/10/19 1143/10/19 1140/10/19
f 1177/10/8 1176/10/8 1175/10/8
f 1176/10/8 1177/10/8 1178/10/8
f 1175/10/7 1180/10/7 1179/10/7
f 1180/10/7 1175/10/7 1176/10/7
f 1182/10/19 1177/10/19 1181/10/19
f 1177/10/19 1182/10/19 1178/10/19
f 1180/10/32 1181/10/32 1179/10/32
f 1181/10/32 1180/10/32 1182/10/32
f 1185/10/32 1184/10/32 1183/10/32
f 1184/10/32 1185/10/32 1186/10/32
f 1189/10/8 1188/10/8 1187/10/8
f 1188/10/8 1189/10/8 1190/10/8
f 1188/10/7 1185/10/7 1183/10/7
f 1185/10/7 1188/10/7 1190/10/7
f 1185/10/12 1189/10/12 1186/10/12
f 1189/10/12 1185/10/12 1190/10/12
f 1189/10/19 1184/10/19 1186/10/19
f 1184/10/19 1189/10/19 1187/10/19
f 1188/10/23 1184/10/23 1187/10/23
f 1184/10/23 1188/10/23 1183/10/23
f 1193/10/32 1192/10/32 1191/10/32
f 1192/10/32 1193/10/32 1194/10/32
f 1197/10/8 1196/10/8 1195/10/8
f 1196/10/8 1197/10/8 1198/10/8
f 1196/10/7 1193/10/7 1191/10/7
f 1193/10/7 1196/10/7 1198/10/7
f 1193/10/12 1197/10/12 1194/10/12
f 1197/10/12 1193/10/12 1198/10/12
f 1197/10/19 1192/10/19 1194/10/19
f 1192/10/19 1197/10/19 1195/10/19
f 1196/10/23 1192/10/23 1195/10/23
f 1192/10/23 1196/10/23 1191/10/23
f 1201/10/8 1200/10/8 1199/10/8
f 1200/10/8 1201/10/8 1202/10/8
f 1199/10/12 1204/10/12 1203/10/12
f 1204/10/12 1199/10/12 1200/10/12
f 1206/10/23 1201/10/23 1205/10/23
f 1201/10/23 1206/10/23 1202/10/23
f 1204/10/32 1205/10/32 1203/10/32
f 1205/10/32 1204/10/32 1206/10/32
f 1090/11/23 1207/11/23 1088/11/23
f 1207/11/23 1090/11/23 1208/11/23
f 1211/11/12 1210/11/12 1209/11/12
f 1210/11/12 1211/11/12 1212/11/12
f 1090/11/8 1211/11/8 1208/11/8
f 1211/11/8 1090/11/8 1212/11/8
f 1211/11/7 1207/11/7 1208/11/7
f 1207/11/7 1211/11/7 1209/11/7
f 1210/11/19 1090/11/19 1088/11/19
f 1090/11/19 1210/11/19 1212/11/19
f 1210/10/32 1207/10/32 1209/10/32
f 1207/10/32 1210/10/32 1088/10/32
f 1215/10/32 1214/10/32 1213/10/32
f 1214/10/32 1215/10/32 1216/10/32
f 1219/10/8 1218/10/8 1217/10/8
f 1218/10/8 1219/10/8 1220/10/8
f 1218/10/7 1215/10/7 1213/10/7
f 1215/10/7 1218/10/7 1220/10/7
f 1215/10/12 1219/10/12 1216/10/12
f 1219/10/12 1215/10/12 1220/10/12
f 1219/10/19 1214/10/19 1216/10/19
f 1214/10/19 1219/10/19 1217/10/19
f 1218/10/23 1214/10/23 1217/10/23
f 1214/10/23 1218/10/23 1213/10/23
f 1223/10/32 1222/10/32 1221/10/32
f 1222/10/32 1223/10/32 1224/10/32
f 1227/10/8 1226/10/8 1225/10/8
f 1226/10/8 1227/10/8 1228/10/8
f 1226/10/7 1223/10/7 1221/10/7
f 1223/10/7 1226/10/7 1228/10/7
f 1223/10/12 1227/10/12 1224/10/12
f 1227/10/12 1223/10/12 1228/10/12
f 1227/10/19 1222/10/19 1224/10/19
f 1222/10/19 1227/10/19 1225/10/19
f 1226/10/23 1222/10/23 1225/10/23
f 1222/10/23 1226/10/23 1221/10/23
f 1231/10/8 1230/10/8 1229/10/8
f 1230/10/8 1231/10/8 1232/10/8
f 1229/10/12 1234/10/12 1233/10/12
f 1234/10/12 1229/10/12 1230/10/12
f 1236/10/23 1231/10/23 1235/10/23
f 1231/10/23 1236/10/23 1232/10/23
f 1234/10/32 1235/10/32 1233/10/32
f 1235/10/32 1234/10/32 1236/10/32
f 1239/10/32 1238/10/32 1237/10/32
f 1238/10/32 1239/10/32 1240/10/32
f 1243/10/8 1242/10/8 1241/10/8
f 1242/10/8 1243/10/8 1244/10/8
f 1242/10/7 1239/10/7 1237/10/7
f 1239/10/7 1242/10/7 1244/10/7
f 1239/10/12 1243/10/12 1240/10/12
f 1243/10/12 1239/10/12 1244/10/12
f 1243/10/19 1238/10/19 1240/10/19
f 1238/10/19 1243/10/19 1241/10/19
f 1242/10/23 1238/10/23 1241/10/23
f 1238/10/23 1242/10/23 1237/10/23
f 1247/10/32 1246/10/32 1245/10/32
f 1246/10/32 1247/10/32 1248/10/32
f 1251/10/8 1250/10/8 1249/10/8
f 1250/10/8 1251/10/8 1252/10/8
f 1250/10/7 1247/10/7 1245/10/7
f 1247/10/7 1250/10/7 1252/10/7
f 1247/10/12 1251/10/12 1248/10/12
f 1251/10/12 1247/10/12 1252/10/12
f 1251/10/19 1246/10/19 1248/10/19
f 1246/10/19 1251/10/19 1249/10/19
f 1250/10/23 1246/10/23 1249/10/23
f 1246/10/23 1250/10/23 1245/10/23
f 1255/10/8 1254/10/8 1253/10/8
f 1254/10/8 1255/10/8 1256/10/8
f 1253/10/12 1258/10/12 1257/10/12
f 1258/10/12 1253/10/12 1254/10/12
f 1260/10/23 1255/10/23 1259/10/23
f 1255/10/23 1260/10/23 1256/10/23
f 1258/10/32 1259/10/32 1257/10/32
f 1259/10/32 1258/10/32 1260/10/32
f 1263/10/32 1262/10/32 1261/10/32
f 1262/10/32 1263/10/32 1264/10/32
f 1267/10/8 1266/10/8 1265/10/8
f 1266/10/8 1267/10/8 1268/10/8
f 1266/10/7 1263/10/7 1261/10/7
f 1263/10/7 1266/10/7 1268/10/7
f 1263/10/12 1267/10/12 1264/10/12
f 1267/10/12 1263/10/12 1268/10/12
f 1267/10/19 1262/10/19 1264/10/19
f 1262/10/19 1267/10/19 1265/10/19
f 1266/10/23 1262/10/23 1265/10/23
f 1262/10/23 1266/10/23 1261/10/23
f 1271/10/32 1270/10/32 1269/10/32
f 1270/10/32 1271/10/32 1272/10/32
f 1275/10/8 1274/10/8 1273/10/8
f 1274/10/8 1275/10/8 1276/10/8
f 1274/10/7 1271/10/7 1269/10/7
f 1271/10/7 1274/10/7 1276/10/7
f 1271/10/12 1275/10/12 1272/10/12
f 1275/10/12 1271/10/12 1276/10/12
f 1275/10/19 1270/10/19 1272/10/19
f 1270/10/19 1275/10/19 1273/10/19
f 1274/10/23 1270/10/23 1273/10/23
f 1270/10/23 1274/10/23 1269/10/23
f 1279/10/8 1278/10/8 1277/10/8
f 1278/10/8 1279/10/8 1280/10/8
f 1277/10/12 1282/10/12 1281/10/12
f 1282/10/12 1277/10/12 1278/10/12
f 1284/10/23 1279/10/23 1283/10/23
f 1279/10/23 1284/10/23 1280/10/23
f 1282/10/32 1283/10/32 1281/10/32
f 1283/10/32 1282/10/32 1284/10/32
f 1287/10/32 1286/10/32 1285/10/32
f 1286/10/32 1287/10/32 1288/10/32
f 1291/10/8 1290/10/8 1289/10/8
f 1290/10/8 1291/10/8 1292/10/8
f 1290/10/7 1287/10/7 1285/10/7
f 1287/10/7 1290/10/7 1292/10/7
f 1287/10/12 1291/10/12 1288/10/12
f 1291/10/12 1287/10/12 1292/10/12
f 1291/10/19 1286/10/19 1288/10/19
f 1286/10/19 1291/10/19 1289/10/19
f 1290/10/23 1286/10/23 1289/10/23
f 1286/10/23 1290/10/23 1285/10/23
f 1295/10/32 1294/10/32 1293/10/32
f 1294/10/32 1295/10/32 1296/10/32
f 1299/10/8 1298/10/8 1297/10/8
f 1298/10/8 1299/10/8 1300/10/8
f 1298/10/7 1295/10/7 1293/10/7
f 1295/10/7 1298/10/7 1300/10/7
f 1295/10/12 1299/10/12 1296/10/12
f 1299/10/12 1295/10/12 1300/10/12
f 1299/10/19 1294/10/19 1296/10/19
f 1294/10/19 1299/10/19 1297/10/19
f 1298/10/23 1294/10/23 1297/10/23
f 1294/10/23 1298/10/23 1293/10/23
f 1303/10/8 1302/10/8 1301/10/8
f 1302/10/8 1303/10/8 1304/10/8
f 1301/10/12 1306/10/12 1305/10/12
f 1306/10/12 1301/10/12 1302/10/12
f 1308/10/23 1303/10/23 1307/10/23
f 1303/10/23 1308/10/23 1304/10/23
f 1306/10/32 1307/10/32 1305/10/32
f 1307/10/32 1306/10/32 1308/10/32
f 1311/6/32 1310/6/32 1309/6/32
f 1310/6/32 1311/6/32 1312/6/32
f 1315/6/8 1314/6/8 1313/6/8
f 1314/6/8 1315/6/8 1316/6/8
f 1314/6/19 1311/6/19 1309/6/19
f 1311/6/19 1314/6/19 1316/6/19
f 1311/6/23 1315/6/23 1312/6/23
f 1315/6/23 1311/6/23 1316/6/23
f 1315/6/7 1310/6/7 1312/6/7
f 1310/6/7 1315/6/7 1313/6/7
f 1314/6/12 1310/6/12 1313/6/12
f 1310/6/12 1314/6/12 1309/6/12
f 1319/6/32 1318/6/32 1317/6/32
f 1318/6/32 1319/6/32 1320/6/32
f 1323/6/8 1322/6/8 1321/6/8
f 1322/6/8 1323/6/8 1324/6/8
f 1322/6/19 1319/6/19 1317/6/19
f 1319/6/19 1322/6/19 1324/6/19
f 1319/6/23 1323/6/23 1320/6/23
f 1323/6/23 1319/6/23 1324/6/23
f 1323/6/7 1318/6/7 1320/6/7
f 1318/6/7 1323/6/7 1321/6/7
f 1322/6/12 1318/6/12 1321/6/12
f 1318/6/12 1322/6/12 1317/6/12
f 1327/6/8 1326/6/8 1325/6/8
f 1326/6/8 1327/6/8 1328/6/8
f 1325/6/23 1330/6/23 1329/6/23
f 1330/6/23 1325/6/23 1326/6/23
f 1332/6/12 1327/6/12 1331/6/12
f 1327/6/12 1332/6/12 1328/6/12
f 1330/6/32 1331/6/32 1329/6/32
f 1331/6/32 1330/6/32 1332/6/32
f 1335/6/12 1334/6/12 1333/6/12
f 1334/6/12 1335/6/12 1336/6/12
f 1335/6/81 1337/6/81 1336/6/81
f 1337/6/81 1335/6/81 1338/6/81
f 1340/6/82 1334/6/82 1339/6/82
f 1334/6/82 1340/6/82 1333/6/83
f 1340/6/84 1335/6/84 1333/6/84
f 1335/6/84 1340/6/84 1338/6/84
f 1337/6/85 1334/6/85 1336/6/85
f 1334/6/85 1337/6/85 1339/6/85
f 1337/6/23 1340/6/23 1339/6/23
f 1340/6/23 1337/6/23 1338/6/23
f 1343/6/12 1342/6/12 1341/6/12
f 1342/6/12 1343/6/12 1344/6/12
f 1343/6/86 1345/6/86 1344/6/86
f 1345/6/86 1343/6/86 1346/6/86
f 1348/6/87 1342/6/87 1347/6/87
f 1342/6/87 1348/6/87 1341/6/87
f 1348/6/88 1343/6/88 1341/6/88
f 1343/6/88 1348/6/88 1346/6/88
f 1345/6/89 1342/6/89 1344/6/89
f 1342/6/89 1345/6/89 1347/6/89
f 1345/6/23 1348/6/23 1347/6/23
f 1348/6/23 1345/6/23 1346/6/23
f 1351/6/12 1350/6/12 1349/6/12
f 1350/6/12 1351/6/12 1352/6/12
f 1351/6/90 1353/6/90 1352/6/90
f 1353/6/90 1351/6/90 1354/6/90
f 1356/6/91 1350/6/91 1355/6/91
f 1350/6/91 1356/6/91 1349/6/91
f 1356/6/92 1351/6/92 1349/6/92
f 1351/6/92 1356/6/92 1354/6/92
f 1353/6/93 1350/6/93 1352/6/93
f 1350/6/93 1353/6/93 1355/6/93
f 1353/6/23 1356/6/23 1355/6/23
f 1356/6/23 1353/6/23 1354/6/23
f 1359/6/8 1358/6/8 1357/6/8
f 1358/6/8 1359/6/8 1360/6/8
f 1357/6/23 1362/6/23 1361/6/23
f 1362/6/23 1357/6/23 1358/6/23
f 1364/6/12 1359/6/12 1363/6/12
f 1359/6/12 1364/6/12 1360/6/12
f 1362/6/32 1363/6/32 1361/6/32
f 1363/6/32 1362/6/32 1364/6/32
f 1367/6/12 1366/6/12 1365/6/12
f 1366/6/12 1367/6/12 1368/6/12
f 1367/6/94 1369/6/94 1368/6/94
f 1369/6/94 1367/6/94 1370/6/94
f 1372/6/95 1366/6/95 1371/6/95
f 1366/6/95 1372/6/95 1365/6/95
f 1372/6/96 1367/6/96 1365/6/96
f 1367/6/96 1372/6/96 1370/6/96
f 1369/6/97 1366/6/97 1368/6/97
f 1366/6/97 1369/6/97 1371/6/97
f 1369/6/23 1372/6/23 1371/6/23
f 1372/6/23 1369/6/23 1370/6/23
f 1375/6/12 1374/6/12 1373/6/12
f 1374/6/12 1375/6/12 1376/6/12
f 1375/6/19 1377/6/19 1376/6/19
f 1377/6/19 1375/6/19 1378/6/19
f 1380/6/7 1374/6/7 1379/6/7
f 1374/6/7 1380/6/7 1373/6/7
f 1380/6/8 1375/6/8 1373/6/8
f 1375/6/8 1380/6/8 1378/6/8
f 1377/6/32 1374/6/32 1376/6/32
f 1374/6/32 1377/6/32 1379/6/32
f 1377/6/23 1380/6/23 1379/6/23
f 1380/6/23 1377/6/23 1378/6/23
f 1383/6/32 1382/6/32 1381/6/32
f 1382/6/32 1383/6/32 1384/6/32
f 1387/6/8 1386/6/8 1385/6/8
f 1386/6/8 1387/6/8 1388/6/8
f 1386/6/19 1383/6/19 1381/6/19
f 1383/6/19 1386/6/19 1388/6/19
f 1383/6/23 1387/6/23 1384/6/23
f 1387/6/23 1383/6/23 1388/6/23
f 1387/6/7 1382/6/7 1384/6/7
f 1382/6/7 1387/6/7 1385/6/7
f 1386/6/12 1382/6/12 1385/6/12
f 1382/6/12 1386/6/12 1381/6/12
f 1391/6/32 1390/6/32 1389/6/32
f 1390/6/32 1391/6/32 1392/6/32
f 1395/6/8 1394/6/8 1393/6/8
f 1394/6/8 1395/6/8 1396/6/8
f 1394/6/19 1391/6/19 1389/6/19
f 1391/6/19 1394/6/19 1396/6/19
f 1391/6/23 1395/6/23 1392/6/23
f 1395/6/23 1391/6/23 1396/6/23
f 1395/6/7 1390/6/7 1392/6/7
f 1390/6/7 1395/6/7 1393/6/7
f 1394/6/12 1390/6/12 1393/6/12
f 1390/6/12 1394/6/12 1389/6/12
f 1399/6/8 1398/6/8 1397/6/8
f 1398/6/8 1399/6/8 1400/6/8
f 1397/6/23 1402/6/23 1401/6/23
f 1402/6/23 1397/6/23 1398/6/23
f 1404/6/12 1399/6/12 1403/6/12
f 1399/6/12 1404/6/12 1400/6/12
f 1402/6/32 1403/6/32 1401/6/32
f 1403/6/32 1402/6/32 1404/6/32
f 1407/6/12 1406/6/12 1405/6/12
f 1406/6/12 1407/6/12 1408/6/12
f 1407/6/81 1409/6/81 1408/6/81
f 1409/6/81 1407/6/81 1410/6/81
f 1412/6/82 1406/6/82 1411/6/82
f 1406/6/82 1412/6/82 1405/6/83
f 1412/6/84 1407/6/84 1405/6/84
f 1407/6/84 1412/6/84 1410/6/84
f 1409/6/85 1406/6/85 1408/6/85
f 1406/6/85 1409/6/85 1411/6/85
f 1409/6/23 1412/6/23 1411/6/23
f 1412/6/23 1409/6/23 1410/6/23
f 1415/6/12 1414/6/12 1413/6/12
f 1414/6/12 1415/6/12 1416/6/12
f 1415/6/86 1417/6/86 1416/6/86
f 1417/6/86 1415/6/86 1418/6/86
f 1420/6/87 1414/6/87 1419/6/87
f 1414/6/87 1420/6/87 1413/6/87
f 1420/6/88 1415/6/88 1413/6/88
f 1415/6/88 1420/6/88 1418/6/88
f 1417/6/89 1414/6/89 1416/6/89
f 1414/6/89 1417/6/89 1419/6/89
f 1417/6/23 1420/6/23 1419/6/23
f 1420/6/23 1417/6/23 1418/6/23
f 1423/6/12 1422/6/12 1421/6/12
f 1422/6/12 1423/6/12 1424/6/12
f 1423/6/90 1425/6/90 1424/6/90
f 1425/6/90 1423/6/90 1426/6/90
f 1428/6/91 1422/6/91 1427/6/91
f 1422/6/91 1428/6/91 1421/6/91
f 1428/6/92 1423/6/92 1421/6/92
f 1423/6/92 1428/6/92 1426/6/92
f 1425/6/93 1422/6/93 1424/6/93
f 1422/6/93 1425/6/93 1427/6/93
f 1425/6/23 1428/6/23 1427/6/23
f 1428/6/23 1425/6/23 1426/6/23
f 1431/6/8 1430/6/8 1429/6/8
f 1430/6/8 1431/6/8 1432/6/8
f 1429/6/23 1434/6/23 1433/6/23
f 1434/6/23 1429/6/23 1430/6/23
f 1436/6/12 1431/6/12 1435/6/12
f 1431/6/12 1436/6/12 1432/6/12
f 1434/6/32 1435/6/32 1433/6/32
f 1435/6/32 1434/6/32 1436/6/32
f 1439/6/12 1438/6/12 1437/6/12
f 1438/6/12 1439/6/12 1440/6/12
f 1439/6/94 1441/6/94 1440/6/94
f 1441/6/94 1439/6/94 1442/6/94
f 1444/6/95 1438/6/95 1443/6/95
f 1438/6/95 1444/6/95 1437/6/95
f 1444/6/96 1439/6/96 1437/6/96
f 1439/6/96 1444/6/96 1442/6/96
f 1441/6/97 1438/6/97 1440/6/97
f 1438/6/97 1441/6/97 1443/6/97
f 1441/6/23 1444/6/23 1443/6/23
f 1444/6/23 1441/6/23 1442/6/23
f 1447/6/12 1446/6/12 1445/6/12
f 1446/6/12 1447/6/12 1448/6/12
f 1447/6/19 1449/6/19 1448/6/19
f 1449/6/19 1447/6/19 1450/6/19
f 1452/6/7 1446/6/7 1451/6/7
f 1446/6/7 1452/6/7 1445/6/7
f 1452/6/8 1447/6/8 1445/6/8
f 1447/6/8 1452/6/8 1450/6/8
f 1449/6/32 1446/6/32 1448/6/32
f 1446/6/32 1449/6/32 1451/6/32
f 1449/6/23 1452/6/23 1451/6/23
f 1452/6/23 1449/6/23 1450/6/23
f 1455/6/32 1454/6/32 1453/6/32
f 1454/6/32 1455/6/32 1456/6/32
f 1459/6/8 1458/6/8 1457/6/8
f 1458/6/8 1459/6/8 1460/6/8
f 1458/6/19 1455/6/19 1453/6/19
f 1455/6/19 1458/6/19 1460/6/19
f 1455/6/23 1459/6/23 1456/6/23
f 1459/6/23 1455/6/23 1460/6/23
f 1459/6/7 1454/6/7 1456/6/7
f 1454/6/7 1459/6/7 1457/6/7
f 1458/6/12 1454/6/12 1457/6/12
f 1454/6/12 1458/6/12 1453/6/12
f 1463/6/32 1462/6/32 1461/6/32
f 1462/6/32 1463/6/32 1464/6/32
f 1467/6/8 1466/6/8 1465/6/8
f 1466/6/8 1467/6/8 1468/6/8
f 1466/6/19 1463/6/19 1461/6/19
f 1463/6/19 1466/6/19 1468/6/19
f 1463/6/23 1467/6/23 1464/6/23
f 1467/6/23 1463/6/23 1468/6/23
f 1467/6/7 1462/6/7 1464/6/7
f 1462/6/7 1467/6/7 1465/6/7
f 1466/6/12 1462/6/12 1465/6/12
f 1462/6/12 1466/6/12 1461/6/12
f 1471/6/8 1470/6/8 1469/6/8
f 1470/6/8 1471/6/8 1472/6/8
f 1469/6/23 1474/6/23 1473/6/23
f 1474/6/23 1469/6/23 1470/6/23
f 1476/6/12 1471/6/12 1475/6/12
f 1471/6/12 1476/6/12 1472/6/12
f 1474/6/32 1475/6/32 1473/6/32
f 1475/6/32 1474/6/32 1476/6/32
f 1479/6/12 1478/6/12 1477/6/12
f 1478/6/12 1479/6/12 1480/6/12
f 1479/6/81 1481/6/81 1480/6/81
f 1481/6/81 1479/6/81 1482/6/81
f 1484/6/82 1478/6/82 1483/6/82
f 1478/6/82 1484/6/82 1477/6/83
f 1484/6/84 1479/6/84 1477/6/84
f 1479/6/84 1484/6/84 1482/6/84
f 1481/6/85 1478/6/85 1480/6/85
f 1478/6/85 1481/6/85 1483/6/85
f 1481/6/23 1484/6/23 1483/6/23
f 1484/6/23 1481/6/23 1482/6/23
f 1487/6/12 1486/6/12 1485/6/12
f 1486/6/12 1487/6/12 1488/6/12
f 1487/6/86 1489/6/86 1488/6/86
f 1489/6/86 1487/6/86 1490/6/86
f 1492/6/87 1486/6/87 1491/6/87
f 1486/6/87 1492/6/87 1485/6/87
f 1492/6/88 1487/6/88 1485/6/88
f 1487/6/88 1492/6/88 1490/6/88
f 1489/6/89 1486/6/89 1488/6/89
f 1486/6/89 1489/6/89 1491/6/89
f 1489/6/23 1492/6/23 1491/6/23
f 1492/6/23 1489/6/23 1490/6/23
f 1495/6/12 1494/6/12 1493/6/12
f 1494/6/12 1495/6/12 1496/6/12
f 1495/6/90 1497/6/90 1496/6/90
f 1497/6/90 1495/6/90 1498/6/90
f 1500/6/91 1494/6/91 1499/6/91
f 1494/6/91 1500/6/91 1493/6/91
f 1500/6/92 1495/6/92 1493/6/92
f 1495/6/92 1500/6/92 1498/6/92
f 1497/6/93 1494/6/93 1496/6/93
f 1494/6/93 1497/6/93 1499/6/93
f 1497/6/23 1500/6/23 1499/6/23
f 1500/6/23 1497/6/23 1498/6/23
f 1503/6/8 1502/6/8 1501/6/8
f 1502/6/8 1503/6/8 1504/6/8
f 1501/6/23 1506/6/23 1505/6/23
f 1506/6/23 1501/6/23 1502/6/23
f 1508/6/12 1503/6/12 1507/6/12
f 1503/6/12 1508/6/12 1504/6/12
f 1506/6/32 1507/6/32 1505/6/32
f 1507/6/32 1506/6/32 1508/6/32
f 1511/6/12 1510/6/12 1509/6/12
f 1510/6/12 1511/6/12 1512/6/12
f 1511/6/94 1513/6/94 1512/6/94
f 1513/6/94 1511/6/94 1514/6/94
f 1516/6/95 1510/6/95 1515/6/95
f 1510/6/95 1516/6/95 1509/6/95
f 1516/6/96 1511/6/96 1509/6/96
f 1511/6/96 1516/6/96 1514/6/96
f 1513/6/97 1510/6/97 1512/6/97
f 1510/6/97 1513/6/97 1515/6/97
f 1513/6/23 1516/6/23 1515/6/23
f 1516/6/23 1513/6/23 1514/6/23
f 1519/6/12 1518/6/12 1517/6/12
f 1518/6/12 1519/6/12 1520/6/12
f 1519/6/19 1521/6/19 1520/6/19
f 1521/6/19 1519/6/19 1522/6/19
f 1524/6/7 1518/6/7 1523/6/7
f 1518/6/7 1524/6/7 1517/6/7
f 1524/6/8 1519/6/8 1517/6/8
f 1519/6/8 1524/6/8 1522/6/8
f 1521/6/32 1518/6/32 1520/6/32
f 1518/6/32 1521/6/32 1523/6/32
f 1521/6/23 1524/6/23 1523/6/23
f 1524/6/23 1521/6/23 1522/6/23
f 1527/6/32 1526/6/32 1525/6/32
f 1526/6/32 1527/6/32 1528/6/32
f 1531/6/8 1530/6/8 1529/6/8
f 1530/6/8 1531/6/8 1532/6/8
f 1530/6/19 1527/6/19 1525/6/19
f 1527/6/19 1530/6/19 1532/6/19
f 1527/6/23 1531/6/23 1528/6/23
f 1531/6/23 1527/6/23 1532/6/23
f 1531/6/7 1526/6/7 1528/6/7
f 1526/6/7 1531/6/7 1529/6/7
f 1530/6/12 1526/6/12 1529/6/12
f 1526/6/12 1530/6/12 1525/6/12
f 1535/6/32 1534/6/32 1533/6/32
f 1534/6/32 1535/6/32 1536/6/32
f 1539/6/8 1538/6/8 1537/6/8
f 1538/6/8 1539/6/8 1540/6/8
f 1538/6/19 1535/6/19 1533/6/19
f 1535/6/19 1538/6/19 1540/6/19
f 1535/6/23 1539/6/23 1536/6/23
f 1539/6/23 1535/6/23 1540/6/23
f 1539/6/7 1534/6/7 1536/6/7
f 1534/6/7 1539/6/7 1537/6/7
f 1538/6/12 1534/6/12 1537/6/12
f 1534/6/12 1538/6/12 1533/6/12
f 1543/6/8 1542/6/8 1541/6/8
f 1542/6/8 1543/6/8 1544/6/8
f 1541/6/23 1546/6/23 1545/6/23
f 1546/6/23 1541/6/23 1542/6/23
f 1548/6/12 1543/6/12 1547/6/12
f 1543/6/12 1548/6/12 1544/6/12
f 1546/6/32 1547/6/32 1545/6/32
f 1547/6/32 1546/6/32 1548/6/32
f 1551/6/12 1550/6/12 1549/6/12
f 1550/6/12 1551/6/12 1552/6/12
f 1551/6/81 1553/6/81 1552/6/81
f 1553/6/81 1551/6/81 1554/6/81
f 1556/6/82 1550/6/82 1555/6/82
f 1550/6/82 1556/6/82 1549/6/82
f 1556/6/84 1551/6/84 1549/6/84
f 1551/6/84 1556/6/84 1554/6/84
f 1553/6/85 1550/6/85 1552/6/85
f 1550/6/85 1553/6/85 1555/6/85
f 1553/6/23 1556/6/23 1555/6/23
f 1556/6/23 1553/6/23 1554/6/23
f 1559/6/12 1558/6/12 1557/6/12
f 1558/6/12 1559/6/12 1560/6/12
f 1559/6/86 1561/6/86 1560/6/86
f 1561/6/86 1559/6/86 1562/6/86
f 1564/6/87 1558/6/87 1563/6/87
f 1558/6/87 1564/6/87 1557/6/87
f 1564/6/88 1559/6/88 1557/6/88
f 1559/6/88 1564/6/88 1562/6/88
f 1561/6/89 1558/6/89 1560/6/89
f 1558/6/89 1561/6/89 1563/6/89
f 1561/6/23 1564/6/23 1563/6/23
f 1564/6/23 1561/6/23 1562/6/23
f 1567/6/12 1566/6/12 1565/6/12
f 1566/6/12 1567/6/12 1568/6/12
f 1567/6/90 1569/6/90 1568/6/90
f 1569/6/90 1567/6/90 1570/6/90
f 1572/6/91 1566/6/91 1571/6/91
f 1566/6/91 1572/6/91 1565/6/91
f 1572/6/92 1567/6/92 1565/6/92
f 1567/6/92 1572/6/92 1570/6/92
f 1569/6/93 1566/6/93 1568/6/93
f 1566/6/93 1569/6/93 1571/6/93
f 1569/6/23 1572/6/23 1571/6/23
f 1572/6/23 1569/6/23 1570/6/23
f 1575/6/8 1574/6/8 1573/6/8
f 1574/6/8 1575/6/8 1576/6/8
f 1573/6/23 1578/6/23 1577/6/23
f 1578/6/23 1573/6/23 1574/6/23
f 1580/6/12 1575/6/12 1579/6/12
f 1575/6/12 1580/6/12 1576/6/12
f 1578/6/32 1579/6/32 1577/6/32
f 1579/6/32 1578/6/32 1580/6/32
f 1583/6/12 1582/6/12 1581/6/12
f 1582/6/12 1583/6/12 1584/6/12
f 1583/6/94 1585/6/94 1584/6/94
f 1585/6/94 1583/6/94 1586/6/94
f 1588/6/95 1582/6/95 1587/6/95
f 1582/6/95 1588/6/95 1581/6/95
f 1588/6/96 1583/6/96 1581/6/96
f 1583/6/96 1588/6/96 1586/6/96
f 1585/6/97 1582/6/97 1584/6/97
f 1582/6/97 1585/6/97 1587/6/97
f 1585/6/23 1588/6/23 1587/6/23
f 1588/6/23 1585/6/23 1586/6/23
f 1591/6/12 1590/6/12 1589/6/12
f 1590/6/12 1591/6/12 1592/6/12
f 1591/6/19 1593/6/19 1592/6/19
f 1593/6/19 1591/6/19 1594/6/19
f 1596/6/7 1590/6/7 1595/6/7
f 1590/6/7 1596/6/7 1589/6/7
f 1596/6/8 1591/6/8 1589/6/8
f 1591/6/8 1596/6/8 1594/6/8
f 1593/6/32 1590/6/32 1592/6/32
f 1590/6/32 1593/6/32 1595/6/32
f 1593/6/23 1596/6/23 1595/6/23
f 1596/6/23 1593/6/23 1594/6/23
f 1599/10/32 1598/10/32 1597/10/32
f 1598/10/32 1599/10/32 1600/10/32
f 1603/10/8 1602/10/8 1601/10/8
f 1602/10/8 1603/10/8 1604/10/8
f 1602/10/23 1599/10/23 1597/10/23
f 1599/10/23 1602/10/23 1604/10/23
f 1599/10/7 1603/10/7 1600/10/7
f 1603/10/7 1599/10/7 1604/10/7
f 1603/10/12 1598/10/12 1600/10/12
f 1598/10/12 1603/10/12 1601/10/12
f 1602/10/19 1598/10/19 1601/10/19
f 1598/10/19 1602/10/19 1597/10/19
f 1607/10/32 1606/10/32 1605/10/32
f 1606/10/32 1607/10/32 1608/10/32
f 1611/10/8 1610/10/8 1609/10/8
f 1610/10/8 1611/10/8 1612/10/8
f 1610/10/23 1607/10/23 1605/10/23
f 1607/10/23 1610/10/23 1612/10/23
f 1607/10/7 1611/10/7 1608/10/7
f 1611/10/7 1607/10/7 1612/10/7
f 1611/10/12 1606/10/12 1608/10/12
f 1606/10/12 1611/10/12 1609/10/12
f 1610/10/19 1606/10/19 1609/10/19
f 1606/10/19 1610/10/19 1605/10/19
f 1615/10/8 1614/10/8 1613/10/8
f 1614/10/8 1615/10/8 1616/10/8
f 1613/10/7 1618/10/7 1617/10/7
f 1618/10/7 1613/10/7 1614/10/7
f 1620/10/19 1615/10/19 1619/10/19
f 1615/10/19 1620/10/19 1616/10/19
f 1618/10/32 1619/10/32 1617/10/32
f 1619/10/32 1618/10/32 1620/10/32
f 1623/10/32 1622/10/32 1621/10/32
f 1622/10/32 1623/10/32 1624/10/32
f 1627/10/8 1626/10/8 1625/10/8
f 1626/10/8 1627/10/8 1628/10/8
f 1626/10/23 1623/10/23 1621/10/23
f 1623/10/23 1626/10/23 1628/10/23
f 1623/10/7 1627/10/7 1624/10/7
f 1627/10/7 1623/10/7 1628/10/7
f 1627/10/12 1622/10/12 1624/10/12
f 1622/10/12 1627/10/12 1625/10/12
f 1626/10/19 1622/10/19 1625/10/19
f 1622/10/19 1626/10/19 1621/10/19
f 1631/10/32 1630/10/32 1629/10/32
f 1630/10/32 1631/10/32 1632/10/32
f 1635/10/8 1634/10/8 1633/10/8
f 1634/10/8 1635/10/8 1636/10/8
f 1634/10/23 1631/10/23 1629/10/23
f 1631/10/23 1634/10/23 1636/10/23
f 1631/10/7 1635/10/7 1632/10/7
f 1635/10/7 1631/10/7 1636/10/7
f 1635/10/12 1630/10/12 1632/10/12
f 1630/10/12 1635/10/12 1633/10/12
f 1634/10/19 1630/10/19 1633/10/19
f 1630/10/19 1634/10/19 1629/10/19
f 1639/10/8 1638/10/8 1637/10/8
f 1638/10/8 1639/10/8 1640/10/8
f 1637/10/7 1642/10/7 1641/10/7
f 1642/10/7 1637/10/7 1638/10/7
f 1644/10/19 1639/10/19 1643/10/19
f 1639/10/19 1644/10/19 1640/10/19
f 1642/10/32 1643/10/32 1641/10/32
f 1643/10/32 1642/10/32 1644/10/32
f 1647/10/32 1646/10/32 1645/10/32
f 1646/10/32 1647/10/32 1648/10/32
f 1651/10/8 1650/10/8 1649/10/8
f 1650/10/8 1651/10/8 1652/10/8
f 1650/10/23 1647/10/23 1645/10/23
f 1647/10/23 1650/10/23 1652/10/23
f 1647/10/7 1651/10/7 1648/10/7
f 1651/10/7 1647/10/7 1652/10/7
f 1651/10/12 1646/10/12 1648/10/12
f 1646/10/12 1651/10/12 1649/10/12
f 1650/10/19 1646/10/19 1649/10/19
f 1646/10/19 1650/10/19 1645/10/19
f 1655/10/32 1654/10/32 1653/10/32
f 1654/10/32 1655/10/32 1656/10/32
f 1659/10/8 1658/10/8 1657/10/8
f 1658/10/8 1659/10/8 1660/10/8
f 1658/10/23 1655/10/23 1653/10/23
f 1655/10/23 1658/10/23 1660/10/23
f 1655/10/7 1659/10/7 1656/10/7
f 1659/10/7 1655/10/7 1660/10/7
f 1659/10/12 1654/10/12 1656/10/12
f 1654/10/12 1659/10/12 1657/10/12
f 1658/10/19 1654/10/19 1657/10/19
f 1654/10/19 1658/10/19 1653/10/19
f 1663/10/8 1662/10/8 1661/10/8
f 1662/10/8 1663/10/8 1664/10/8
f 1661/10/7 1666/10/7 1665/10/7
f 1666/10/7 1661/10/7 1662/10/7
f 1668/10/19 1663/10/19 1667/10/19
f 1663/10/19 1668/10/19 1664/10/19
f 1666/10/32 1667/10/32 1665/10/32
f 1667/10/32 1666/10/32 1668/10/32
f 1671/10/32 1670/10/32 1669/10/32
f 1670/10/32 1671/10/32 1672/10/32
f 1675/10/8 1674/10/8 1673/10/8
f 1674/10/8 1675/10/8 1676/10/8
f 1674/10/23 1671/10/23 1669/10/23
f 1671/10/23 1674/10/23 1676/10/23
f 1671/10/7 1675/10/7 1672/10/7
f 1675/10/7 1671/10/7 1676/10/7
f 1675/10/12 1670/10/12 1672/10/12
f 1670/10/12 1675/10/12 1673/10/12
f 1674/10/19 1670/10/19 1673/10/19
f 1670/10/19 1674/10/19 1669/10/19
f 1679/10/32 1678/10/32 1677/10/32
f 1678/10/32 1679/10/32 1680/10/32
f 1683/10/8 1682/10/8 1681/10/8
f 1682/10/8 1683/10/8 1684/10/8
f 1682/10/23 1679/10/23 1677/10/23
f 1679/10/23 1682/10/23 1684/10/23
f 1679/10/7 1683/10/7 1680/10/7
f 1683/10/7 1679/10/7 1684/10/7
f 1683/10/12 1678/10/12 1680/10/12
f 1678/10/12 1683/10/12 1681/10/12
f 1682/10/19 1678/10/19 1681/10/19
f 1678/10/19 1682/10/19 1677/10/19
f 1687/10/8 1686/10/8 1685/10/8
f 1686/10/8 1687/10/8 1688/10/8
f 1685/10/7 1690/10/7 1689/10/7
f 1690/10/7 1685/10/7 1686/10/7
f 1692/10/19 1687/10/19 1691/10/19
f 1687/10/19 1692/10/19 1688/10/19
f 1690/10/32 1691/10/32 1689/10/32
f 1691/10/32 1690/10/32 1692/10/32
f 1695/10/32 1694/10/32 1693/10/32
f 1694/10/32 1695/10/32 1696/10/32
f 1699/10/8 1698/10/8 1697/10/8
f 1698/10/8 1699/10/8 1700/10/8
f 1698/10/23 1695/10/23 1693/10/23
f 1695/10/23 1698/10/23 1700/10/23
f 1695/10/7 1699/10/7 1696/10/7
f 1699/10/7 1695/10/7 1700/10/7
f 1699/10/12 1694/10/12 1696/10/12
f 1694/10/12 1699/10/12 1697/10/12
f 1698/10/19 1694/10/19 1697/10/19
f 1694/10/19 1698/10/19 1693/10/19
f 1703/10/32 1702/10/32 1701/10/32
f 1702/10/32 1703/10/32 1704/10/32
f 1707/10/8 1706/10/8 1705/10/8
f 1706/10/8 1707/10/8 1708/10/8
f 1706/10/23 1703/10/23 1701/10/23
f 1703/10/23 1706/10/23 1708/10/23
f 1703/10/7 1707/10/7 1704/10/7
f 1707/10/7 1703/10/7 1708/10/7
f 1707/10/12 1702/10/12 1704/10/12
f 1702/10/12 1707/10/12 1705/10/12
f 1706/10/19 1702/10/19 1705/10/19
f 1702/10/19 1706/10/19 1701/10/19
f 1711/10/8 1710/10/8 1709/10/8
f 1710/10/8 1711/10/8 1712/10/8
f 1709/10/7 1714/10/7 1713/10/7
f 1714/10/7 1709/10/7 1710/10/7
f 1716/10/19 1711/10/19 1715/10/19
f 1711/10/19 1716/10/19 1712/10/19
f 1714/10/32 1715/10/32 1713/10/32
f 1715/10/32 1714/10/32 1716/10/32
f 1719/10/32 1718/10/32 1717/10/32
f 1718/10/32 1719/10/32 1720/10/32
f 1723/10/8 1722/10/8 1721/10/8
f 1722/10/8 1723/10/8 1724/10/8
f 1722/10/23 1719/10/23 1717/10/23
f 1719/10/23 1722/10/23 1724/10/23
f 1719/10/7 1723/10/7 1720/10/7
f 1723/10/7 1719/10/7 1724/10/7
f 1723/10/12 1718/10/12 1720/10/12
f 1718/10/12 1723/10/12 1721/10/12
f 1722/10/19 1718/10/19 1721/10/19
f 1718/10/19 1722/10/19 1717/10/19
f 1727/10/32 1726/10/32 1725/10/32
f 1726/10/32 1727/10/32 1728/10/32
f 1731/10/8 1730/10/8 1729/10/8
f 1730/10/8 1731/10/8 1732/10/8
f 1730/10/23 1727/10/23 1725/10/23
f 1727/10/23 1730/10/23 1732/10/23
f 1727/10/7 1731/10/7 1728/10/7
f 1731/10/7 1727/10/7 1732/10/7
f 1731/10/12 1726/10/12 1728/10/12
f 1726/10/12 1731/10/12 1729/10/12
f 1730/10/19 1726/10/19 1729/10/19
f 1726/10/19 1730/10/19 1725/10/19
f 1735/10/8 1734/10/8 1733/10/8
f 1734/10/8 1735/10/8 1736/10/8
f 1733/10/7 1738/10/7 1737/10/7
f 1738/10/7 1733/10/7 1734/10/7
f 1740/10/19 1735/10/19 1739/10/19
f 1735/10/19 1740/10/19 1736/10/19
f 1738/10/32 1739/10/32 1737/10/32
f 1739/10/32 1738/10/32 1740/10/32
f 1743/10/32 1742/10/32 1741/10/32
f 1742/10/32 1743/10/32 1744/10/32
f 1747/10/8 1746/10/8 1745/10/8
f 1746/10/8 1747/10/8 1748/10/8
f 1746/10/23 1743/10/23 1741/10/23
f 1743/10/23 1746/10/23 1748/10/23
f 1743/10/7 1747/10/7 1744/10/7
f 1747/10/7 1743/10/7 1748/10/7
f 1747/10/12 1742/10/12 1744/10/12
f 1742/10/12 1747/10/12 1745/10/12
f 1746/10/19 1742/10/19 1745/10/19
f 1742/10/19 1746/10/19 1741/10/19
f 1751/10/32 1750/10/32 1749/10/32
f 1750/10/32 1751/10/32 1752/10/32
f 1755/10/8 1754/10/8 1753/10/8
f 1754/10/8 1755/10/8 1756/10/8
f 1754/10/23 1751/10/23 1749/10/23
f 1751/10/23 1754/10/23 1756/10/23
f 1751/10/7 1755/10/7 1752/10/7
f 1755/10/7 1751/10/7 1756/10/7
f 1755/10/12 1750/10/12 1752/10/12
f 1750/10/12 1755/10/12 1753/10/12
f 1754/10/19 1750/10/19 1753/10/19
f 1750/10/19 1754/10/19 1749/10/19
f 1759/10/8 1758/10/8 1757/10/8
f 1758/10/8 1759/10/8 1760/10/8
f 1757/10/7 1762/10/7 1761/10/7
f 1762/10/7 1757/10/7 1758/10/7
f 1764/10/19 1759/10/19 1763/10/19
f 1759/10/19 1764/10/19 1760/10/19
f 1762/10/32 1763/10/32 1761/10/32
f 1763/10/32 1762/10/32 1764/10/32
f 1767/10/32 1766/10/32 1765/10/32
f 1766/10/32 1767/10/32 1768/10/32
f 1771/10/8 1770/10/8 1769/10/8
f 1770/10/8 1771/10/8 1772/10/8
f 1770/10/23 1767/10/23 1765/10/23
f 1767/10/23 1770/10/23 1772/10/23
f 1767/10/7 1771/10/7 1768/10/7
f 1771/10/7 1767/10/7 1772/10/7
f 1771/10/12 1766/10/12 1768/10/12
f 1766/10/12 1771/10/12 1769/10/12
f 1770/10/19 1766/10/19 1769/10/19
f 1766/10/19 1770/10/19 1765/10/19
f 1775/10/32 1774/10/32 1773/10/32
f 1774/10/32 1775/10/32 1776/10/32
f 1779/10/8 1778/10/8 1777/10/8
f 1778/10/8 1779/10/8 1780/10/8
f 1778/10/23 1775/10/23 1773/10/23
f 1775/10/23 1778/10/23 1780/10/23
f 1775/10/7 1779/10/7 1776/10/7
f 1779/10/7 1775/10/7 1780/10/7
f 1779/10/12 1774/10/12 1776/10/12
f 1774/10/12 1779/10/12 1777/10/12
f 1778/10/19 1774/10/19 1777/10/19
f 1774/10/19 1778/10/19 1773/10/19
f 1783/10/8 1782/10/8 1781/10/8
f 1782/10/8 1783/10/8 1784/10/8
f 1781/10/7 1786/10/7 1785/10/7
f 1786/10/7 1781/10/7 1782/10/7
f 1788/10/19 1783/10/19 1787/10/19
f 1783/10/19 1788/10/19 1784/10/19
f 1786/10/32 1787/10/32 1785/10/32
f 1787/10/32 1786/10/32 1788/10/32
f 1791/10/32 1790/10/32 1789/10/32
f 1790/10/32 1791/10/32 1792/10/32
f 1795/10/8 1794/10/8 1793/10/8
f 1794/10/8 1795/10/8 1796/10/8
f 1794/10/23 1791/10/23 1789/10/23
f 1791/10/23 1794/10/23 1796/10/23
f 1791/10/7 1795/10/7 1792/10/7
f 1795/10/7 1791/10/7 1796/10/7
f 1795/10/12 1790/10/12 1792/10/12
f 1790/10/12 1795/10/12 1793/10/12
f 1794/10/19 1790/10/19 1793/10/19
f 1790/10/19 1794/10/19 1789/10/19
f 1799/10/32 1798/10/32 1797/10/32
f 1798/10/32 1799/10/32 1800/10/32
f 1803/10/8 1802/10/8 1801/10/8
f 1802/10/8 1803/10/8 1804/10/8
f 1802/10/23 1799/10/23 1797/10/23
f 1799/10/23 1802/10/23 1804/10/23
f 1799/10/7 1803/10/7 1800/10/7
f 1803/10/7 1799/10/7 1804/10/7
f 1803/10/12 1798/10/12 1800/10/12
f 1798/10/12 1803/10/12 1801/10/12
f 1802/10/19 1798/10/19 1801/10/19
f 1798/10/19 1802/10/19 1797/10/19
f 1807/10/8 1806/10/8 1805/10/8
f 1806/10/8 1807/10/8 1808/10/8
f 1805/10/7 1810/10/7 1809/10/7
f 1810/10/7 1805/10/7 1806/10/7
f 1812/10/19 1807/10/19 1811/10/19
f 1807/10/19 1812/10/19 1808/10/19
f 1810/10/32 1811/10/32 1809/10/32
f 1811/10/32 1810/10/32 1812/10/32
f 1815/10/32 1814/10/32 1813/10/32
f 1814/10/32 1815/10/32 1816/10/32
f 1819/10/8 1818/10/8 1817/10/8
f 1818/10/8 1819/10/8 1820/10/8
f 1818/10/23 1815/10/23 1813/10/23
f 1815/10/23 1818/10/23 1820/10/23
f 1815/10/7 1819/10/7 1816/10/7
f 1819/10/7 1815/10/7 1820/10/7
f 1819/10/12 1814/10/12 1816/10/12
f 1814/10/12 1819/10/12 1817/10/12
f 1818/10/19 1814/10/19 1817/10/19
f 1814/10/19 1818/10/19 1813/10/19
f 1823/10/32 1822/10/32 1821/10/32
f 1822/10/32 1823/10/32 1824/10/32
f 1827/10/8 1826/10/8 1825/10/8
f 1826/10/8 1827/10/8 1828/10/8
f 1826/10/23 1823/10/23 1821/10/23
f 1823/10/23 1826/10/23 1828/10/23
f 1823/10/7 1827/10/7 1824/10/7
f 1827/10/7 1823/10/7 1828/10/7
f 1827/10/12 1822/10/12 1824/10/12
f 1822/10/12 1827/10/12 1825/10/12
f 1826/10/19 1822/10/19 1825/10/19
f 1822/10/19 1826/10/19 1821/10/19
f 1831/10/8 1830/10/8 1829/10/8
f 1830/10/8 1831/10/8 1832/10/8
f 1829/10/7 1834/10/7 1833/10/7
f 1834/10/7 1829/10/7 1830/10/7
f 1836/10/19 1831/10/19 1835/10/19
f 1831/10/19 1836/10/19 1832/10/19
f 1834/10/32 1835/10/32 1833/10/32
f 1835/10/32 1834/10/32 1836/10/32
f 1839/10/32 1838/10/32 1837/10/32
f 1838/10/32 1839/10/32 1840/10/32
f 1843/10/8 1842/10/8 1841/10/8
f 1842/10/8 1843/10/8 1844/10/8
f 1842/10/23 1839/10/23 1837/10/23
f 1839/10/23 1842/10/23 1844/10/23
f 1839/10/7 1843/10/7 1840/10/7
f 1843/10/7 1839/10/7 1844/10/7
f 1843/10/12 1838/10/12 1840/10/12
f 1838/10/12 1843/10/12 1841/10/12
f 1842/10/19 1838/10/19 1841/10/19
f 1838/10/19 1842/10/19 1837/10/19
f 1847/10/32 1846/10/32 1845/10/32
f 1846/10/32 1847/10/32 1848/10/32
f 1851/10/8 1850/10/8 1849/10/8
f 1850/10/8 1851/10/8 1852/10/8
f 1850/10/23 1847/10/23 1845/10/23
f 1847/10/23 1850/10/23 1852/10/23
f 1847/10/7 1851/10/7 1848/10/7
f 1851/10/7 1847/10/7 1852/10/7
f 1851/10/12 1846/10/12 1848/10/12
f 1846/10/12 1851/10/12 1849/10/12
f 1850/10/19 1846/10/19 1849/10/19
f 1846/10/19 1850/10/19 1845/10/19
f 1855/10/8 1854/10/8 1853/10/8
f 1854/10/8 1855/10/8 1856/10/8
f 1853/10/7 1858/10/7 1857/10/7
f 1858/10/7 1853/10/7 1854/10/7
f 1860/10/19 1855/10/19 1859/10/19
f 1855/10/19 1860/10/19 1856/10/19
f 1858/10/32 1859/10/32 1857/10/32
f 1859/10/32 1858/10/32 1860/10/32
f 1863/4/424 1862/4/275 1861/4/276
f 1862/4/275 1863/4/424 1864/4/277
f 1867/4/278 1866/4/279 1865/4/280
f 1866/4/279 1867/4/278 1868/4/281
f 1871/4/282 1870/4/283 1869/4/284
f 1870/4/283 1871/4/282 1872/4/285
f 1875/4/286 1874/4/287 1873/4/288
f 1874/4/287 1875/4/286 1876/4/289
f 1879/4/425 1878/4/291 1877/4/426
f 1878/4/291 1879/4/425 1880/4/293
f 1883/4/294 1882/4/295 1881/4/296
f 1882/4/295 1883/4/294 1884/4/297
f 1886/4/298 1861/4/276 1885/4/299
f 1861/4/276 1886/4/298 1863/4/424
f 1861/4/276 1887/4/488 1885/4/299
f 1887/4/488 1861/4/276 1862/4/275
f 1862/4/275 1888/4/301 1887/4/488
f 1888/4/301 1862/4/275 1864/4/277
f 1886/4/298 1864/4/277 1863/4/424
f 1864/4/277 1886/4/298 1888/4/301
f 1881/4/296 1890/4/302 1889/4/489
f 1890/4/302 1881/4/296 1882/4/295
f 1882/4/295 1885/4/304 1890/4/302
f 1885/4/304 1882/4/295 1884/4/297
f 1886/4/305 1881/4/296 1889/4/489
f 1881/4/296 1886/4/305 1883/4/294
f 1886/4/305 1884/4/297 1883/4/294
f 1884/4/297 1886/4/305 1885/4/304
f 1892/4/306 1877/4/426 1891/4/307
f 1877/4/426 1892/4/306 1879/4/425
f 1877/4/426 1890/4/427 1891/4/307
f 1890/4/427 1877/4/426 1878/4/291
f 1878/4/291 1889/4/309 1890/4/427
f 1889/4/309 1878/4/291 1880/4/293
f 1892/4/306 1880/4/293 1879/4/425
f 1880/4/293 1892/4/306 1889/4/309
f 1866/4/279 1888/4/310 1892/4/311
f 1888/4/310 1866/4/279 1868/4/281
f 1887/4/312 1865/4/280 1891/4/313
f 1865/4/280 1887/4/312 1867/4/278
f 1891/4/313 1866/4/279 1892/4/311
f 1866/4/279 1891/4/313 1865/4/280
f 1887/4/312 1868/4/281 1867/4/278
f 1868/4/281 1887/4/312 1888/4/310
f 1892/4/314 1876/4/289 1875/4/286
f 1876/4/289 1892/4/314 1888/4/315
f 1873/4/288 1886/4/316 1889/4/317
f 1886/4/316 1873/4/288 1874/4/287
f 1892/4/314 1873/4/288 1889/4/317
f 1873/4/288 1892/4/314 1875/4/286
f 1874/4/287 1888/4/315 1886/4/316
f 1888/4/315 1874/4/287 1876/4/289
f 1885/4/318 1870/4/283 1890/4/319
f 1870/4/283 1885/4/318 1869/4/284
f 1887/4/320 1872/4/285 1871/4/282
f 1872/4/285 1887/4/320 1891/4/321
f 1870/4/283 1891/4/321 1890/4/319
f 1891/4/321 1870/4/283 1872/4/285
f 1887/4/320 1869/4/284 1885/4/318
f 1869/4/284 1887/4/320 1871/4/282
f 1895/7/370 1894/7/490 1893/7/372
f 1894/7/490 1895/7/370 1896/7/491
f 1899/7/374 1898/7/492 1897/7/493
f 1898/7/492 1899/7/374 1900/7/377
f 1903/7/378 1902/7/379 1901/7/380
f 1902/7/379 1903/7/378 1904/7/381
f 1907/7/382 1906/7/383 1905/7/384
f 1906/7/383 1907/7/382 1908/7/385
f 1911/7/386 1910/7/494 1909/7/388
f 1910/7/494 1911/7/386 1912/7/495
f 1915/7/496 1914/7/391 1913/7/392
f 1914/7/391 1915/7/496 1916/7/497
f 1918/7/394 1893/7/372 1917/7/395
f 1893/7/372 1918/7/394 1895/7/370
f 1893/7/372 1919/7/396 1917/7/395
f 1919/7/396 1893/7/372 1894/7/490
f 1894/7/490 1920/7/397 1919/7/396
f 1920/7/397 1894/7/490 1896/7/491
f 1918/7/394 1896/7/491 1895/7/370
f 1896/7/491 1918/7/394 1920/7/397
f 1913/7/392 1922/7/498 1921/7/399
f 1922/7/498 1913/7/392 1914/7/391
f 1914/7/391 1917/7/400 1922/7/498
f 1917/7/400 1914/7/391 1916/7/497
f 1918/7/401 1913/7/392 1921/7/399
f 1913/7/392 1918/7/401 1915/7/496
f 1918/7/401 1916/7/497 1915/7/496
f 1916/7/497 1918/7/401 1917/7/400
f 1924/7/402 1909/7/388 1923/7/403
f 1909/7/388 1924/7/402 1911/7/386
f 1909/7/388 1922/7/404 1923/7/403
f 1922/7/404 1909/7/388 1910/7/494
f 1910/7/494 1921/7/405 1922/7/404
f 1921/7/405 1910/7/494 1912/7/495
f 1924/7/402 1912/7/495 1911/7/386
f 1912/7/495 1924/7/402 1921/7/405
f 1898/7/492 1920/7/406 1924/7/407
f 1920/7/406 1898/7/492 1900/7/377
f 1919/7/408 1897/7/493 1923/7/409
f 1897/7/493 1919/7/408 1899/7/374
f 1923/7/409 1898/7/492 1924/7/407
f 1898/7/492 1923/7/409 1897/7/493
f 1919/7/408 1900/7/377 1899/7/374
f 1900/7/377 1919/7/408 1920/7/406
f 1924/7/410 1908/7/385 1907/7/382
f 1908/7/385 1924/7/410 1920/7/411
f 1905/7/384 1918/7/412 1921/7/413
f 1918/7/412 1905/7/384 1906/7/383
f 1924/7/410 1905/7/384 1921/7/413
f 1905/7/384 1924/7/410 1907/7/382
f 1906/7/383 1920/7/411 1918/7/412
f 1920/7/411 1906/7/383 1908/7/385
f 1917/7/414 1902/7/379 1922/7/415
f 1902/7/379 1917/7/414 1901/7/380
f 1919/7/416 1904/7/381 1903/7/378
f 1904/7/381 1919/7/416 1923/7/417
f 1902/7/379 1923/7/417 1922/7/415
f 1923/7/417 1902/7/379 1904/7/381
f 1919/7/416 1901/7/380 1917/7/414
f 1901/7/380 1919/7/416 1903/7/378
f 1927/4/296 1926/4/297 1925/4/295
f 1926/4/297 1927/4/296 1928/4/294
f 1931/4/276 1930/4/277 1929/4/275
f 1930/4/277 1931/4/276 1932/4/424
f 1935/4/284 1934/4/285 1933/4/283
f 1934/4/285 1935/4/284 1936/4/282
f 1939/4/289 1938/4/288 1937/4/286
f 1938/4/288 1939/4/289 1940/4/287
f 1943/4/281 1942/4/280 1941/4/278
f 1942/4/280 1943/4/281 1944/4/279
f 1947/4/293 1946/4/426 1945/4/425
f 1946/4/426 1947/4/293 1948/4/291
f 1950/4/489 1925/4/295 1949/4/499
f 1925/4/295 1950/4/489 1927/4/296
f 1925/4/295 1951/4/304 1949/4/499
f 1951/4/304 1925/4/295 1926/4/297
f 1926/4/297 1952/4/482 1951/4/304
f 1952/4/482 1926/4/297 1928/4/294
f 1950/4/489 1928/4/294 1927/4/296
f 1928/4/294 1950/4/489 1952/4/482
f 1945/4/425 1954/4/307 1953/4/306
f 1954/4/307 1945/4/425 1946/4/426
f 1946/4/426 1949/4/427 1954/4/307
f 1949/4/427 1946/4/426 1948/4/291
f 1950/4/309 1945/4/425 1953/4/306
f 1945/4/425 1950/4/309 1947/4/293
f 1950/4/309 1948/4/291 1947/4/293
f 1948/4/291 1950/4/309 1949/4/427
f 1956/4/310 1941/4/278 1955/4/312
f 1941/4/278 1956/4/310 1943/4/281
f 1941/4/278 1954/4/500 1955/4/312
f 1954/4/500 1941/4/278 1942/4/280
f 1942/4/280 1953/4/311 1954/4/500
f 1953/4/311 1942/4/280 1944/4/279
f 1956/4/310 1944/4/279 1943/4/281
f 1944/4/279 1956/4/310 1953/4/311
f 1930/4/277 1952/4/298 1956/4/301
f 1952/4/298 1930/4/277 1932/4/424
f 1951/4/299 1929/4/275 1955/4/501
f 1929/4/275 1951/4/299 1931/4/276
f 1955/4/501 1930/4/277 1956/4/301
f 1930/4/277 1955/4/501 1929/4/275
f 1951/4/299 1932/4/424 1931/4/276
f 1932/4/424 1951/4/299 1952/4/298
f 1956/4/315 1940/4/287 1939/4/289
f 1940/4/287 1956/4/315 1952/4/316
f 1937/4/286 1950/4/317 1953/4/314
f 1950/4/317 1937/4/286 1938/4/288
f 1956/4/315 1937/4/286 1953/4/314
f 1937/4/286 1956/4/315 1939/4/289
f 1938/4/288 1952/4/316 1950/4/317
f 1952/4/316 1938/4/288 1940/4/287
f 1949/4/319 1934/4/285 1954/4/321
f 1934/4/285 1949/4/319 1933/4/283
f 1951/4/318 1936/4/282 1935/4/284
f 1936/4/282 1951/4/318 1955/4/320
f 1934/4/285 1955/4/320 1954/4/321
f 1955/4/320 1934/4/285 1936/4/282
f 1951/4/318 1933/4/283 1949/4/319
f 1933/4/283 1951/4/318 1935/4/284
f 1959/8/502 1958/8/56 1957/8/503
f 1958/8/56 1959/8/502 1960/8/53
f 1963/8/35 1962/8/36 1961/8/34
f 1962/8/36 1963/8/35 1964/8/33
f 1967/8/43 1966/8/44 1965/8/42
f 1966/8/44 1967/8/43 1968/8/41
f 1971/8/48 1970/8/47 1969/8/45
f 1970/8/47 1971/8/48 1972/8/46
f 1975/8/40 1974/8/39 1973/8/504
f 1974/8/39 1975/8/40 1976/8/38
f 1979/8/52 1978/8/51 1977/8/49
f 1978/8/51 1979/8/52 1980/8/50
f 1982/8/62 1957/8/503 1981/8/61
f 1957/8/503 1982/8/62 1959/8/502
f 1957/8/503 1983/8/63 1981/8/61
f 1983/8/63 1957/8/503 1958/8/56
f 1958/8/56 1984/8/64 1983/8/63
f 1984/8/64 1958/8/56 1960/8/53
f 1982/8/62 1960/8/53 1959/8/502
f 1960/8/53 1982/8/62 1984/8/64
f 1977/8/49 1986/8/66 1985/8/65
f 1986/8/66 1977/8/49 1978/8/51
f 1978/8/51 1981/8/67 1986/8/66
f 1981/8/67 1978/8/51 1980/8/50
f 1982/8/68 1977/8/49 1985/8/65
f 1977/8/49 1982/8/68 1979/8/52
f 1982/8/68 1980/8/50 1979/8/52
f 1980/8/50 1982/8/68 1981/8/67
f 1988/8/69 1973/8/504 1987/8/71
f 1973/8/504 1988/8/69 1975/8/40
f 1973/8/504 1986/8/72 1987/8/71
f 1986/8/72 1973/8/504 1974/8/39
f 1974/8/39 1985/8/70 1986/8/72
f 1985/8/70 1974/8/39 1976/8/38
f 1988/8/69 1976/8/38 1975/8/40
f 1976/8/38 1988/8/69 1985/8/70
f 1962/8/36 1984/8/57 1988/8/60
f 1984/8/57 1962/8/36 1964/8/33
f 1983/8/58 1961/8/34 1987/8/59
f 1961/8/34 1983/8/58 1963/8/35
f 1987/8/59 1962/8/36 1988/8/60
f 1962/8/36 1987/8/59 1961/8/34
f 1983/8/58 1964/8/33 1963/8/35
f 1964/8/33 1983/8/58 1984/8/57
f 1988/8/74 1972/8/46 1971/8/48
f 1972/8/46 1988/8/74 1984/8/75
f 1969/8/45 1982/8/76 1985/8/73
f 1982/8/76 1969/8/45 1970/8/47
f 1988/8/74 1969/8/45 1985/8/73
f 1969/8/45 1988/8/74 1971/8/48
f 1970/8/47 1984/8/75 1982/8/76
f 1984/8/75 1970/8/47 1972/8/46
f 1981/8/78 1966/8/44 1986/8/505
f 1966/8/44 1981/8/78 1965/8/42
f 1983/8/77 1968/8/41 1967/8/43
f 1968/8/41 1983/8/77 1987/8/506
f 1966/8/44 1987/8/506 1986/8/505
f 1987/8/506 1966/8/44 1968/8/41
f 1983/8/77 1965/8/42 1981/8/78
f 1965/8/42 1983/8/77 1967/8/43
f 1991/7/392 1990/7/497 1989/7/391
f 1990/7/497 1991/7/392 1992/7/390
f 1995/7/372 1994/7/491 1993/7/371
f 1994/7/491 1995/7/372 1996/7/370
f 1999/7/380 1998/7/381 1997/7/379
f 1998/7/381 1999/7/380 2000/7/378
f 2003/7/385 2002/7/384 2001/7/382
f 2002/7/384 2003/7/385 2004/7/383
f 2007/7/377 2006/7/493 2005/7/374
f 2006/7/493 2007/7/377 2008/7/375
f 2011/7/495 2010/7/388 2009/7/386
f 2010/7/388 2011/7/495 2012/7/387
f 2014/7/399 1989/7/391 2013/7/498
f 1989/7/391 2014/7/399 1991/7/392
f 1989/7/391 2015/7/400 2013/7/498
f 2015/7/400 1989/7/391 1990/7/497
f 1990/7/497 2016/7/401 2015/7/400
f 2016/7/401 1990/7/497 1992/7/390
f 2014/7/399 1992/7/390 1991/7/392
f 1992/7/390 2014/7/399 2016/7/401
f 2009/7/386 2018/7/403 2017/7/402
f 2018/7/403 2009/7/386 2010/7/388
f 2010/7/388 2013/7/404 2018/7/403
f 2013/7/404 2010/7/388 2012/7/387
f 2014/7/405 2009/7/386 2017/7/402
f 2009/7/386 2014/7/405 2011/7/495
f 2014/7/405 2012/7/387 2011/7/495
f 2012/7/387 2014/7/405 2013/7/404
f 2020/7/406 2005/7/374 2019/7/408
f 2005/7/374 2020/7/406 2007/7/377
f 2005/7/374 2018/7/409 2019/7/408
f 2018/7/409 2005/7/374 2006/7/493
f 2006/7/493 2017/7/407 2018/7/409
f 2017/7/407 2006/7/493 2008/7/375
f 2020/7/406 2008/7/375 2007/7/377
f 2008/7/375 2020/7/406 2017/7/407
f 1994/7/491 2016/7/394 2020/7/397
f 2016/7/394 1994/7/491 1996/7/370
f 2015/7/395 1993/7/371 2019/7/396
f 1993/7/371 2015/7/395 1995/7/372
f 2019/7/396 1994/7/491 2020/7/397
f 1994/7/491 2019/7/396 1993/7/371
f 2015/7/395 1996/7/370 1995/7/372
f 1996/7/370 2015/7/395 2016/7/394
f 2020/7/507 2004/7/383 2003/7/385
f 2004/7/383 2020/7/507 2016/7/412
f 2001/7/382 2014/7/508 2017/7/410
f 2014/7/508 2001/7/382 2002/7/384
f 2020/7/507 2001/7/382 2017/7/410
f 2001/7/382 2020/7/507 2003/7/385
f 2002/7/384 2016/7/412 2014/7/508
f 2016/7/412 2002/7/384 2004/7/383
f 2013/7/509 1998/7/381 2018/7/417
f 1998/7/381 2013/7/509 1997/7/379
f 2015/7/510 2000/7/378 1999/7/380
f 2000/7/378 2015/7/510 2019/7/416
f 1998/7/381 2019/7/416 2018/7/417
f 2019/7/416 1998/7/381 2000/7/378
f 2015/7/510 1997/7/379 2013/7/509
f 1997/7/379 2015/7/510 1999/7/380
f 2023/8/511 2022/8/512 2021/8/513
f 2022/8/512 2023/8/511 2024/8/514
f 2027/8/515 2026/8/516 2025/8/517
f 2026/8/516 2027/8/515 2028/8/518
f 2031/8/519 2030/8/520 2029/8/521
f 2030/8/520 2031/8/519 2032/8/522
f 2035/8/523 2034/8/524 2033/8/525
f 2034/8/524 2035/8/523 2036/8/526
f 2039/8/527 2038/8/528 2037/8/529
f 2038/8/528 2039/8/527 2040/8/530
f 2043/8/531 2042/8/532 2041/8/533
f 2042/8/532 2043/8/531 2044/8/534
f 2046/8/535 2021/8/513 2045/8/536
f 2021/8/513 2046/8/535 2023/8/511
f 2021/8/513 2047/8/537 2045/8/536
f 2047/8/537 2021/8/513 2022/8/512
f 2022/8/512 2048/8/538 2047/8/537
f 2048/8/538 2022/8/512 2024/8/514
f 2046/8/535 2024/8/514 2023/8/511
f 2024/8/514 2046/8/535 2048/8/538
f 2041/8/533 2050/8/539 2049/8/540
f 2050/8/539 2041/8/533 2042/8/532
f 2042/8/532 2045/8/541 2050/8/539
f 2045/8/541 2042/8/532 2044/8/534
f 2046/8/542 2041/8/533 2049/8/540
f 2041/8/533 2046/8/542 2043/8/531
f 2046/8/542 2044/8/534 2043/8/531
f 2044/8/534 2046/8/542 2045/8/541
f 2052/8/543 2037/8/529 2051/8/544
f 2037/8/529 2052/8/543 2039/8/527
f 2037/8/529 2050/8/545 2051/8/544
f 2050/8/545 2037/8/529 2038/8/528
f 2038/8/528 2049/8/546 2050/8/545
f 2049/8/546 2038/8/528 2040/8/530
f 2052/8/543 2040/8/530 2039/8/527
f 2040/8/530 2052/8/543 2049/8/546
f 2026/8/516 2048/8/547 2052/8/548
f 2048/8/547 2026/8/516 2028/8/518
f 2047/8/549 2025/8/517 2051/8/550
f 2025/8/517 2047/8/549 2027/8/515
f 2051/8/550 2026/8/516 2052/8/548
f 2026/8/516 2051/8/550 2025/8/517
f 2047/8/549 2028/8/518 2027/8/515
f 2028/8/518 2047/8/549 2048/8/547
f 2052/8/551 2036/8/526 2035/8/523
f 2036/8/526 2052/8/551 2048/8/552
f 2033/8/525 2046/8/553 2049/8/554
f 2046/8/553 2033/8/525 2034/8/524
f 2052/8/551 2033/8/525 2049/8/554
f 2033/8/525 2052/8/551 2035/8/523
f 2034/8/524 2048/8/552 2046/8/553
f 2048/8/552 2034/8/524 2036/8/526
f 2045/8/555 2030/8/520 2050/8/556
f 2030/8/520 2045/8/555 2029/8/521
f 2047/8/557 2032/8/522 2031/8/519
f 2032/8/522 2047/8/557 2051/8/558
f 2030/8/520 2051/8/558 2050/8/556
f 2051/8/558 2030/8/520 2032/8/522
f 2047/8/557 2029/8/521 2045/8/555
f 2029/8/521 2047/8/557 2031/8/519
f 2055/8/137 2054/8/559 2053/8/134
f 2054/8/559 2055/8/137 2056/8/560
f 2059/8/148 2058/8/149 2057/8/147
f 2058/8/149 2059/8/148 2060/8/146
f 2063/8/141 2062/8/140 2061/8/138
f 2062/8/140 2063/8/141 2064/8/139
f 2067/8/144 2066/8/145 2065/8/143
f 2066/8/145 2067/8/144 2068/8/142
f 2071/8/152 2070/8/153 2069/8/151
f 2070/8/153 2071/8/152 2072/8/561
f 2075/8/562 2074/8/132 2073/8/130
f 2074/8/132 2075/8/562 2076/8/131
f 2078/8/563 2053/8/134 2077/8/168
f 2053/8/134 2078/8/563 2055/8/137
f 2053/8/134 2079/8/169 2077/8/168
f 2079/8/169 2053/8/134 2054/8/559
f 2054/8/559 2080/8/167 2079/8/169
f 2080/8/167 2054/8/559 2056/8/560
f 2078/8/563 2056/8/560 2055/8/137
f 2056/8/560 2078/8/563 2080/8/167
f 2073/8/130 2082/8/155 2081/8/564
f 2082/8/155 2073/8/130 2074/8/132
f 2074/8/132 2077/8/156 2082/8/155
f 2077/8/156 2074/8/132 2076/8/131
f 2078/8/157 2073/8/130 2081/8/564
f 2073/8/130 2078/8/157 2075/8/562
f 2078/8/157 2076/8/131 2075/8/562
f 2076/8/131 2078/8/157 2077/8/156
f 2084/8/565 2069/8/151 2083/8/158
f 2069/8/151 2084/8/565 2071/8/152
f 2069/8/151 2082/8/160 2083/8/158
f 2082/8/160 2069/8/151 2070/8/153
f 2070/8/153 2081/8/161 2082/8/160
f 2081/8/161 2070/8/153 2072/8/561
f 2084/8/565 2072/8/561 2071/8/152
f 2072/8/561 2084/8/565 2081/8/161
f 2058/8/149 2080/8/162 2084/8/165
f 2080/8/162 2058/8/149 2060/8/146
f 2079/8/566 2057/8/147 2083/8/164
f 2057/8/147 2079/8/566 2059/8/148
f 2083/8/164 2058/8/149 2084/8/165
f 2058/8/149 2083/8/164 2057/8/147
f 2079/8/566 2060/8/146 2059/8/148
f 2060/8/146 2079/8/566 2080/8/162
f 2084/8/173 2068/8/142 2067/8/144
f 2068/8/142 2084/8/173 2080/8/170
f 2065/8/143 2078/8/171 2081/8/172
f 2078/8/171 2065/8/143 2066/8/145
f 2084/8/173 2065/8/143 2081/8/172
f 2065/8/143 2084/8/173 2067/8/144
f 2066/8/145 2080/8/170 2078/8/171
f 2080/8/170 2066/8/145 2068/8/142
f 2077/8/176 2062/8/140 2082/8/174
f 2062/8/140 2077/8/176 2061/8/138
f 2079/8/177 2064/8/139 2063/8/141
f 2064/8/139 2079/8/177 2083/8/175
f 2062/8/140 2083/8/175 2082/8/174
f 2083/8/175 2062/8/140 2064/8/139
f 2079/8/177 2061/8/138 2077/8/176
f 2061/8/138 2079/8/177 2063/8/141
f 2087/4/137 2086/4/136 2085/4/134
f 2086/4/136 2087/4/137 2088/4/135
f 2091/4/148 2090/4/149 2089/4/147
f 2090/4/149 2091/4/148 2092/4/146
f 2095/4/141 2094/4/140 2093/4/138
f 2094/4/140 2095/4/141 2096/4/139
f 2099/4/144 2098/4/145 2097/4/143
f 2098/4/145 2099/4/144 2100/4/142
f 2103/4/152 2102/4/153 2101/4/151
f 2102/4/153 2103/4/152 2104/4/561
f 2107/4/133 2106/4/132 2105/4/130
f 2106/4/132 2107/4/133 2108/4/131
f 2110/4/166 2085/4/134 2109/4/168
f 2085/4/134 2110/4/166 2087/4/137
f 2085/4/134 2111/4/169 2109/4/168
f 2111/4/169 2085/4/134 2086/4/136
f 2086/4/136 2112/4/567 2111/4/169
f 2112/4/567 2086/4/136 2088/4/135
f 2110/4/166 2088/4/135 2087/4/137
f 2088/4/135 2110/4/166 2112/4/567
f 2105/4/130 2114/4/568 2113/4/564
f 2114/4/568 2105/4/130 2106/4/132
f 2106/4/132 2109/4/156 2114/4/568
f 2109/4/156 2106/4/132 2108/4/131
f 2110/4/157 2105/4/130 2113/4/564
f 2105/4/130 2110/4/157 2107/4/133
f 2110/4/157 2108/4/131 2107/4/133
f 2108/4/131 2110/4/157 2109/4/156
f 2116/4/159 2101/4/151 2115/4/569
f 2101/4/151 2116/4/159 2103/4/152
f 2101/4/151 2114/4/160 2115/4/569
f 2114/4/160 2101/4/151 2102/4/153
f 2102/4/153 2113/4/570 2114/4/160
f 2113/4/570 2102/4/153 2104/4/561
f 2116/4/159 2104/4/561 2103/4/152
f 2104/4/561 2116/4/159 2113/4/570
f 2090/4/149 2112/4/571 2116/4/165
f 2112/4/571 2090/4/149 2092/4/146
f 2111/4/163 2089/4/147 2115/4/164
f 2089/4/147 2111/4/163 2091/4/148
f 2115/4/164 2090/4/149 2116/4/165
f 2090/4/149 2115/4/164 2089/4/147
f 2111/4/163 2092/4/146 2091/4/148
f 2092/4/146 2111/4/163 2112/4/571
f 2116/4/173 2100/4/142 2099/4/144
f 2100/4/142 2116/4/173 2112/4/170
f 2097/4/143 2110/4/171 2113/4/172
f 2110/4/171 2097/4/143 2098/4/145
f 2116/4/173 2097/4/143 2113/4/172
f 2097/4/143 2116/4/173 2099/4/144
f 2098/4/145 2112/4/170 2110/4/171
f 2112/4/170 2098/4/145 2100/4/142
f 2109/4/176 2094/4/140 2114/4/174
f 2094/4/140 2109/4/176 2093/4/138
f 2111/4/177 2096/4/139 2095/4/141
f 2096/4/139 2111/4/177 2115/4/175
f 2094/4/140 2115/4/175 2114/4/174
f 2115/4/175 2094/4/140 2096/4/139
f 2111/4/177 2093/4/138 2109/4/176
f 2093/4/138 2111/4/177 2095/4/141
f 2119/7/572 2118/7/573 2117/7/574
f 2118/7/573 2119/7/572 2120/7/575
f 2123/7/576 2122/7/577 2121/7/578
f 2122/7/577 2123/7/576 2124/7/579
f 2127/7/580 2126/7/581 2125/7/582
f 2126/7/581 2127/7/580 2128/7/583
f 2131/7/584 2130/7/585 2129/7/586
f 2130/7/585 2131/7/584 2132/7/587
f 2135/7/588 2134/7/589 2133/7/590
f 2134/7/589 2135/7/588 2136/7/591
f 2139/7/592 2138/7/593 2137/7/594
f 2138/7/593 2139/7/592 2140/7/595
f 2142/7/596 2117/7/574 2141/7/597
f 2117/7/574 2142/7/596 2119/7/572
f 2117/7/574 2143/7/598 2141/7/597
f 2143/7/598 2117/7/574 2118/7/573
f 2118/7/573 2144/7/599 2143/7/598
f 2144/7/599 2118/7/573 2120/7/575
f 2142/7/596 2120/7/575 2119/7/572
f 2120/7/575 2142/7/596 2144/7/599
f 2137/7/594 2146/7/600 2145/7/601
f 2146/7/600 2137/7/594 2138/7/593
f 2138/7/593 2141/7/602 2146/7/600
f 2141/7/602 2138/7/593 2140/7/595
f 2142/7/603 2137/7/594 2145/7/601
f 2137/7/594 2142/7/603 2139/7/592
f 2142/7/603 2140/7/595 2139/7/592
f 2140/7/595 2142/7/603 2141/7/602
f 2148/7/604 2133/7/590 2147/7/605
f 2133/7/590 2148/7/604 2135/7/588
f 2133/7/590 2146/7/606 2147/7/605
f 2146/7/606 2133/7/590 2134/7/589
f 2134/7/589 2145/7/607 2146/7/606
f 2145/7/607 2134/7/589 2136/7/591
f 2148/7/604 2136/7/591 2135/7/588
f 2136/7/591 2148/7/604 2145/7/607
f 2122/7/577 2144/7/608 2148/7/609
f 2144/7/608 2122/7/577 2124/7/579
f 2143/7/610 2121/7/578 2147/7/611
f 2121/7/578 2143/7/610 2123/7/576
f 2147/7/611 2122/7/577 2148/7/609
f 2122/7/577 2147/7/611 2121/7/578
f 2143/7/610 2124/7/579 2123/7/576
f 2124/7/579 2143/7/610 2144/7/608
f 2148/7/612 2132/7/587 2131/7/584
f 2132/7/587 2148/7/612 2144/7/613
f 2129/7/586 2142/7/614 2145/7/615
f 2142/7/614 2129/7/586 2130/7/585
f 2148/7/612 2129/7/586 2145/7/615
f 2129/7/586 2148/7/612 2131/7/584
f 2130/7/585 2144/7/613 2142/7/614
f 2144/7/613 2130/7/585 2132/7/587
f 2141/7/616 2126/7/581 2146/7/617
f 2126/7/581 2141/7/616 2125/7/582
f 2143/7/618 2128/7/583 2127/7/580
f 2128/7/583 2143/7/618 2147/7/619
f 2126/7/581 2147/7/619 2146/7/617
f 2147/7/619 2126/7/581 2128/7/583
f 2143/7/618 2125/7/582 2141/7/616
f 2125/7/582 2143/7/618 2127/7/580
f 2151/8/620 2150/8/621 2149/8/622
f 2150/8/621 2151/8/620 2152/8/623
f 2155/8/624 2154/8/625 2153/8/626
f 2154/8/625 2155/8/624 2156/8/627
f 2159/8/628 2158/8/629 2157/8/630
f 2158/8/629 2159/8/628 2160/8/631
f 2163/8/632 2162/8/633 2161/8/634
f 2162/8/633 2163/8/632 2164/8/635
f 2167/8/636 2166/8/637 2165/8/638
f 2166/8/637 2167/8/636 2168/8/639
f 2171/8/640 2170/8/641 2169/8/642
f 2170/8/641 2171/8/640 2172/8/643
f 2174/8/644 2149/8/622 2173/8/645
f 2149/8/622 2174/8/644 2151/8/620
f 2149/8/622 2175/8/646 2173/8/645
f 2175/8/646 2149/8/622 2150/8/621
f 2150/8/621 2176/8/647 2175/8/646
f 2176/8/647 2150/8/621 2152/8/623
f 2174/8/644 2152/8/623 2151/8/620
f 2152/8/623 2174/8/644 2176/8/647
f 2169/8/642 2178/8/648 2177/8/649
f 2178/8/648 2169/8/642 2170/8/641
f 2170/8/641 2173/8/650 2178/8/648
f 2173/8/650 2170/8/641 2172/8/643
f 2174/8/651 2169/8/642 2177/8/649
f 2169/8/642 2174/8/651 2171/8/640
f 2174/8/651 2172/8/643 2171/8/640
f 2172/8/643 2174/8/651 2173/8/650
f 2180/8/652 2165/8/638 2179/8/653
f 2165/8/638 2180/8/652 2167/8/636
f 2165/8/638 2178/8/654 2179/8/653
f 2178/8/654 2165/8/638 2166/8/637
f 2166/8/637 2177/8/655 2178/8/654
f 2177/8/655 2166/8/637 2168/8/639
f 2180/8/652 2168/8/639 2167/8/636
f 2168/8/639 2180/8/652 2177/8/655
f 2154/8/625 2176/8/656 2180/8/657
f 2176/8/656 2154/8/625 2156/8/627
f 2175/8/658 2153/8/626 2179/8/659
f 2153/8/626 2175/8/658 2155/8/624
f 2179/8/659 2154/8/625 2180/8/657
f 2154/8/625 2179/8/659 2153/8/626
f 2175/8/658 2156/8/627 2155/8/624
f 2156/8/627 2175/8/658 2176/8/656
f 2180/8/660 2164/8/635 2163/8/632
f 2164/8/635 2180/8/660 2176/8/661
f 2161/8/634 2174/8/662 2177/8/663
f 2174/8/662 2161/8/634 2162/8/633
f 2180/8/660 2161/8/634 2177/8/663
f 2161/8/634 2180/8/660 2163/8/632
f 2162/8/633 2176/8/661 2174/8/662
f 2176/8/661 2162/8/633 2164/8/635
f 2173/8/664 2158/8/629 2178/8/665
f 2158/8/629 2173/8/664 2157/8/630
f 2175/8/666 2160/8/631 2159/8/628
f 2160/8/631 2175/8/666 2179/8/667
f 2158/8/629 2179/8/667 2178/8/665
f 2179/8/667 2158/8/629 2160/8/631
f 2175/8/666 2157/8/630 2173/8/664
f 2157/8/630 2175/8/666 2159/8/628
f 2183/10/32 2182/10/32 2181/10/32
f 2182/10/32 2183/10/32 2184/10/32
f 2187/10/8 2186/10/8 2185/10/8
f 2186/10/8 2187/10/8 2188/10/8
f 2186/10/23 2183/10/23 2181/10/23
f 2183/10/23 2186/10/23 2188/10/23
f 2183/10/7 2187/10/7 2184/10/7
f 2187/10/7 2183/10/7 2188/10/7
f 2187/10/12 2182/10/12 2184/10/12
f 2182/10/12 2187/10/12 2185/10/12
f 2186/10/19 2182/10/19 2185/10/19
f 2182/10/19 2186/10/19 2181/10/19
f 2191/10/32 2190/10/32 2189/10/32
f 2190/10/32 2191/10/32 2192/10/32
f 2195/10/8 2194/10/8 2193/10/8
f 2194/10/8 2195/10/8 2196/10/8
f 2194/10/23 2191/10/23 2189/10/23
f 2191/10/23 2194/10/23 2196/10/23
f 2191/10/7 2195/10/7 2192/10/7
f 2195/10/7 2191/10/7 2196/10/7
f 2195/10/12 2190/10/12 2192/10/12
f 2190/10/12 2195/10/12 2193/10/12
f 2194/10/19 2190/10/19 2193/10/19
f 2190/10/19 2194/10/19 2189/10/19
f 2199/10/8 2198/10/8 2197/10/8
f 2198/10/8 2199/10/8 2200/10/8
f 2197/10/7 2202/10/7 2201/10/7
f 2202/10/7 2197/10/7 2198/10/7
f 2204/10/19 2199/10/19 2203/10/19
f 2199/10/19 2204/10/19 2200/10/19
f 2202/10/32 2203/10/32 2201/10/32
f 2203/10/32 2202/10/32 2204/10/32
f 2207/10/32 2206/10/32 2205/10/32
f 2206/10/32 2207/10/32 2208/10/32
f 2211/10/8 2210/10/8 2209/10/8
f 2210/10/8 2211/10/8 2212/10/8
f 2210/10/23 2207/10/23 2205/10/23
f 2207/10/23 2210/10/23 2212/10/23
f 2207/10/7 2211/10/7 2208/10/7
f 2211/10/7 2207/10/7 2212/10/7
f 2211/10/12 2206/10/12 2208/10/12
f 2206/10/12 2211/10/12 2209/10/12
f 2210/10/19 2206/10/19 2209/10/19
f 2206/10/19 2210/10/19 2205/10/19
f 2215/10/32 2214/10/32 2213/10/32
f 2214/10/32 2215/10/32 2216/10/32
f 2219/10/8 2218/10/8 2217/10/8
f 2218/10/8 2219/10/8 2220/10/8
f 2218/10/23 2215/10/23 2213/10/23
f 2215/10/23 2218/10/23 2220/10/23
f 2215/10/7 2219/10/7 2216/10/7
f 2219/10/7 2215/10/7 2220/10/7
f 2219/10/12 2214/10/12 2216/10/12
f 2214/10/12 2219/10/12 2217/10/12
f 2218/10/19 2214/10/19 2217/10/19
f 2214/10/19 2218/10/19 2213/10/19
f 2223/10/8 2222/10/8 2221/10/8
f 2222/10/8 2223/10/8 2224/10/8
f 2221/10/7 2226/10/7 2225/10/7
f 2226/10/7 2221/10/7 2222/10/7
f 2228/10/19 2223/10/19 2227/10/19
f 2223/10/19 2228/10/19 2224/10/19
f 2226/10/32 2227/10/32 2225/10/32
f 2227/10/32 2226/10/32 2228/10/32
f 2231/10/32 2230/10/32 2229/10/32
f 2230/10/32 2231/10/32 2232/10/32
f 2235/10/8 2234/10/8 2233/10/8
f 2234/10/8 2235/10/8 2236/10/8
f 2234/10/23 2231/10/23 2229/10/23
f 2231/10/23 2234/10/23 2236/10/23
f 2231/10/7 2235/10/7 2232/10/7
f 2235/10/7 2231/10/7 2236/10/7
f 2235/10/12 2230/10/12 2232/10/12
f 2230/10/12 2235/10/12 2233/10/12
f 2234/10/19 2230/10/19 2233/10/19
f 2230/10/19 2234/10/19 2229/10/19
f 2239/10/32 2238/10/32 2237/10/32
f 2238/10/32 2239/10/32 2240/10/32
f 2243/10/8 2242/10/8 2241/10/8
f 2242/10/8 2243/10/8 2244/10/8
f 2242/10/23 2239/10/23 2237/10/23
f 2239/10/23 2242/10/23 2244/10/23
f 2239/10/7 2243/10/7 2240/10/7
f 2243/10/7 2239/10/7 2244/10/7
f 2243/10/12 2238/10/12 2240/10/12
f 2238/10/12 2243/10/12 2241/10/12
f 2242/10/19 2238/10/19 2241/10/19
f 2238/10/19 2242/10/19 2237/10/19
f 2247/10/8 2246/10/8 2245/10/8
f 2246/10/8 2247/10/8 2248/10/8
f 2245/10/7 2250/10/7 2249/10/7
f 2250/10/7 2245/10/7 2246/10/7
f 2252/10/19 2247/10/19 2251/10/19
f 2247/10/19 2252/10/19 2248/10/19
f 2250/10/32 2251/10/32 2249/10/32
f 2251/10/32 2250/10/32 2252/10/32
f 2255/10/32 2254/10/32 2253/10/32
f 2254/10/32 2255/10/32 2256/10/32
f 2259/10/8 2258/10/8 2257/10/8
f 2258/10/8 2259/10/8 2260/10/8
f 2258/10/23 2255/10/23 2253/10/23
f 2255/10/23 2258/10/23 2260/10/23
f 2255/10/7 2259/10/7 2256/10/7
f 2259/10/7 2255/10/7 2260/10/7
f 2259/10/12 2254/10/12 2256/10/12
f 2254/10/12 2259/10/12 2257/10/12
f 2258/10/19 2254/10/19 2257/10/19
f 2254/10/19 2258/10/19 2253/10/19
f 2263/10/32 2262/10/32 2261/10/32
f 2262/10/32 2263/10/32 2264/10/32
f 2267/10/8 2266/10/8 2265/10/8
f 2266/10/8 2267/10/8 2268/10/8
f 2266/10/23 2263/10/23 2261/10/23
f 2263/10/23 2266/10/23 2268/10/23
f 2263/10/7 2267/10/7 2264/10/7
f 2267/10/7 2263/10/7 2268/10/7
f 2267/10/12 2262/10/12 2264/10/12
f 2262/10/12 2267/10/12 2265/10/12
f 2266/10/19 2262/10/19 2265/10/19
f 2262/10/19 2266/10/19 2261/10/19
f 2271/10/8 2270/10/8 2269/10/8
f 2270/10/8 2271/10/8 2272/10/8
f 2269/10/7 2274/10/7 2273/10/7
f 2274/10/7 2269/10/7 2270/10/7
f 2276/10/19 2271/10/19 2275/10/19
f 2271/10/19 2276/10/19 2272/10/19
f 2274/10/32 2275/10/32 2273/10/32
f 2275/10/32 2274/10/32 2276/10/32
f 2279/10/32 2278/10/32 2277/10/32
f 2278/10/32 2279/10/32 2280/10/32
f 2283/10/8 2282/10/8 2281/10/8
f 2282/10/8 2283/10/8 2284/10/8
f 2282/10/7 2279/10/7 2277/10/7
f 2279/10/7 2282/10/7 2284/10/7
f 2279/10/12 2283/10/12 2280/10/12
f 2283/10/12 2279/10/12 2284/10/12
f 2283/10/19 2278/10/19 2280/10/19
f 2278/10/19 2283/10/19 2281/10/19
f 2282/10/23 2278/10/23 2281/10/23
f 2278/10/23 2282/10/23 2277/10/23
f 2287/10/32 2286/10/32 2285/10/32
f 2286/10/32 2287/10/32 2288/10/32
f 2291/10/8 2290/10/8 2289/10/8
f 2290/10/8 2291/10/8 2292/10/8
f 2290/10/7 2287/10/7 2285/10/7
f 2287/10/7 2290/10/7 2292/10/7
f 2287/10/12 2291/10/12 2288/10/12
f 2291/10/12 2287/10/12 2292/10/12
f 2291/10/19 2286/10/19 2288/10/19
f 2286/10/19 2291/10/19 2289/10/19
f 2290/10/23 2286/10/23 2289/10/23
f 2286/10/23 2290/10/23 2285/10/23
f 2295/10/8 2294/10/8 2293/10/8
f 2294/10/8 2295/10/8 2296/10/8
f 2293/10/12 2298/10/12 2297/10/12
f 2298/10/12 2293/10/12 2294/10/12
f 2300/10/23 2295/10/23 2299/10/23
f 2295/10/23 2300/10/23 2296/10/23
f 2298/10/32 2299/10/32 2297/10/32
f 2299/10/32 2298/10/32 2300/10/32
f 2302/10/32 2285/10/32 2301/10/32
f 2285/10/32 2302/10/32 2287/10/32
f 2292/10/8 2303/10/8 2290/10/8
f 2303/10/8 2292/10/8 2304/10/8
f 2303/10/7 2302/10/7 2301/10/7
f 2302/10/7 2303/10/7 2304/10/7
f 2302/10/12 2292/10/12 2287/10/12
f 2292/10/12 2302/10/12 2304/10/12
f 2292/10/19 2285/10/19 2287/10/19
f 2285/10/19 2292/10/19 2290/10/19
f 2303/10/23 2285/10/23 2290/10/23
f 2285/10/23 2303/10/23 2301/10/23
f 2307/10/32 2306/10/32 2305/10/32
f 2306/10/32 2307/10/32 2308/10/32
f 2311/10/8 2310/10/8 2309/10/8
f 2310/10/8 2311/10/8 2312/10/8
f 2310/10/7 2307/10/7 2305/10/7
f 2307/10/7 2310/10/7 2312/10/7
f 2307/10/12 2311/10/12 2308/10/12
f 2311/10/12 2307/10/12 2312/10/12
f 2311/10/19 2306/10/19 2308/10/19
f 2306/10/19 2311/10/19 2309/10/19
f 2310/10/23 2306/10/23 2309/10/23
f 2306/10/23 2310/10/23 2305/10/23
f 2315/10/8 2314/10/8 2313/10/8
f 2314/10/8 2315/10/8 2316/10/8
f 2313/10/12 2318/10/12 2317/10/12
f 2318/10/12 2313/10/12 2314/10/12
f 2320/10/23 2315/10/23 2319/10/23
f 2315/10/23 2320/10/23 2316/10/23
f 2318/10/32 2319/10/32 2317/10/32
f 2319/10/32 2318/10/32 2320/10/32
f 2322/10/32 2305/10/32 2321/10/32
f 2305/10/32 2322/10/32 2307/10/32
f 2312/10/8 2323/10/8 2310/10/8
f 2323/10/8 2312/10/8 2324/10/8
f 2323/10/7 2322/10/7 2321/10/7
f 2322/10/7 2323/10/7 2324/10/7
f 2322/10/12 2312/10/12 2307/10/12
f 2312/10/12 2322/10/12 2324/10/12
f 2312/10/19 2305/10/19 2307/10/19
f 2305/10/19 2312/10/19 2310/10/19
f 2323/10/23 2305/10/23 2310/10/23
f 2305/10/23 2323/10/23 2321/10/23
f 2327/10/32 2326/10/32 2325/10/32
f 2326/10/32 2327/10/32 2328/10/32
f 2331/10/8 2330/10/8 2329/10/8
f 2330/10/8 2331/10/8 2332/10/8
f 2330/10/7 2327/10/7 2325/10/7
f 2327/10/7 2330/10/7 2332/10/7
f 2327/10/12 2331/10/12 2328/10/12
f 2331/10/12 2327/10/12 2332/10/12
f 2331/10/19 2326/10/19 2328/10/19
f 2326/10/19 2331/10/19 2329/10/19
f 2330/10/23 2326/10/23 2329/10/23
f 2326/10/23 2330/10/23 2325/10/23
f 2335/10/8 2334/10/8 2333/10/8
f 2334/10/8 2335/10/8 2336/10/8
f 2333/10/12 2338/10/12 2337/10/12
f 2338/10/12 2333/10/12 2334/10/12
f 2340/10/23 2335/10/23 2339/10/23
f 2335/10/23 2340/10/23 2336/10/23
f 2338/10/32 2339/10/32 2337/10/32
f 2339/10/32 2338/10/32 2340/10/32
f 2343/10/32 2342/10/32 2341/10/32
f 2342/10/32 2343/10/32 2344/10/32
f 2347/10/8 2346/10/8 2345/10/8
f 2346/10/8 2347/10/8 2348/10/8
f 2346/10/7 2343/10/7 2341/10/7
f 2343/10/7 2346/10/7 2348/10/7
f 2343/10/12 2347/10/12 2344/10/12
f 2347/10/12 2343/10/12 2348/10/12
f 2347/10/19 2342/10/19 2344/10/19
f 2342/10/19 2347/10/19 2345/10/19
f 2346/10/23 2342/10/23 2345/10/23
f 2342/10/23 2346/10/23 2341/10/23
f 2351/10/32 2350/10/32 2349/10/32
f 2350/10/32 2351/10/32 2352/10/32
f 2355/10/8 2354/10/8 2353/10/8
f 2354/10/8 2355/10/8 2356/10/8
f 2354/10/7 2351/10/7 2349/10/7
f 2351/10/7 2354/10/7 2356/10/7
f 2351/10/12 2355/10/12 2352/10/12
f 2355/10/12 2351/10/12 2356/10/12
f 2355/10/19 2350/10/19 2352/10/19
f 2350/10/19 2355/10/19 2353/10/19
f 2354/10/23 2350/10/23 2353/10/23
f 2350/10/23 2354/10/23 2349/10/23
f 2359/10/8 2358/10/8 2357/10/8
f 2358/10/8 2359/10/8 2360/10/8
f 2357/10/12 2362/10/12 2361/10/12
f 2362/10/12 2357/10/12 2358/10/12
f 2364/10/23 2359/10/23 2363/10/23
f 2359/10/23 2364/10/23 2360/10/23
f 2362/10/32 2363/10/32 2361/10/32
f 2363/10/32 2362/10/32 2364/10/32
f 2367/10/32 2366/10/32 2365/10/32
f 2366/10/32 2367/10/32 2368/10/32
f 2371/10/8 2370/10/8 2369/10/8
f 2370/10/8 2371/10/8 2372/10/8
f 2370/10/23 2367/10/23 2365/10/23
f 2367/10/23 2370/10/23 2372/10/23
f 2367/10/7 2371/10/7 2368/10/7
f 2371/10/7 2367/10/7 2372/10/7
f 2371/10/12 2366/10/12 2368/10/12
f 2366/10/12 2371/10/12 2369/10/12
f 2370/10/19 2366/10/19 2369/10/19
f 2366/10/19 2370/10/19 2365/10/19
f 2375/10/32 2374/10/32 2373/10/32
f 2374/10/32 2375/10/32 2376/10/32
f 2379/10/8 2378/10/8 2377/10/8
f 2378/10/8 2379/10/8 2380/10/8
f 2378/10/23 2375/10/23 2373/10/23
f 2375/10/23 2378/10/23 2380/10/23
f 2375/10/7 2379/10/7 2376/10/7
f 2379/10/7 2375/10/7 2380/10/7
f 2379/10/12 2374/10/12 2376/10/12
f 2374/10/12 2379/10/12 2377/10/12
f 2378/10/19 2374/10/19 2377/10/19
f 2374/10/19 2378/10/19 2373/10/19
f 2383/10/8 2382/10/8 2381/10/8
f 2382/10/8 2383/10/8 2384/10/8
f 2381/10/7 2386/10/7 2385/10/7
f 2386/10/7 2381/10/7 2382/10/7
f 2388/10/19 2383/10/19 2387/10/19
f 2383/10/19 2388/10/19 2384/10/19
f 2386/10/32 2387/10/32 2385/10/32
f 2387/10/32 2386/10/32 2388/10/32
f 2391/10/32 2390/10/32 2389/10/32
f 2390/10/32 2391/10/32 2392/10/32
f 2395/10/8 2394/10/8 2393/10/8
f 2394/10/8 2395/10/8 2396/10/8
f 2394/10/23 2391/10/23 2389/10/23
f 2391/10/23 2394/10/23 2396/10/23
f 2391/10/7 2395/10/7 2392/10/7
f 2395/10/7 2391/10/7 2396/10/7
f 2395/10/12 2390/10/12 2392/10/12
f 2390/10/12 2395/10/12 2393/10/12
f 2394/10/19 2390/10/19 2393/10/19
f 2390/10/19 2394/10/19 2389/10/19
f 2399/10/32 2398/10/32 2397/10/32
f 2398/10/32 2399/10/32 2400/10/32
f 2403/10/8 2402/10/8 2401/10/8
f 2402/10/8 2403/10/8 2404/10/8
f 2402/10/23 2399/10/23 2397/10/23
f 2399/10/23 2402/10/23 2404/10/23
f 2399/10/7 2403/10/7 2400/10/7
f 2403/10/7 2399/10/7 2404/10/7
f 2403/10/12 2398/10/12 2400/10/12
f 2398/10/12 2403/10/12 2401/10/12
f 2402/10/19 2398/10/19 2401/10/19
f 2398/10/19 2402/10/19 2397/10/19
f 2407/10/8 2406/10/8 2405/10/8
f 2406/10/8 2407/10/8 2408/10/8
f 2405/10/7 2410/10/7 2409/10/7
f 2410/10/7 2405/10/7 2406/10/7
f 2412/10/19 2407/10/19 2411/10/19
f 2407/10/19 2412/10/19 2408/10/19
f 2410/10/32 2411/10/32 2409/10/32
f 2411/10/32 2410/10/32 2412/10/32
f 2415/4/424 2414/4/275 2413/4/276
f 2414/4/275 2415/4/424 2416/4/277
f 2419/4/278 2418/4/279 2417/4/280
f 2418/4/279 2419/4/278 2420/4/281
f 2423/4/282 2422/4/283 2421/4/284
f 2422/4/283 2423/4/282 2424/4/285
f 2427/4/286 2426/4/287 2425/4/288
f 2426/4/287 2427/4/286 2428/4/289
f 2431/4/290 2430/4/291 2429/4/426
f 2430/4/291 2431/4/290 2432/4/293
f 2435/4/294 2434/4/295 2433/4/296
f 2434/4/295 2435/4/294 2436/4/297
f 2438/4/298 2413/4/276 2437/4/299
f 2413/4/276 2438/4/298 2415/4/424
f 2413/4/276 2439/4/488 2437/4/299
f 2439/4/488 2413/4/276 2414/4/275
f 2414/4/275 2440/4/668 2439/4/488
f 2440/4/668 2414/4/275 2416/4/277
f 2438/4/298 2416/4/277 2415/4/424
f 2416/4/277 2438/4/298 2440/4/668
f 2433/4/296 2442/4/499 2441/4/489
f 2442/4/499 2433/4/296 2434/4/295
f 2434/4/295 2437/4/669 2442/4/499
f 2437/4/669 2434/4/295 2436/4/297
f 2438/4/305 2433/4/296 2441/4/489
f 2433/4/296 2438/4/305 2435/4/294
f 2438/4/305 2436/4/297 2435/4/294
f 2436/4/297 2438/4/305 2437/4/669
f 2444/4/306 2429/4/426 2443/4/307
f 2429/4/426 2444/4/306 2431/4/290
f 2429/4/426 2442/4/427 2443/4/307
f 2442/4/427 2429/4/426 2430/4/291
f 2430/4/291 2441/4/428 2442/4/427
f 2441/4/428 2430/4/291 2432/4/293
f 2444/4/306 2432/4/293 2431/4/290
f 2432/4/293 2444/4/306 2441/4/428
f 2418/4/279 2440/4/310 2444/4/429
f 2440/4/310 2418/4/279 2420/4/281
f 2439/4/312 2417/4/280 2443/4/313
f 2417/4/280 2439/4/312 2419/4/278
f 2443/4/313 2418/4/279 2444/4/429
f 2418/4/279 2443/4/313 2417/4/280
f 2439/4/312 2420/4/281 2419/4/278
f 2420/4/281 2439/4/312 2440/4/310
f 2444/4/314 2428/4/289 2427/4/286
f 2428/4/289 2444/4/314 2440/4/315
f 2425/4/288 2438/4/316 2441/4/317
f 2438/4/316 2425/4/288 2426/4/287
f 2444/4/314 2425/4/288 2441/4/317
f 2425/4/288 2444/4/314 2427/4/286
f 2426/4/287 2440/4/315 2438/4/316
f 2440/4/315 2426/4/287 2428/4/289
f 2437/4/318 2422/4/283 2442/4/319
f 2422/4/283 2437/4/318 2421/4/284
f 2439/4/320 2424/4/285 2423/4/282
f 2424/4/285 2439/4/320 2443/4/321
f 2422/4/283 2443/4/321 2442/4/319
f 2443/4/321 2422/4/283 2424/4/285
f 2439/4/320 2421/4/284 2437/4/318
f 2421/4/284 2439/4/320 2423/4/282
f 2447/4/627 2446/4/626 2445/4/624
f 2446/4/626 2447/4/627 2448/4/625
f 2451/4/638 2450/4/639 2449/4/637
f 2450/4/639 2451/4/638 2452/4/636
f 2455/4/631 2454/4/630 2453/4/628
f 2454/4/630 2455/4/631 2456/4/629
f 2459/4/634 2458/4/635 2457/4/633
f 2458/4/635 2459/4/634 2460/4/632
f 2463/4/642 2462/4/643 2461/4/641
f 2462/4/643 2463/4/642 2464/4/640
f 2467/4/623 2466/4/622 2465/4/620
f 2466/4/622 2467/4/623 2468/4/621
f 2470/4/656 2445/4/624 2469/4/658
f 2445/4/624 2470/4/656 2447/4/627
f 2445/4/624 2471/4/659 2469/4/658
f 2471/4/659 2445/4/624 2446/4/626
f 2446/4/626 2472/4/657 2471/4/659
f 2472/4/657 2446/4/626 2448/4/625
f 2470/4/656 2448/4/625 2447/4/627
f 2448/4/625 2470/4/656 2472/4/657
f 2465/4/620 2474/4/645 2473/4/644
f 2474/4/645 2465/4/620 2466/4/622
f 2466/4/622 2469/4/646 2474/4/645
f 2469/4/646 2466/4/622 2468/4/621
f 2470/4/647 2465/4/620 2473/4/644
f 2465/4/620 2470/4/647 2467/4/623
f 2470/4/647 2468/4/621 2467/4/623
f 2468/4/621 2470/4/647 2469/4/646
f 2476/4/649 2461/4/641 2475/4/648
f 2461/4/641 2476/4/649 2463/4/642
f 2461/4/641 2474/4/650 2475/4/648
f 2474/4/650 2461/4/641 2462/4/643
f 2462/4/643 2473/4/651 2474/4/650
f 2473/4/651 2462/4/643 2464/4/640
f 2476/4/649 2464/4/640 2463/4/642
f 2464/4/640 2476/4/649 2473/4/651
f 2450/4/639 2472/4/652 2476/4/655
f 2472/4/652 2450/4/639 2452/4/636
f 2471/4/653 2449/4/637 2475/4/654
f 2449/4/637 2471/4/653 2451/4/638
f 2475/4/654 2450/4/639 2476/4/655
f 2450/4/639 2475/4/654 2449/4/637
f 2471/4/653 2452/4/636 2451/4/638
f 2452/4/636 2471/4/653 2472/4/652
f 2476/4/663 2460/4/632 2459/4/634
f 2460/4/632 2476/4/663 2472/4/660
f 2457/4/633 2470/4/661 2473/4/662
f 2470/4/661 2457/4/633 2458/4/635
f 2476/4/663 2457/4/633 2473/4/662
f 2457/4/633 2476/4/663 2459/4/634
f 2458/4/635 2472/4/660 2470/4/661
f 2472/4/660 2458/4/635 2460/4/632
f 2469/4/666 2454/4/630 2474/4/664
f 2454/4/630 2469/4/666 2453/4/628
f 2471/4/667 2456/4/629 2455/4/631
f 2456/4/629 2471/4/667 2475/4/665
f 2454/4/630 2475/4/665 2474/4/664
f 2475/4/665 2454/4/630 2456/4/629
f 2471/4/667 2453/4/628 2469/4/666
f 2453/4/628 2471/4/667 2455/4/631
f 2479/10/32 2478/10/32 2477/10/32
f 2478/10/32 2479/10/32 2480/10/32
f 2483/10/8 2482/10/8 2481/10/8
f 2482/10/8 2483/10/8 2484/10/8
f 2482/10/7 2479/10/7 2477/10/7
f 2479/10/7 2482/10/7 2484/10/7
f 2479/10/12 2483/10/12 2480/10/12
f 2483/10/12 2479/10/12 2484/10/12
f 2483/10/19 2478/10/19 2480/10/19
f 2478/10/19 2483/10/19 2481/10/19
f 2482/10/23 2478/10/23 2481/10/23
f 2478/10/23 2482/10/23 2477/10/23
f 2487/10/32 2486/10/32 2485/10/32
f 2486/10/32 2487/10/32 2488/10/32
f 2491/10/8 2490/10/8 2489/10/8
f 2490/10/8 2491/10/8 2492/10/8
f 2490/10/7 2487/10/7 2485/10/7
f 2487/10/7 2490/10/7 2492/10/7
f 2487/10/12 2491/10/12 2488/10/12
f 2491/10/12 2487/10/12 2492/10/12
f 2491/10/19 2486/10/19 2488/10/19
f 2486/10/19 2491/10/19 2489/10/19
f 2490/10/23 2486/10/23 2489/10/23
f 2486/10/23 2490/10/23 2485/10/23
f 2495/10/8 2494/10/8 2493/10/8
f 2494/10/8 2495/10/8 2496/10/8
f 2493/10/12 2498/10/12 2497/10/12
f 2498/10/12 2493/10/12 2494/10/12
f 2500/10/23 2495/10/23 2499/10/23
f 2495/10/23 2500/10/23 2496/10/23
f 2498/10/32 2499/10/32 2497/10/32
f 2499/10/32 2498/10/32 2500/10/32
f 2503/4/424 2502/4/275 2501/4/276
f 2502/4/275 2503/4/424 2504/4/277
f 2507/4/278 2506/4/279 2505/4/280
f 2506/4/279 2507/4/278 2508/4/281
f 2511/4/282 2510/4/283 2509/4/284
f 2510/4/283 2511/4/282 2512/4/285
f 2515/4/286 2514/4/287 2513/4/288
f 2514/4/287 2515/4/286 2516/4/289
f 2519/4/425 2518/4/291 2517/4/426
f 2518/4/291 2519/4/425 2520/4/293
f 2523/4/294 2522/4/295 2521/4/296
f 2522/4/295 2523/4/294 2524/4/297
f 2526/4/670 2501/4/276 2525/4/671
f 2501/4/276 2526/4/670 2503/4/424
f 2501/4/276 2527/4/488 2525/4/671
f 2527/4/488 2501/4/276 2502/4/275
f 2502/4/275 2528/4/668 2527/4/488
f 2528/4/668 2502/4/275 2504/4/277
f 2526/4/670 2504/4/277 2503/4/424
f 2504/4/277 2526/4/670 2528/4/668
f 2521/4/296 2530/4/499 2529/4/489
f 2530/4/499 2521/4/296 2522/4/295
f 2522/4/295 2525/4/669 2530/4/499
f 2525/4/669 2522/4/295 2524/4/297
f 2526/4/305 2521/4/296 2529/4/489
f 2521/4/296 2526/4/305 2523/4/294
f 2526/4/305 2524/4/297 2523/4/294
f 2524/4/297 2526/4/305 2525/4/669
f 2532/4/306 2517/4/426 2531/4/307
f 2517/4/426 2532/4/306 2519/4/425
f 2517/4/426 2530/4/427 2531/4/307
f 2530/4/427 2517/4/426 2518/4/291
f 2518/4/291 2529/4/428 2530/4/427
f 2529/4/428 2518/4/291 2520/4/293
f 2532/4/306 2520/4/293 2519/4/425
f 2520/4/293 2532/4/306 2529/4/428
f 2506/4/279 2528/4/310 2532/4/429
f 2528/4/310 2506/4/279 2508/4/281
f 2527/4/312 2505/4/280 2531/4/313
f 2505/4/280 2527/4/312 2507/4/278
f 2531/4/313 2506/4/279 2532/4/429
f 2506/4/279 2531/4/313 2505/4/280
f 2527/4/312 2508/4/281 2507/4/278
f 2508/4/281 2527/4/312 2528/4/310
f 2532/4/314 2516/4/289 2515/4/286
f 2516/4/289 2532/4/314 2528/4/315
f 2513/4/288 2526/4/316 2529/4/317
f 2526/4/316 2513/4/288 2514/4/287
f 2532/4/314 2513/4/288 2529/4/317
f 2513/4/288 2532/4/314 2515/4/286
f 2514/4/287 2528/4/315 2526/4/316
f 2528/4/315 2514/4/287 2516/4/289
f 2525/4/318 2510/4/283 2530/4/319
f 2510/4/283 2525/4/318 2509/4/284
f 2527/4/320 2512/4/285 2511/4/282
f 2512/4/285 2527/4/320 2531/4/321
f 2510/4/283 2531/4/321 2530/4/319
f 2531/4/321 2510/4/283 2512/4/285
f 2527/4/320 2509/4/284 2525/4/318
f 2509/4/284 2527/4/320 2511/4/282
f 2534/10/32 2325/10/32 2533/10/32
f 2325/10/32 2534/10/32 2327/10/32
f 2332/10/8 2535/10/8 2330/10/8
f 2535/10/8 2332/10/8 2536/10/8
f 2535/10/7 2534/10/7 2533/10/7
f 2534/10/7 2535/10/7 2536/10/7
f 2534/10/12 2332/10/12 2327/10/12
f 2332/10/12 2534/10/12 2536/10/12
f 2332/10/19 2325/10/19 2327/10/19
f 2325/10/19 2332/10/19 2330/10/19
f 2535/10/23 2325/10/23 2330/10/23
f 2325/10/23 2535/10/23 2533/10/23
f 2539/10/32 2538/10/32 2537/10/32
f 2538/10/32 2539/10/32 2540/10/32
f 2543/10/8 2542/10/8 2541/10/8
f 2542/10/8 2543/10/8 2544/10/8
f 2542/10/7 2539/10/7 2537/10/7
f 2539/10/7 2542/10/7 2544/10/7
f 2539/10/12 2543/10/12 2540/10/12
f 2543/10/12 2539/10/12 2544/10/12
f 2543/10/19 2538/10/19 2540/10/19
f 2538/10/19 2543/10/19 2541/10/19
f 2542/10/23 2538/10/23 2541/10/23
f 2538/10/23 2542/10/23 2537/10/23
f 2547/10/8 2546/10/8 2545/10/8
f 2546/10/8 2547/10/8 2548/10/8
f 2545/10/12 2550/10/12 2549/10/12
f 2550/10/12 2545/10/12 2546/10/12
f 2552/10/23 2547/10/23 2551/10/23
f 2547/10/23 2552/10/23 2548/10/23
f 2550/10/32 2551/10/32 2549/10/32
f 2551/10/32 2550/10/32 2552/10/32
f 2555/4/672 2554/4/672 2553/4/672
f 2554/4/672 2555/4/672 2556/4/672
f 2558/4/673 2555/4/674 2557/4/673
f 2555/4/674 2558/4/673 2559/4/674
f 2557/4/675 2553/4/675 2560/4/675
f 2553/4/675 2557/4/675 2555/4/676
f 2557/4/677 2561/4/677 2558/4/677
f 2561/4/677 2557/4/677 2560/4/677
f 2553/4/678 2561/4/679 2560/4/679
f 2561/4/679 2553/4/678 2562/4/680
f 2554/4/681 2564/4/681 2563/4/681
f 2564/4/681 2554/4/681 2556/4/681
f 2562/4/682 2558/4/682 2561/4/682
f 2558/4/682 2562/4/682 2559/4/682
f 2554/4/683 2562/4/684 2553/4/684
f 2562/4/684 2554/4/683 2563/4/685
f 2559/4/686 2556/4/687 2555/4/686
f 2556/4/687 2559/4/686 2564/4/687
f 2563/4/688 2559/4/689 2562/4/689
f 2559/4/689 2563/4/688 2564/4/688
f 2567/10/32 2566/10/32 2565/10/32
f 2566/10/32 2567/10/32 2568/10/32
f 2571/10/8 2570/10/8 2569/10/8
f 2570/10/8 2571/10/8 2572/10/8
f 2570/10/7 2567/10/7 2565/10/7
f 2567/10/7 2570/10/7 2572/10/7
f 2567/10/12 2571/10/12 2568/10/12
f 2571/10/12 2567/10/12 2572/10/12
f 2571/10/19 2566/10/19 2568/10/19
f 2566/10/19 2571/10/19 2569/10/19
f 2570/10/23 2566/10/23 2569/10/23
f 2566/10/23 2570/10/23 2565/10/23
f 2575/10/32 2574/10/32 2573/10/32
f 2574/10/32 2575/10/32 2576/10/32
f 2579/10/8 2578/10/8 2577/10/8
f 2578/10/8 2579/10/8 2580/10/8
f 2578/10/7 2575/10/7 2573/10/7
f 2575/10/7 2578/10/7 2580/10/7
f 2575/10/12 2579/10/12 2576/10/12
f 2579/10/12 2575/10/12 2580/10/12
f 2579/10/19 2574/10/19 2576/10/19
f 2574/10/19 2579/10/19 2577/10/19
f 2578/10/23 2574/10/23 2577/10/23
f 2574/10/23 2578/10/23 2573/10/23
f 2583/10/8 2582/10/8 2581/10/8
f 2582/10/8 2583/10/8 2584/10/8
f 2581/10/12 2586/10/12 2585/10/12
f 2586/10/12 2581/10/12 2582/10/12
f 2588/10/23 2583/10/23 2587/10/23
f 2583/10/23 2588/10/23 2584/10/23
f 2586/10/32 2587/10/32 2585/10/32
f 2587/10/32 2586/10/32 2588/10/32
f 2591/10/32 2590/10/32 2589/10/32
f 2590/10/32 2591/10/32 2592/10/32
f 2595/10/8 2594/10/8 2593/10/8
f 2594/10/8 2595/10/8 2596/10/8
f 2594/10/7 2591/10/7 2589/10/7
f 2591/10/7 2594/10/7 2596/10/7
f 2591/10/12 2595/10/12 2592/10/12
f 2595/10/12 2591/10/12 2596/10/12
f 2595/10/19 2590/10/19 2592/10/19
f 2590/10/19 2595/10/19 2593/10/19
f 2594/10/23 2590/10/23 2593/10/23
f 2590/10/23 2594/10/23 2589/10/23
f 2568/10/32 2597/10/32 2566/10/32
f 2597/10/32 2568/10/32 2598/10/32
f 2600/10/8 2569/10/8 2599/10/8
f 2569/10/8 2600/10/8 2571/10/8
f 2569/10/7 2568/10/7 2566/10/7
f 2568/10/7 2569/10/7 2571/10/7
f 2568/10/12 2600/10/12 2598/10/12
f 2600/10/12 2568/10/12 2571/10/12
f 2600/10/19 2597/10/19 2598/10/19
f 2597/10/19 2600/10/19 2599/10/19
f 2569/10/23 2597/10/23 2599/10/23
f 2597/10/23 2569/10/23 2566/10/23
f 2603/10/8 2602/10/8 2601/10/8
f 2602/10/8 2603/10/8 2604/10/8
f 2601/10/12 2606/10/12 2605/10/12
f 2606/10/12 2601/10/12 2602/10/12
f 2608/10/23 2603/10/23 2607/10/23
f 2603/10/23 2608/10/23 2604/10/23
f 2606/10/32 2607/10/32 2605/10/32
f 2607/10/32 2606/10/32 2608/10/32
f 2611/10/32 2610/10/32 2609/10/32
f 2610/10/32 2611/10/32 2612/10/32
f 2615/10/8 2614/10/8 2613/10/8
f 2614/10/8 2615/10/8 2616/10/8
f 2614/10/7 2611/10/7 2609/10/7
f 2611/10/7 2614/10/7 2616/10/7
f 2611/10/12 2615/10/12 2612/10/12
f 2615/10/12 2611/10/12 2616/10/12
f 2615/10/19 2610/10/19 2612/10/19
f 2610/10/19 2615/10/19 2613/10/19
f 2614/10/23 2610/10/23 2613/10/23
f 2610/10/23 2614/10/23 2609/10/23
f 2592/10/32 2617/10/32 2590/10/32
f 2617/10/32 2592/10/32 2618/10/32
f 2620/10/8 2593/10/8 2619/10/8
f 2593/10/8 2620/10/8 2595/10/8
f 2593/10/7 2592/10/7 2590/10/7
f 2592/10/7 2593/10/7 2595/10/7
f 2592/10/12 2620/10/12 2618/10/12
f 2620/10/12 2592/10/12 2595/10/12
f 2620/10/19 2617/10/19 2618/10/19
f 2617/10/19 2620/10/19 2619/10/19
f 2593/10/23 2617/10/23 2619/10/23
f 2617/10/23 2593/10/23 2590/10/23
f 2623/10/8 2622/10/8 2621/10/8
f 2622/10/8 2623/10/8 2624/10/8
f 2621/10/12 2626/10/12 2625/10/12
f 2626/10/12 2621/10/12 2622/10/12
f 2628/10/23 2623/10/23 2627/10/23
f 2623/10/23 2628/10/23 2624/10/23
f 2626/10/32 2627/10/32 2625/10/32
f 2627/10/32 2626/10/32 2628/10/32
f 2630/10/32 2537/10/32 2629/10/32
f 2537/10/32 2630/10/32 2539/10/32
f 2544/10/8 2631/10/8 2542/10/8
f 2631/10/8 2544/10/8 2632/10/8
f 2631/10/7 2630/10/7 2629/10/7
f 2630/10/7 2631/10/7 2632/10/7
f 2630/10/12 2544/10/12 2539/10/12
f 2544/10/12 2630/10/12 2632/10/12
f 2544/10/19 2537/10/19 2539/10/19
f 2537/10/19 2544/10/19 2542/10/19
f 2631/10/23 2537/10/23 2542/10/23
f 2537/10/23 2631/10/23 2629/10/23
f 2612/10/32 2633/10/32 2610/10/32
f 2633/10/32 2612/10/32 2634/10/32
f 2636/10/8 2613/10/8 2635/10/8
f 2613/10/8 2636/10/8 2615/10/8
f 2613/10/7 2612/10/7 2610/10/7
f 2612/10/7 2613/10/7 2615/10/7
f 2612/10/12 2636/10/12 2634/10/12
f 2636/10/12 2612/10/12 2615/10/12
f 2636/10/19 2633/10/19 2634/10/19
f 2633/10/19 2636/10/19 2635/10/19
f 2613/10/23 2633/10/23 2635/10/23
f 2633/10/23 2613/10/23 2610/10/23
f 2639/10/8 2638/10/8 2637/10/8
f 2638/10/8 2639/10/8 2640/10/8
f 2637/10/12 2642/10/12 2641/10/12
f 2642/10/12 2637/10/12 2638/10/12
f 2644/10/23 2639/10/23 2643/10/23
f 2639/10/23 2644/10/23 2640/10/23
f 2642/10/32 2643/10/32 2641/10/32
f 2643/10/32 2642/10/32 2644/10/32
f 2647/10/32 2646/10/32 2645/10/32
f 2646/10/32 2647/10/32 2648/10/32
f 2651/10/8 2650/10/8 2649/10/8
f 2650/10/8 2651/10/8 2652/10/8
f 2650/10/7 2647/10/7 2645/10/7
f 2647/10/7 2650/10/7 2652/10/7
f 2647/10/12 2651/10/12 2648/10/12
f 2651/10/12 2647/10/12 2652/10/12
f 2651/10/19 2646/10/19 2648/10/19
f 2646/10/19 2651/10/19 2649/10/19
f 2650/10/23 2646/10/23 2649/10/23
f 2646/10/23 2650/10/23 2645/10/23
f 2655/10/32 2654/10/32 2653/10/32
f 2654/10/32 2655/10/32 2656/10/32
f 2659/10/8 2658/10/8 2657/10/8
f 2658/10/8 2659/10/8 2660/10/8
f 2658/10/7 2655/10/7 2653/10/7
f 2655/10/7 2658/10/7 2660/10/7
f 2655/10/12 2659/10/12 2656/10/12
f 2659/10/12 2655/10/12 2660/10/12
f 2659/10/19 2654/10/19 2656/10/19
f 2654/10/19 2659/10/19 2657/10/19
f 2658/10/23 2654/10/23 2657/10/23
f 2654/10/23 2658/10/23 2653/10/23
f 2663/10/8 2662/10/8 2661/10/8
f 2662/10/8 2663/10/8 2664/10/8
f 2661/10/12 2666/10/12 2665/10/12
f 2666/10/12 2661/10/12 2662/10/12
f 2668/10/23 2663/10/23 2667/10/23
f 2663/10/23 2668/10/23 2664/10/23
f 2666/10/32 2667/10/32 2665/10/32
f 2667/10/32 2666/10/32 2668/10/32
f 2670/10/32 2573/10/32 2669/10/32
f 2573/10/32 2670/10/32 2575/10/32
f 2580/10/8 2671/10/8 2578/10/8
f 2671/10/8 2580/10/8 2672/10/8
f 2671/10/7 2670/10/7 2669/10/7
f 2670/10/7 2671/10/7 2672/10/7
f 2670/10/12 2580/10/12 2575/10/12
f 2580/10/12 2670/10/12 2672/10/12
f 2580/10/19 2573/10/19 2575/10/19
f 2573/10/19 2580/10/19 2578/10/19
f 2671/10/23 2573/10/23 2578/10/23
f 2573/10/23 2671/10/23 2669/10/23
f 2648/10/32 2673/10/32 2646/10/32
f 2673/10/32 2648/10/32 2674/10/32
f 2676/10/8 2649/10/8 2675/10/8
f 2649/10/8 2676/10/8 2651/10/8
f 2649/10/7 2648/10/7 2646/10/7
f 2648/10/7 2649/10/7 2651/10/7
f 2648/10/12 2676/10/12 2674/10/12
f 2676/10/12 2648/10/12 2651/10/12
f 2676/10/19 2673/10/19 2674/10/19
f 2673/10/19 2676/10/19 2675/10/19
f 2649/10/23 2673/10/23 2675/10/23
f 2673/10/23 2649/10/23 2646/10/23
f 2679/10/8 2678/10/8 2677/10/8
f 2678/10/8 2679/10/8 2680/10/8
f 2677/10/12 2682/10/12 2681/10/12
f 2682/10/12 2677/10/12 2678/10/12
f 2684/10/23 2679/10/23 2683/10/23
f 2679/10/23 2684/10/23 2680/10/23
f 2682/10/32 2683/10/32 2681/10/32
f 2683/10/32 2682/10/32 2684/10/32
f 2687/4/627 2686/4/626 2685/4/624
f 2686/4/626 2687/4/627 2688/4/625
f 2691/4/638 2690/4/639 2689/4/637
f 2690/4/639 2691/4/638 2692/4/636
f 2695/4/631 2694/4/630 2693/4/628
f 2694/4/630 2695/4/631 2696/4/629
f 2699/4/634 2698/4/635 2697/4/633
f 2698/4/635 2699/4/634 2700/4/632
f 2703/4/642 2702/4/643 2701/4/641
f 2702/4/643 2703/4/642 2704/4/640
f 2707/4/623 2706/4/622 2705/4/620
f 2706/4/622 2707/4/623 2708/4/621
f 2710/4/656 2685/4/624 2709/4/658
f 2685/4/624 2710/4/656 2687/4/627
f 2685/4/624 2711/4/659 2709/4/658
f 2711/4/659 2685/4/624 2686/4/626
f 2686/4/626 2712/4/657 2711/4/659
f 2712/4/657 2686/4/626 2688/4/625
f 2710/4/656 2688/4/625 2687/4/627
f 2688/4/625 2710/4/656 2712/4/657
f 2705/4/620 2714/4/645 2713/4/644
f 2714/4/645 2705/4/620 2706/4/622
f 2706/4/622 2709/4/646 2714/4/645
f 2709/4/646 2706/4/622 2708/4/621
f 2710/4/647 2705/4/620 2713/4/644
f 2705/4/620 2710/4/647 2707/4/623
f 2710/4/647 2708/4/621 2707/4/623
f 2708/4/621 2710/4/647 2709/4/646
f 2716/4/649 2701/4/641 2715/4/648
f 2701/4/641 2716/4/649 2703/4/642
f 2701/4/641 2714/4/650 2715/4/648
f 2714/4/650 2701/4/641 2702/4/643
f 2702/4/643 2713/4/651 2714/4/650
f 2713/4/651 2702/4/643 2704/4/640
f 2716/4/649 2704/4/640 2703/4/642
f 2704/4/640 2716/4/649 2713/4/651
f 2690/4/639 2712/4/652 2716/4/655
f 2712/4/652 2690/4/639 2692/4/636
f 2711/4/653 2689/4/637 2715/4/654
f 2689/4/637 2711/4/653 2691/4/638
f 2715/4/654 2690/4/639 2716/4/655
f 2690/4/639 2715/4/654 2689/4/637
f 2711/4/653 2692/4/636 2691/4/638
f 2692/4/636 2711/4/653 2712/4/652
f 2716/4/663 2700/4/632 2699/4/634
f 2700/4/632 2716/4/663 2712/4/660
f 2697/4/633 2710/4/661 2713/4/662
f 2710/4/661 2697/4/633 2698/4/635
f 2716/4/663 2697/4/633 2713/4/662
f 2697/4/633 2716/4/663 2699/4/634
f 2698/4/635 2712/4/660 2710/4/661
f 2712/4/660 2698/4/635 2700/4/632
f 2709/4/666 2694/4/630 2714/4/664
f 2694/4/630 2709/4/666 2693/4/628
f 2711/4/667 2696/4/629 2695/4/631
f 2696/4/629 2711/4/667 2715/4/665
f 2694/4/630 2715/4/665 2714/4/664
f 2715/4/665 2694/4/630 2696/4/629
f 2711/4/667 2693/4/628 2709/4/666
f 2693/4/628 2711/4/667 2695/4/631
f 2719/4/424 2718/4/275 2717/4/276
f 2718/4/275 2719/4/424 2720/4/277
f 2723/4/278 2722/4/279 2721/4/280
f 2722/4/279 2723/4/278 2724/4/281
f 2727/4/282 2726/4/283 2725/4/284
f 2726/4/283 2727/4/282 2728/4/285
f 2731/4/286 2730/4/287 2729/4/288
f 2730/4/287 2731/4/286 2732/4/289
f 2735/4/290 2734/4/291 2733/4/426
f 2734/4/291 2735/4/290 2736/4/293
f 2739/4/294 2738/4/295 2737/4/296
f 2738/4/295 2739/4/294 2740/4/297
f 2742/4/298 2717/4/276 2741/4/299
f 2717/4/276 2742/4/298 2719/4/424
f 2717/4/276 2743/4/488 2741/4/299
f 2743/4/488 2717/4/276 2718/4/275
f 2718/4/275 2744/4/668 2743/4/488
f 2744/4/668 2718/4/275 2720/4/277
f 2742/4/298 2720/4/277 2719/4/424
f 2720/4/277 2742/4/298 2744/4/668
f 2737/4/296 2746/4/499 2745/4/489
f 2746/4/499 2737/4/296 2738/4/295
f 2738/4/295 2741/4/669 2746/4/499
f 2741/4/669 2738/4/295 2740/4/297
f 2742/4/305 2737/4/296 2745/4/489
f 2737/4/296 2742/4/305 2739/4/294
f 2742/4/305 2740/4/297 2739/4/294
f 2740/4/297 2742/4/305 2741/4/669
f 2748/4/306 2733/4/426 2747/4/307
f 2733/4/426 2748/4/306 2735/4/290
f 2733/4/426 2746/4/427 2747/4/307
f 2746/4/427 2733/4/426 2734/4/291
f 2734/4/291 2745/4/428 2746/4/427
f 2745/4/428 2734/4/291 2736/4/293
f 2748/4/306 2736/4/293 2735/4/290
f 2736/4/293 2748/4/306 2745/4/428
f 2722/4/279 2744/4/310 2748/4/429
f 2744/4/310 2722/4/279 2724/4/281
f 2743/4/312 2721/4/280 2747/4/313
f 2721/4/280 2743/4/312 2723/4/278
f 2747/4/313 2722/4/279 2748/4/429
f 2722/4/279 2747/4/313 2721/4/280
f 2743/4/312 2724/4/281 2723/4/278
f 2724/4/281 2743/4/312 2744/4/310
f 2748/4/314 2732/4/289 2731/4/286
f 2732/4/289 2748/4/314 2744/4/315
f 2729/4/288 2742/4/316 2745/4/317
f 2742/4/316 2729/4/288 2730/4/287
f 2748/4/314 2729/4/288 2745/4/317
f 2729/4/288 2748/4/314 2731/4/286
f 2730/4/287 2744/4/315 2742/4/316
f 2744/4/315 2730/4/287 2732/4/289
f 2741/4/318 2726/4/283 2746/4/319
f 2726/4/283 2741/4/318 2725/4/284
f 2743/4/320 2728/4/285 2727/4/282
f 2728/4/285 2743/4/320 2747/4/321
f 2726/4/283 2747/4/321 2746/4/319
f 2747/4/321 2726/4/283 2728/4/285
f 2743/4/320 2725/4/284 2741/4/318
f 2725/4/284 2743/4/320 2727/4/282
f 2751/6/32 2750/6/32 2749/6/32
f 2750/6/32 2751/6/32 2752/6/32
f 2755/6/8 2754/6/8 2753/6/8
f 2754/6/8 2755/6/8 2756/6/8
f 2754/6/19 2751/6/19 2749/6/19
f 2751/6/19 2754/6/19 2756/6/19
f 2751/6/23 2755/6/23 2752/6/23
f 2755/6/23 2751/6/23 2756/6/23
f 2755/6/7 2750/6/7 2752/6/7
f 2750/6/7 2755/6/7 2753/6/7
f 2754/6/12 2750/6/12 2753/6/12
f 2750/6/12 2754/6/12 2749/6/12
f 2759/6/32 2758/6/32 2757/6/32
f 2758/6/32 2759/6/32 2760/6/32
f 2763/6/8 2762/6/8 2761/6/8
f 2762/6/8 2763/6/8 2764/6/8
f 2762/6/19 2759/6/19 2757/6/19
f 2759/6/19 2762/6/19 2764/6/19
f 2759/6/23 2763/6/23 2760/6/23
f 2763/6/23 2759/6/23 2764/6/23
f 2763/6/7 2758/6/7 2760/6/7
f 2758/6/7 2763/6/7 2761/6/7
f 2762/6/12 2758/6/12 2761/6/12
f 2758/6/12 2762/6/12 2757/6/12
f 2767/6/8 2766/6/8 2765/6/8
f 2766/6/8 2767/6/8 2768/6/8
f 2765/6/23 2770/6/23 2769/6/23
f 2770/6/23 2765/6/23 2766/6/23
f 2772/6/12 2767/6/12 2771/6/12
f 2767/6/12 2772/6/12 2768/6/12
f 2770/6/32 2771/6/32 2769/6/32
f 2771/6/32 2770/6/32 2772/6/32
f 2775/6/12 2774/6/12 2773/6/12
f 2774/6/12 2775/6/12 2776/6/12
f 2775/6/81 2777/6/81 2776/6/81
f 2777/6/81 2775/6/81 2778/6/81
f 2780/6/82 2774/6/82 2779/6/82
f 2774/6/82 2780/6/82 2773/6/82
f 2780/6/84 2775/6/84 2773/6/84
f 2775/6/84 2780/6/84 2778/6/84
f 2777/6/85 2774/6/85 2776/6/85
f 2774/6/85 2777/6/85 2779/6/85
f 2777/6/23 2780/6/23 2779/6/23
f 2780/6/23 2777/6/23 2778/6/23
f 2783/6/12 2782/6/12 2781/6/12
f 2782/6/12 2783/6/12 2784/6/12
f 2783/6/86 2785/6/86 2784/6/86
f 2785/6/86 2783/6/86 2786/6/86
f 2788/6/87 2782/6/87 2787/6/87
f 2782/6/87 2788/6/87 2781/6/87
f 2788/6/88 2783/6/88 2781/6/88
f 2783/6/88 2788/6/88 2786/6/88
f 2785/6/89 2782/6/89 2784/6/89
f 2782/6/89 2785/6/89 2787/6/89
f 2785/6/23 2788/6/23 2787/6/23
f 2788/6/23 2785/6/23 2786/6/23
f 2791/6/12 2790/6/12 2789/6/12
f 2790/6/12 2791/6/12 2792/6/12
f 2791/6/90 2793/6/90 2792/6/90
f 2793/6/90 2791/6/90 2794/6/90
f 2796/6/91 2790/6/91 2795/6/91
f 2790/6/91 2796/6/91 2789/6/91
f 2796/6/92 2791/6/92 2789/6/92
f 2791/6/92 2796/6/92 2794/6/92
f 2793/6/93 2790/6/93 2792/6/93
f 2790/6/93 2793/6/93 2795/6/93
f 2793/6/23 2796/6/23 2795/6/23
f 2796/6/23 2793/6/23 2794/6/23
f 2799/6/8 2798/6/8 2797/6/8
f 2798/6/8 2799/6/8 2800/6/8
f 2797/6/23 2802/6/23 2801/6/23
f 2802/6/23 2797/6/23 2798/6/23
f 2804/6/12 2799/6/12 2803/6/12
f 2799/6/12 2804/6/12 2800/6/12
f 2802/6/32 2803/6/32 2801/6/32
f 2803/6/32 2802/6/32 2804/6/32
f 2807/6/12 2806/6/12 2805/6/12
f 2806/6/12 2807/6/12 2808/6/12
f 2807/6/94 2809/6/94 2808/6/94
f 2809/6/94 2807/6/94 2810/6/94
f 2812/6/95 2806/6/95 2811/6/95
f 2806/6/95 2812/6/95 2805/6/95
f 2812/6/96 2807/6/96 2805/6/96
f 2807/6/96 2812/6/96 2810/6/96
f 2809/6/97 2806/6/97 2808/6/97
f 2806/6/97 2809/6/97 2811/6/97
f 2809/6/23 2812/6/23 2811/6/23
f 2812/6/23 2809/6/23 2810/6/23
f 2815/6/12 2814/6/12 2813/6/12
f 2814/6/12 2815/6/12 2816/6/12
f 2815/6/19 2817/6/19 2816/6/19
f 2817/6/19 2815/6/19 2818/6/19
f 2820/6/7 2814/6/7 2819/6/7
f 2814/6/7 2820/6/7 2813/6/7
f 2820/6/8 2815/6/8 2813/6/8
f 2815/6/8 2820/6/8 2818/6/8
f 2817/6/32 2814/6/32 2816/6/32
f 2814/6/32 2817/6/32 2819/6/32
f 2817/6/23 2820/6/23 2819/6/23
f 2820/6/23 2817/6/23 2818/6/23
f 2823/6/32 2822/6/32 2821/6/32
f 2822/6/32 2823/6/32 2824/6/32
f 2827/6/8 2826/6/8 2825/6/8
f 2826/6/8 2827/6/8 2828/6/8
f 2826/6/19 2823/6/19 2821/6/19
f 2823/6/19 2826/6/19 2828/6/19
f 2823/6/23 2827/6/23 2824/6/23
f 2827/6/23 2823/6/23 2828/6/23
f 2827/6/7 2822/6/7 2824/6/7
f 2822/6/7 2827/6/7 2825/6/7
f 2826/6/12 2822/6/12 2825/6/12
f 2822/6/12 2826/6/12 2821/6/12
f 2752/6/32 2829/6/32 2750/6/32
f 2829/6/32 2752/6/32 2830/6/32
f 2832/6/8 2753/6/8 2831/6/8
f 2753/6/8 2832/6/8 2755/6/8
f 2753/6/19 2752/6/19 2750/6/19
f 2752/6/19 2753/6/19 2755/6/19
f 2752/6/23 2832/6/23 2830/6/23
f 2832/6/23 2752/6/23 2755/6/23
f 2832/6/7 2829/6/7 2830/6/7
f 2829/6/7 2832/6/7 2831/6/7
f 2753/6/12 2829/6/12 2831/6/12
f 2829/6/12 2753/6/12 2750/6/12
f 2835/6/8 2834/6/8 2833/6/8
f 2834/6/8 2835/6/8 2836/6/8
f 2833/6/23 2838/6/23 2837/6/23
f 2838/6/23 2833/6/23 2834/6/23
f 2840/6/12 2835/6/12 2839/6/12
f 2835/6/12 2840/6/12 2836/6/12
f 2838/6/32 2839/6/32 2837/6/32
f 2839/6/32 2838/6/32 2840/6/32
f 2843/6/12 2842/6/12 2841/6/12
f 2842/6/12 2843/6/12 2844/6/12
f 2843/6/81 2845/6/81 2844/6/81
f 2845/6/81 2843/6/81 2846/6/81
f 2848/6/82 2842/6/82 2847/6/82
f 2842/6/82 2848/6/82 2841/6/82
f 2848/6/84 2843/6/84 2841/6/84
f 2843/6/84 2848/6/84 2846/6/84
f 2845/6/85 2842/6/85 2844/6/85
f 2842/6/85 2845/6/85 2847/6/85
f 2845/6/23 2848/6/23 2847/6/23
f 2848/6/23 2845/6/23 2846/6/23
f 2851/6/12 2850/6/12 2849/6/12
f 2850/6/12 2851/6/12 2852/6/12
f 2851/6/86 2853/6/86 2852/6/86
f 2853/6/86 2851/6/86 2854/6/86
f 2856/6/87 2850/6/87 2855/6/87
f 2850/6/87 2856/6/87 2849/6/87
f 2856/6/88 2851/6/88 2849/6/88
f 2851/6/88 2856/6/88 2854/6/88
f 2853/6/89 2850/6/89 2852/6/89
f 2850/6/89 2853/6/89 2855/6/89
f 2853/6/23 2856/6/23 2855/6/23
f 2856/6/23 2853/6/23 2854/6/23
f 2859/6/12 2858/6/12 2857/6/12
f 2858/6/12 2859/6/12 2860/6/12
f 2859/6/90 2861/6/90 2860/6/90
f 2861/6/90 2859/6/90 2862/6/90
f 2864/6/91 2858/6/91 2863/6/91
f 2858/6/91 2864/6/91 2857/6/91
f 2864/6/92 2859/6/92 2857/6/92
f 2859/6/92 2864/6/92 2862/6/92
f 2861/6/93 2858/6/93 2860/6/93
f 2858/6/93 2861/6/93 2863/6/93
f 2861/6/23 2864/6/23 2863/6/23
f 2864/6/23 2861/6/23 2862/6/23
f 2867/6/8 2866/6/8 2865/6/8
f 2866/6/8 2867/6/8 2868/6/8
f 2865/6/23 2870/6/23 2869/6/23
f 2870/6/23 2865/6/23 2866/6/23
f 2872/6/12 2867/6/12 2871/6/12
f 2867/6/12 2872/6/12 2868/6/12
f 2870/6/32 2871/6/32 2869/6/32
f 2871/6/32 2870/6/32 2872/6/32
f 2875/6/12 2874/6/12 2873/6/12
f 2874/6/12 2875/6/12 2876/6/12
f 2875/6/94 2877/6/94 2876/6/94
f 2877/6/94 2875/6/94 2878/6/94
f 2880/6/95 2874/6/95 2879/6/95
f 2874/6/95 2880/6/95 2873/6/95
f 2880/6/96 2875/6/96 2873/6/96
f 2875/6/96 2880/6/96 2878/6/96
f 2877/6/97 2874/6/97 2876/6/97
f 2874/6/97 2877/6/97 2879/6/97
f 2877/6/23 2880/6/23 2879/6/23
f 2880/6/23 2877/6/23 2878/6/23
f 2883/6/12 2882/6/12 2881/6/12
f 2882/6/12 2883/6/12 2884/6/12
f 2883/6/19 2885/6/19 2884/6/19
f 2885/6/19 2883/6/19 2886/6/19
f 2888/6/7 2882/6/7 2887/6/7
f 2882/6/7 2888/6/7 2881/6/7
f 2888/6/8 2883/6/8 2881/6/8
f 2883/6/8 2888/6/8 2886/6/8
f 2885/6/32 2882/6/32 2884/6/32
f 2882/6/32 2885/6/32 2887/6/32
f 2885/6/23 2888/6/23 2887/6/23
f 2888/6/23 2885/6/23 2886/6/23
f 2891/4/424 2890/4/275 2889/4/276
f 2890/4/275 2891/4/424 2892/4/277
f 2895/4/278 2894/4/279 2893/4/280
f 2894/4/279 2895/4/278 2896/4/281
f 2899/4/282 2898/4/283 2897/4/284
f 2898/4/283 2899/4/282 2900/4/285
f 2903/4/286 2902/4/287 2901/4/288
f 2902/4/287 2903/4/286 2904/4/289
f 2907/4/290 2906/4/291 2905/4/426
f 2906/4/291 2907/4/290 2908/4/293
f 2911/4/294 2910/4/295 2909/4/296
f 2910/4/295 2911/4/294 2912/4/297
f 2914/4/298 2889/4/276 2913/4/299
f 2889/4/276 2914/4/298 2891/4/424
f 2889/4/276 2915/4/488 2913/4/299
f 2915/4/488 2889/4/276 2890/4/275
f 2890/4/275 2916/4/668 2915/4/488
f 2916/4/668 2890/4/275 2892/4/277
f 2914/4/298 2892/4/277 2891/4/424
f 2892/4/277 2914/4/298 2916/4/668
f 2909/4/296 2918/4/499 2917/4/489
f 2918/4/499 2909/4/296 2910/4/295
f 2910/4/295 2913/4/669 2918/4/499
f 2913/4/669 2910/4/295 2912/4/297
f 2914/4/305 2909/4/296 2917/4/489
f 2909/4/296 2914/4/305 2911/4/294
f 2914/4/305 2912/4/297 2911/4/294
f 2912/4/297 2914/4/305 2913/4/669
f 2920/4/306 2905/4/426 2919/4/307
f 2905/4/426 2920/4/306 2907/4/290
f 2905/4/426 2918/4/427 2919/4/307
f 2918/4/427 2905/4/426 2906/4/291
f 2906/4/291 2917/4/428 2918/4/427
f 2917/4/428 2906/4/291 2908/4/293
f 2920/4/306 2908/4/293 2907/4/290
f 2908/4/293 2920/4/306 2917/4/428
f 2894/4/279 2916/4/310 2920/4/429
f 2916/4/310 2894/4/279 2896/4/281
f 2915/4/312 2893/4/280 2919/4/313
f 2893/4/280 2915/4/312 2895/4/278
f 2919/4/313 2894/4/279 2920/4/429
f 2894/4/279 2919/4/313 2893/4/280
f 2915/4/312 2896/4/281 2895/4/278
f 2896/4/281 2915/4/312 2916/4/310
f 2920/4/314 2904/4/289 2903/4/286
f 2904/4/289 2920/4/314 2916/4/315
f 2901/4/288 2914/4/316 2917/4/317
f 2914/4/316 2901/4/288 2902/4/287
f 2920/4/314 2901/4/288 2917/4/317
f 2901/4/288 2920/4/314 2903/4/286
f 2902/4/287 2916/4/315 2914/4/316
f 2916/4/315 2902/4/287 2904/4/289
f 2913/4/318 2898/4/283 2918/4/319
f 2898/4/283 2913/4/318 2897/4/284
f 2915/4/320 2900/4/285 2899/4/282
f 2900/4/285 2915/4/320 2919/4/321
f 2898/4/283 2919/4/321 2918/4/319
f 2919/4/321 2898/4/283 2900/4/285
f 2915/4/320 2897/4/284 2913/4/318
f 2897/4/284 2915/4/320 2899/4/282
f 2923/1/1 2922/1/2 2921/1/2
f 2922/1/2 2923/1/1 2924/1/1
f 2927/1/3 2926/1/4 2925/1/4
f 2926/1/4 2927/1/3 2928/1/3
f 2931/1/5 2930/1/6 2929/1/5
f 2930/1/6 2931/1/5 2932/1/6
f 2934/1/7 2930/1/7 2933/1/7
f 2934/1/7 2929/1/7 2930/1/7
f 2935/1/7 2929/1/7 2934/1/7
f 2935/1/7 2936/1/7 2929/1/7
f 2927/1/7 2936/1/7 2935/1/7
f 2925/1/7 2936/1/7 2927/1/7
f 2925/1/7 2937/1/7 2936/1/7
f 2938/1/7 2937/1/7 2925/1/7
f 2939/1/7 2937/1/7 2938/1/7
f 2937/1/7 2939/1/7 2924/1/7
f 2940/1/7 2924/1/7 2939/1/7
f 2940/1/7 2922/1/7 2924/1/7
f 2940/1/7 2941/1/7 2922/1/7
f 2941/1/7 2940/1/7 2942/1/7
f 2930/1/6 2944/1/8 2943/1/8
f 2944/1/8 2930/1/6 2945/1/8
f 2945/1/8 2930/1/6 2932/1/6
f 2945/1/8 2932/1/6 2946/1/8
f 2925/1/4 2947/1/9 2938/1/9
f 2947/1/9 2925/1/4 2926/1/4
f 2948/1/10 2929/1/5 2936/1/10
f 2929/1/5 2948/1/10 2931/1/5
f 2938/1/9 2949/1/11 2939/1/11
f 2949/1/11 2938/1/9 2947/1/9
f 2944/1/12 2951/1/12 2950/1/12
f 2951/1/12 2944/1/12 2945/1/12
f 2933/1/13 2952/1/14 2934/1/14
f 2952/1/14 2933/1/13 2953/1/13
f 2921/1/2 2941/1/15 2954/1/15
f 2941/1/15 2921/1/2 2922/1/2
f 2943/1/16 2933/1/17 2930/1/17
f 2933/1/17 2943/1/16 2955/1/16
f 2956/1/18 2936/1/10 2937/1/18
f 2936/1/10 2956/1/18 2948/1/10
f 2951/1/19 2946/1/20 2957/1/20
f 2946/1/20 2951/1/19 2945/1/19
f 2944/1/7 2955/1/16 2943/1/16
f 2955/1/16 2944/1/7 2950/1/7
f 2934/1/14 2958/1/21 2935/1/21
f 2958/1/21 2934/1/14 2952/1/14
f 2960/1/19 2954/1/19 2959/1/19
f 2954/1/19 2960/1/19 2921/1/19
f 2921/1/19 2960/1/19 2923/1/19
f 2923/1/19 2960/1/19 2949/1/19
f 2923/1/19 2949/1/19 2956/1/19
f 2956/1/19 2949/1/19 2947/1/19
f 2956/1/19 2947/1/19 2926/1/19
f 2956/1/19 2926/1/19 2948/1/19
f 2948/1/19 2926/1/19 2928/1/19
f 2948/1/19 2928/1/19 2958/1/19
f 2948/1/19 2958/1/19 2931/1/19
f 2931/1/19 2958/1/19 2952/1/19
f 2931/1/19 2952/1/19 2932/1/19
f 2932/1/19 2952/1/19 2953/1/19
f 2939/1/12 2960/1/12 2940/1/12
f 2960/1/12 2939/1/12 2949/1/12
f 2953/1/22 2946/1/20 2932/1/22
f 2946/1/20 2953/1/22 2957/1/20
f 2935/1/21 2928/1/3 2927/1/3
f 2928/1/3 2935/1/21 2958/1/21
f 2956/1/18 2924/1/1 2923/1/1
f 2924/1/1 2956/1/18 2937/1/18
f 2954/1/23 2942/1/23 2959/1/23
f 2942/1/23 2954/1/23 2941/1/23
f 2962/2/24 2959/2/25 2961/2/24
f 2959/2/25 2962/2/24 2960/2/25
f 2942/2/26 2964/2/27 2963/2/27
f 2964/2/27 2942/2/26 2940/2/26
f 2961/2/28 2966/2/23 2965/2/23
f 2966/2/23 2961/2/28 2963/2/28
f 2940/2/29 2962/2/30 2964/2/30
f 2962/2/30 2940/2/29 2960/2/29
f 2967/2/19 2961/2/24 2965/2/19
f 2961/2/24 2967/2/19 2962/2/24
f 2964/2/27 2966/2/7 2963/2/27
f 2966/2/7 2964/2/27 2968/2/7
f 2959/2/31 2963/2/28 2961/2/28
f 2963/2/28 2959/2/31 2942/2/31
f 2968/2/32 2965/2/32 2966/2/32
f 2965/2/32 2968/2/32 2967/2/32
f 2964/2/30 2967/2/12 2968/2/12
f 2967/2/12 2964/2/30 2962/2/30
f 2950/3/32 2933/3/32 2955/3/32
f 2933/3/32 2950/3/32 2951/3/32
f 2933/3/32 2951/3/32 2953/3/32
f 2953/3/32 2951/3/32 2957/3/32
f 2971/7/23 2970/7/23 2969/7/23
f 2970/7/23 2971/7/23 2972/7/23
f 1086/7/12 933/7/12 1085/7/12
f 933/7/12 1086/7/12 935/7/12
f 2971/7/8 1086/7/8 2972/7/8
f 1086/7/8 2971/7/8 935/7/8
f 1086/7/7 2970/7/7 2972/7/7
f 2970/7/7 1086/7/7 1085/7/7
f 933/7/19 2971/7/19 2969/7/19
f 2971/7/19 933/7/19 935/7/19
f 933/10/32 2970/10/32 1085/10/32
f 2970/10/32 933/10/32 2969/10/32
f 2975/6/32 2974/6/32 2973/6/32
f 2974/6/32 2975/6/32 2976/6/32
f 2979/6/8 2978/6/8 2977/6/8
f 2978/6/8 2979/6/8 2980/6/8
f 2978/6/19 2975/6/19 2973/6/19
f 2975/6/19 2978/6/19 2980/6/19
f 2975/6/23 2979/6/23 2976/6/23
f 2979/6/23 2975/6/23 2980/6/23
f 2979/6/7 2974/6/7 2976/6/7
f 2974/6/7 2979/6/7 2977/6/7
f 2978/6/12 2974/6/12 2977/6/12
f 2974/6/12 2978/6/12 2973/6/12
f 2983/6/32 2982/6/32 2981/6/32
f 2982/6/32 2983/6/32 2984/6/32
f 2987/6/8 2986/6/8 2985/6/8
f 2986/6/8 2987/6/8 2988/6/8
f 2986/6/19 2983/6/19 2981/6/19
f 2983/6/19 2986/6/19 2988/6/19
f 2983/6/23 2987/6/23 2984/6/23
f 2987/6/23 2983/6/23 2988/6/23
f 2987/6/7 2982/6/7 2984/6/7
f 2982/6/7 2987/6/7 2985/6/7
f 2986/6/12 2982/6/12 2985/6/12
f 2982/6/12 2986/6/12 2981/6/12
f 2991/6/8 2990/6/8 2989/6/8
f 2990/6/8 2991/6/8 2992/6/8
f 2989/6/23 2994/6/23 2993/6/23
f 2994/6/23 2989/6/23 2990/6/23
f 2996/6/12 2991/6/12 2995/6/12
f 2991/6/12 2996/6/12 2992/6/12
f 2994/6/32 2995/6/32 2993/6/32
f 2995/6/32 2994/6/32 2996/6/32
f 2999/6/12 2998/6/12 2997/6/12
f 2998/6/12 2999/6/12 3000/6/12
f 2999/6/81 3001/6/81 3000/6/81
f 3001/6/81 2999/6/81 3002/6/81
f 3004/6/82 2998/6/82 3003/6/82
f 2998/6/82 3004/6/82 2997/6/83
f 3004/6/84 2999/6/84 2997/6/84
f 2999/6/84 3004/6/84 3002/6/84
f 3001/6/85 2998/6/85 3000/6/85
f 2998/6/85 3001/6/85 3003/6/85
f 3001/6/23 3004/6/23 3003/6/23
f 3004/6/23 3001/6/23 3002/6/23
f 3007/6/12 3006/6/12 3005/6/12
f 3006/6/12 3007/6/12 3008/6/12
f 3007/6/86 3009/6/86 3008/6/86
f 3009/6/86 3007/6/86 3010/6/86
f 3012/6/87 3006/6/87 3011/6/87
f 3006/6/87 3012/6/87 3005/6/87
f 3012/6/88 3007/6/88 3005/6/88
f 3007/6/88 3012/6/88 3010/6/88
f 3009/6/89 3006/6/89 3008/6/89
f 3006/6/89 3009/6/89 3011/6/89
f 3009/6/23 3012/6/23 3011/6/23
f 3012/6/23 3009/6/23 3010/6/23
f 3015/6/12 3014/6/12 3013/6/12
f 3014/6/12 3015/6/12 3016/6/12
f 3015/6/90 3017/6/90 3016/6/90
f 3017/6/90 3015/6/90 3018/6/90
f 3020/6/91 3014/6/91 3019/6/91
f 3014/6/91 3020/6/91 3013/6/91
f 3020/6/92 3015/6/92 3013/6/92
f 3015/6/92 3020/6/92 3018/6/92
f 3017/6/93 3014/6/93 3016/6/93
f 3014/6/93 3017/6/93 3019/6/93
f 3017/6/23 3020/6/23 3019/6/23
f 3020/6/23 3017/6/23 3018/6/23
f 3023/6/8 3022/6/8 3021/6/8
f 3022/6/8 3023/6/8 3024/6/8
f 3021/6/23 3026/6/23 3025/6/23
f 3026/6/23 3021/6/23 3022/6/23
f 3028/6/12 3023/6/12 3027/6/12
f 3023/6/12 3028/6/12 3024/6/12
f 3026/6/32 3027/6/32 3025/6/32
f 3027/6/32 3026/6/32 3028/6/32
f 3031/6/12 3030/6/12 3029/6/12
f 3030/6/12 3031/6/12 3032/6/12
f 3031/6/94 3033/6/94 3032/6/94
f 3033/6/94 3031/6/94 3034/6/94
f 3036/6/95 3030/6/95 3035/6/95
f 3030/6/95 3036/6/95 3029/6/95
f 3036/6/96 3031/6/96 3029/6/96
f 3031/6/96 3036/6/96 3034/6/96
f 3033/6/97 3030/6/97 3032/6/97
f 3030/6/97 3033/6/97 3035/6/97
f 3033/6/23 3036/6/23 3035/6/23
f 3036/6/23 3033/6/23 3034/6/23
f 3039/6/12 3038/6/12 3037/6/12
f 3038/6/12 3039/6/12 3040/6/12
f 3039/6/19 3041/6/19 3040/6/19
f 3041/6/19 3039/6/19 3042/6/19
f 3044/6/7 3038/6/7 3043/6/7
f 3038/6/7 3044/6/7 3037/6/7
f 3044/6/8 3039/6/8 3037/6/8
f 3039/6/8 3044/6/8 3042/6/8
f 3041/6/32 3038/6/32 3040/6/32
f 3038/6/32 3041/6/32 3043/6/32
f 3041/6/23 3044/6/23 3043/6/23
f 3044/6/23 3041/6/23 3042/6/23
f 3047/6/32 3046/6/32 3045/6/32
f 3046/6/32 3047/6/32 3048/6/32
f 3051/6/8 3050/6/8 3049/6/8
f 3050/6/8 3051/6/8 3052/6/8
f 3050/6/23 3047/6/23 3045/6/23
f 3047/6/23 3050/6/23 3052/6/23
f 3047/6/7 3051/6/7 3048/6/7
f 3051/6/7 3047/6/7 3052/6/7
f 3051/6/12 3046/6/12 3048/6/12
f 3046/6/12 3051/6/12 3049/6/12
f 3050/6/19 3046/6/19 3049/6/19
f 3046/6/19 3050/6/19 3045/6/19
f 3055/6/32 3054/6/32 3053/6/32
f 3054/6/32 3055/6/32 3056/6/32
f 3059/6/8 3058/6/8 3057/6/8
f 3058/6/8 3059/6/8 3060/6/8
f 3058/6/23 3055/6/23 3053/6/23
f 3055/6/23 3058/6/23 3060/6/23
f 3055/6/7 3059/6/7 3056/6/7
f 3059/6/7 3055/6/7 3060/6/7
f 3059/6/12 3054/6/12 3056/6/12
f 3054/6/12 3059/6/12 3057/6/12
f 3058/6/19 3054/6/19 3057/6/19
f 3054/6/19 3058/6/19 3053/6/19
f 3063/6/8 3062/6/8 3061/6/8
f 3062/6/8 3063/6/8 3064/6/8
f 3061/6/7 3066/6/7 3065/6/7
f 3066/6/7 3061/6/7 3062/6/7
f 3068/6/19 3063/6/19 3067/6/19
f 3063/6/19 3068/6/19 3064/6/19
f 3066/6/32 3067/6/32 3065/6/32
f 3067/6/32 3066/6/32 3068/6/32
f 3071/6/19 3070/6/19 3069/6/19
f 3070/6/19 3071/6/19 3072/6/19
f 3071/6/690 3073/6/690 3072/6/690
f 3073/6/690 3071/6/690 3074/6/690
f 3076/6/691 3070/6/691 3075/6/691
f 3070/6/691 3076/6/691 3069/6/691
f 3076/6/692 3071/6/692 3069/6/692
f 3071/6/692 3076/6/692 3074/6/692
f 3073/6/693 3070/6/693 3072/6/693
f 3070/6/693 3073/6/693 3075/6/693
f 3073/6/7 3076/6/7 3075/6/7
f 3076/6/7 3073/6/7 3074/6/7
f 3079/6/19 3078/6/19 3077/6/19
f 3078/6/19 3079/6/19 3080/6/19
f 3079/6/694 3081/6/694 3080/6/694
f 3081/6/694 3079/6/694 3082/6/694
f 3084/6/695 3078/6/695 3083/6/695
f 3078/6/695 3084/6/695 3077/6/695
f 3084/6/696 3079/6/696 3077/6/696
f 3079/6/696 3084/6/696 3082/6/696
f 3081/6/697 3078/6/697 3080/6/697
f 3078/6/697 3081/6/697 3083/6/697
f 3081/6/7 3084/6/7 3083/6/7
f 3084/6/7 3081/6/7 3082/6/7
f 3087/6/19 3086/6/19 3085/6/19
f 3086/6/19 3087/6/19 3088/6/19
f 3087/6/698 3089/6/698 3088/6/698
f 3089/6/698 3087/6/698 3090/6/698
f 3092/6/699 3086/6/699 3091/6/699
f 3086/6/699 3092/6/699 3085/6/699
f 3092/6/700 3087/6/700 3085/6/700
f 3087/6/700 3092/6/700 3090/6/700
f 3089/6/701 3086/6/701 3088/6/701
f 3086/6/701 3089/6/701 3091/6/701
f 3089/6/7 3092/6/7 3091/6/7
f 3092/6/7 3089/6/7 3090/6/7
f 3095/6/8 3094/6/8 3093/6/8
f 3094/6/8 3095/6/8 3096/6/8
f 3093/6/7 3098/6/7 3097/6/7
f 3098/6/7 3093/6/7 3094/6/7
f 3100/6/19 3095/6/19 3099/6/19
f 3095/6/19 3100/6/19 3096/6/19
f 3098/6/32 3099/6/32 3097/6/32
f 3099/6/32 3098/6/32 3100/6/32
f 3103/6/19 3102/6/19 3101/6/19
f 3102/6/19 3103/6/19 3104/6/19
f 3103/6/702 3105/6/702 3104/6/702
f 3105/6/702 3103/6/702 3106/6/702
f 3108/6/703 3102/6/703 3107/6/703
f 3102/6/703 3108/6/703 3101/6/703
f 3108/6/704 3103/6/704 3101/6/704
f 3103/6/704 3108/6/704 3106/6/704
f 3105/6/705 3102/6/705 3104/6/705
f 3102/6/705 3105/6/705 3107/6/705
f 3105/6/7 3108/6/7 3107/6/7
f 3108/6/7 3105/6/7 3106/6/7
f 3111/6/19 3110/6/19 3109/6/19
f 3110/6/19 3111/6/19 3112/6/19
f 3111/6/23 3113/6/23 3112/6/23
f 3113/6/23 3111/6/23 3114/6/23
f 3116/6/12 3110/6/12 3115/6/12
f 3110/6/12 3116/6/12 3109/6/12
f 3116/6/8 3111/6/8 3109/6/8
f 3111/6/8 3116/6/8 3114/6/8
f 3113/6/32 3110/6/32 3112/6/32
f 3110/6/32 3113/6/32 3115/6/32
f 3113/6/7 3116/6/7 3115/6/7
f 3116/6/7 3113/6/7 3114/6/7
f 3119/6/32 3118/6/32 3117/6/32
f 3118/6/32 3119/6/32 3120/6/32
f 3123/6/8 3122/6/8 3121/6/8
f 3122/6/8 3123/6/8 3124/6/8
f 3122/6/23 3119/6/23 3117/6/23
f 3119/6/23 3122/6/23 3124/6/23
f 3119/6/7 3123/6/7 3120/6/7
f 3123/6/7 3119/6/7 3124/6/7
f 3123/6/12 3118/6/12 3120/6/12
f 3118/6/12 3123/6/12 3121/6/12
f 3122/6/19 3118/6/19 3121/6/19
f 3118/6/19 3122/6/19 3117/6/19
f 3127/6/32 3126/6/32 3125/6/32
f 3126/6/32 3127/6/32 3128/6/32
f 3131/6/8 3130/6/8 3129/6/8
f 3130/6/8 3131/6/8 3132/6/8
f 3130/6/23 3127/6/23 3125/6/23
f 3127/6/23 3130/6/23 3132/6/23
f 3127/6/7 3131/6/7 3128/6/7
f 3131/6/7 3127/6/7 3132/6/7
f 3131/6/12 3126/6/12 3128/6/12
f 3126/6/12 3131/6/12 3129/6/12
f 3130/6/19 3126/6/19 3129/6/19
f 3126/6/19 3130/6/19 3125/6/19
f 3135/6/8 3134/6/8 3133/6/8
f 3134/6/8 3135/6/8 3136/6/8
f 3133/6/7 3138/6/7 3137/6/7
f 3138/6/7 3133/6/7 3134/6/7
f 3140/6/19 3135/6/19 3139/6/19
f 3135/6/19 3140/6/19 3136/6/19
f 3138/6/32 3139/6/32 3137/6/32
f 3139/6/32 3138/6/32 3140/6/32
f 3143/6/19 3142/6/19 3141/6/19
f 3142/6/19 3143/6/19 3144/6/19
f 3143/6/690 3145/6/690 3144/6/690
f 3145/6/690 3143/6/690 3146/6/690
f 3148/6/691 3142/6/691 3147/6/691
f 3142/6/691 3148/6/691 3141/6/691
f 3148/6/692 3143/6/692 3141/6/692
f 3143/6/692 3148/6/692 3146/6/692
f 3145/6/693 3142/6/693 3144/6/693
f 3142/6/693 3145/6/693 3147/6/693
f 3145/6/7 3148/6/7 3147/6/7
f 3148/6/7 3145/6/7 3146/6/7
f 3151/6/19 3150/6/19 3149/6/19
f 3150/6/19 3151/6/19 3152/6/19
f 3151/6/694 3153/6/694 3152/6/694
f 3153/6/694 3151/6/694 3154/6/694
f 3156/6/695 3150/6/695 3155/6/695
f 3150/6/695 3156/6/695 3149/6/695
f 3156/6/696 3151/6/696 3149/6/696
f 3151/6/696 3156/6/696 3154/6/696
f 3153/6/697 3150/6/697 3152/6/697
f 3150/6/697 3153/6/697 3155/6/697
f 3153/6/7 3156/6/7 3155/6/7
f 3156/6/7 3153/6/7 3154/6/7
f 3159/6/19 3158/6/19 3157/6/19
f 3158/6/19 3159/6/19 3160/6/19
f 3159/6/698 3161/6/698 3160/6/698
f 3161/6/698 3159/6/698 3162/6/698
f 3164/6/699 3158/6/699 3163/6/699
f 3158/6/699 3164/6/699 3157/6/699
f 3164/6/700 3159/6/700 3157/6/700
f 3159/6/700 3164/6/700 3162/6/700
f 3161/6/701 3158/6/701 3160/6/701
f 3158/6/701 3161/6/701 3163/6/701
f 3161/6/7 3164/6/7 3163/6/7
f 3164/6/7 3161/6/7 3162/6/7
f 3167/6/8 3166/6/8 3165/6/8
f 3166/6/8 3167/6/8 3168/6/8
f 3165/6/7 3170/6/7 3169/6/7
f 3170/6/7 3165/6/7 3166/6/7
f 3172/6/19 3167/6/19 3171/6/19
f 3167/6/19 3172/6/19 3168/6/19
f 3170/6/32 3171/6/32 3169/6/32
f 3171/6/32 3170/6/32 3172/6/32
f 3175/6/19 3174/6/19 3173/6/19
f 3174/6/19 3175/6/19 3176/6/19
f 3175/6/702 3177/6/702 3176/6/702
f 3177/6/702 3175/6/702 3178/6/702
f 3180/6/703 3174/6/703 3179/6/703
f 3174/6/703 3180/6/703 3173/6/703
f 3180/6/704 3175/6/704 3173/6/704
f 3175/6/704 3180/6/704 3178/6/704
f 3177/6/705 3174/6/705 3176/6/705
f 3174/6/705 3177/6/705 3179/6/705
f 3177/6/7 3180/6/7 3179/6/7
f 3180/6/7 3177/6/7 3178/6/7
f 3183/6/19 3182/6/19 3181/6/19
f 3182/6/19 3183/6/19 3184/6/19
f 3183/6/23 3185/6/23 3184/6/23
f 3185/6/23 3183/6/23 3186/6/23
f 3188/6/12 3182/6/12 3187/6/12
f 3182/6/12 3188/6/12 3181/6/12
f 3188/6/8 3183/6/8 3181/6/8
f 3183/6/8 3188/6/8 3186/6/8
f 3185/6/32 3182/6/32 3184/6/32
f 3182/6/32 3185/6/32 3187/6/32
f 3185/6/7 3188/6/7 3187/6/7
f 3188/6/7 3185/6/7 3186/6/7
f 3191/6/32 3190/6/32 3189/6/32
f 3190/6/32 3191/6/32 3192/6/32
f 3195/6/8 3194/6/8 3193/6/8
f 3194/6/8 3195/6/8 3196/6/8
f 3194/6/7 3191/6/7 3189/6/7
f 3191/6/7 3194/6/7 3196/6/7
f 3191/6/12 3195/6/12 3192/6/12
f 3195/6/12 3191/6/12 3196/6/12
f 3195/6/19 3190/6/19 3192/6/19
f 3190/6/19 3195/6/19 3193/6/19
f 3194/6/23 3190/6/23 3193/6/23
f 3190/6/23 3194/6/23 3189/6/23
f 3199/6/32 3198/6/32 3197/6/32
f 3198/6/32 3199/6/32 3200/6/32
f 3203/6/8 3202/6/8 3201/6/8
f 3202/6/8 3203/6/8 3204/6/8
f 3202/6/7 3199/6/7 3197/6/7
f 3199/6/7 3202/6/7 3204/6/7
f 3199/6/12 3203/6/12 3200/6/12
f 3203/6/12 3199/6/12 3204/6/12
f 3203/6/19 3198/6/19 3200/6/19
f 3198/6/19 3203/6/19 3201/6/19
f 3202/6/23 3198/6/23 3201/6/23
f 3198/6/23 3202/6/23 3197/6/23
f 3207/6/8 3206/6/8 3205/6/8
f 3206/6/8 3207/6/8 3208/6/8
f 3205/6/12 3210/6/12 3209/6/12
f 3210/6/12 3205/6/12 3206/6/12
f 3212/6/23 3207/6/23 3211/6/23
f 3207/6/23 3212/6/23 3208/6/23
f 3210/6/32 3211/6/32 3209/6/32
f 3211/6/32 3210/6/32 3212/6/32
f 3215/6/23 3214/6/23 3213/6/23
f 3214/6/23 3215/6/23 3216/6/23
f 3215/6/98 3217/6/98 3216/6/98
f 3217/6/98 3215/6/98 3218/6/98
f 3220/6/99 3214/6/99 3219/6/99
f 3214/6/99 3220/6/99 3213/6/99
f 3220/6/100 3215/6/100 3213/6/100
f 3215/6/100 3220/6/100 3218/6/100
f 3217/6/101 3214/6/101 3216/6/101
f 3214/6/101 3217/6/101 3219/6/101
f 3217/6/12 3220/6/12 3219/6/12
f 3220/6/12 3217/6/12 3218/6/12
f 3223/6/23 3222/6/23 3221/6/23
f 3222/6/23 3223/6/23 3224/6/23
f 3223/6/102 3225/6/102 3224/6/102
f 3225/6/102 3223/6/102 3226/6/102
f 3228/6/103 3222/6/103 3227/6/103
f 3222/6/103 3228/6/103 3221/6/103
f 3228/6/104 3223/6/104 3221/6/104
f 3223/6/104 3228/6/104 3226/6/104
f 3225/6/105 3222/6/105 3224/6/105
f 3222/6/105 3225/6/105 3227/6/105
f 3225/6/12 3228/6/12 3227/6/12
f 3228/6/12 3225/6/12 3226/6/12
f 3231/6/23 3230/6/23 3229/6/23
f 3230/6/23 3231/6/23 3232/6/23
f 3231/6/106 3233/6/106 3232/6/106
f 3233/6/106 3231/6/106 3234/6/106
f 3236/6/107 3230/6/107 3235/6/107
f 3230/6/107 3236/6/107 3229/6/107
f 3236/6/108 3231/6/108 3229/6/108
f 3231/6/108 3236/6/108 3234/6/108
f 3233/6/109 3230/6/109 3232/6/109
f 3230/6/109 3233/6/109 3235/6/109
f 3233/6/12 3236/6/12 3235/6/12
f 3236/6/12 3233/6/12 3234/6/12
f 3239/6/8 3238/6/8 3237/6/8
f 3238/6/8 3239/6/8 3240/6/8
f 3237/6/12 3242/6/12 3241/6/12
f 3242/6/12 3237/6/12 3238/6/12
f 3244/6/23 3239/6/23 3243/6/23
f 3239/6/23 3244/6/23 3240/6/23
f 3242/6/32 3243/6/32 3241/6/32
f 3243/6/32 3242/6/32 3244/6/32
f 3247/6/23 3246/6/23 3245/6/23
f 3246/6/23 3247/6/23 3248/6/23
f 3247/6/110 3249/6/110 3248/6/110
f 3249/6/110 3247/6/110 3250/6/110
f 3252/6/111 3246/6/111 3251/6/111
f 3246/6/111 3252/6/111 3245/6/111
f 3252/6/112 3247/6/112 3245/6/112
f 3247/6/112 3252/6/112 3250/6/112
f 3249/6/113 3246/6/113 3248/6/113
f 3246/6/113 3249/6/113 3251/6/113
f 3249/6/12 3252/6/12 3251/6/12
f 3252/6/12 3249/6/12 3250/6/12
f 3255/6/23 3254/6/23 3253/6/23
f 3254/6/23 3255/6/23 3256/6/23
f 3255/6/7 3257/6/7 3256/6/7
f 3257/6/7 3255/6/7 3258/6/7
f 3260/6/19 3254/6/19 3259/6/19
f 3254/6/19 3260/6/19 3253/6/19
f 3260/6/8 3255/6/8 3253/6/8
f 3255/6/8 3260/6/8 3258/6/8
f 3257/6/32 3254/6/32 3256/6/32
f 3254/6/32 3257/6/32 3259/6/32
f 3257/6/12 3260/6/12 3259/6/12
f 3260/6/12 3257/6/12 3258/6/12
f 3263/10/32 3262/10/32 3261/10/32
f 3262/10/32 3263/10/32 3264/10/32
f 3267/10/8 3266/10/8 3265/10/8
f 3266/10/8 3267/10/8 3268/10/8
f 3266/10/23 3263/10/23 3261/10/23
f 3263/10/23 3266/10/23 3268/10/23
f 3263/10/7 3267/10/7 3264/10/7
f 3267/10/7 3263/10/7 3268/10/7
f 3267/10/12 3262/10/12 3264/10/12
f 3262/10/12 3267/10/12 3265/10/12
f 3266/10/19 3262/10/19 3265/10/19
f 3262/10/19 3266/10/19 3261/10/19
f 3271/10/32 3270/10/32 3269/10/32
f 3270/10/32 3271/10/32 3272/10/32
f 3275/10/8 3274/10/8 3273/10/8
f 3274/10/8 3275/10/8 3276/10/8
f 3274/10/23 3271/10/23 3269/10/23
f 3271/10/23 3274/10/23 3276/10/23
f 3271/10/7 3275/10/7 3272/10/7
f 3275/10/7 3271/10/7 3276/10/7
f 3275/10/12 3270/10/12 3272/10/12
f 3270/10/12 3275/10/12 3273/10/12
f 3274/10/19 3270/10/19 3273/10/19
f 3270/10/19 3274/10/19 3269/10/19
f 3279/10/8 3278/10/8 3277/10/8
f 3278/10/8 3279/10/8 3280/10/8
f 3277/10/7 3282/10/7 3281/10/7
f 3282/10/7 3277/10/7 3278/10/7
f 3284/10/19 3279/10/19 3283/10/19
f 3279/10/19 3284/10/19 3280/10/19
f 3282/10/32 3283/10/32 3281/10/32
f 3283/10/32 3282/10/32 3284/10/32
f 3287/10/32 3286/10/32 3285/10/32
f 3286/10/32 3287/10/32 3288/10/32
f 3291/10/8 3290/10/8 3289/10/8
f 3290/10/8 3291/10/8 3292/10/8
f 3290/10/23 3287/10/23 3285/10/23
f 3287/10/23 3290/10/23 3292/10/23
f 3287/10/7 3291/10/7 3288/10/7
f 3291/10/7 3287/10/7 3292/10/7
f 3291/10/12 3286/10/12 3288/10/12
f 3286/10/12 3291/10/12 3289/10/12
f 3290/10/19 3286/10/19 3289/10/19
f 3286/10/19 3290/10/19 3285/10/19
f 3295/10/32 3294/10/32 3293/10/32
f 3294/10/32 3295/10/32 3296/10/32
f 3299/10/8 3298/10/8 3297/10/8
f 3298/10/8 3299/10/8 3300/10/8
f 3298/10/23 3295/10/23 3293/10/23
f 3295/10/23 3298/10/23 3300/10/23
f 3295/10/7 3299/10/7 3296/10/7
f 3299/10/7 3295/10/7 3300/10/7
f 3299/10/12 3294/10/12 3296/10/12
f 3294/10/12 3299/10/12 3297/10/12
f 3298/10/19 3294/10/19 3297/10/19
f 3294/10/19 3298/10/19 3293/10/19
f 3303/10/8 3302/10/8 3301/10/8
f 3302/10/8 3303/10/8 3304/10/8
f 3301/10/7 3306/10/7 3305/10/7
f 3306/10/7 3301/10/7 3302/10/7
f 3308/10/19 3303/10/19 3307/10/19
f 3303/10/19 3308/10/19 3304/10/19
f 3306/10/32 3307/10/32 3305/10/32
f 3307/10/32 3306/10/32 3308/10/32
f 3311/6/32 3310/6/32 3309/6/32
f 3310/6/32 3311/6/32 3312/6/32
f 3315/6/8 3314/6/8 3313/6/8
f 3314/6/8 3315/6/8 3316/6/8
f 3314/6/19 3311/6/19 3309/6/19
f 3311/6/19 3314/6/19 3316/6/19
f 3311/6/23 3315/6/23 3312/6/23
f 3315/6/23 3311/6/23 3316/6/23
f 3315/6/7 3310/6/7 3312/6/7
f 3310/6/7 3315/6/7 3313/6/7
f 3314/6/12 3310/6/12 3313/6/12
f 3310/6/12 3314/6/12 3309/6/12
f 3319/6/32 3318/6/32 3317/6/32
f 3318/6/32 3319/6/32 3320/6/32
f 3323/6/8 3322/6/8 3321/6/8
f 3322/6/8 3323/6/8 3324/6/8
f 3322/6/19 3319/6/19 3317/6/19
f 3319/6/19 3322/6/19 3324/6/19
f 3319/6/23 3323/6/23 3320/6/23
f 3323/6/23 3319/6/23 3324/6/23
f 3323/6/7 3318/6/7 3320/6/7
f 3318/6/7 3323/6/7 3321/6/7
f 3322/6/12 3318/6/12 3321/6/12
f 3318/6/12 3322/6/12 3317/6/12
f 3327/6/8 3326/6/8 3325/6/8
f 3326/6/8 3327/6/8 3328/6/8
f 3325/6/23 3330/6/23 3329/6/23
f 3330/6/23 3325/6/23 3326/6/23
f 3332/6/12 3327/6/12 3331/6/12
f 3327/6/12 3332/6/12 3328/6/12
f 3330/6/32 3331/6/32 3329/6/32
f 3331/6/32 3330/6/32 3332/6/32
f 3335/6/12 3334/6/12 3333/6/12
f 3334/6/12 3335/6/12 3336/6/12
f 3335/6/81 3337/6/81 3336/6/81
f 3337/6/81 3335/6/81 3338/6/81
f 3340/6/82 3334/6/82 3339/6/82
f 3334/6/82 3340/6/82 3333/6/82
f 3340/6/84 3335/6/84 3333/6/84
f 3335/6/84 3340/6/84 3338/6/84
f 3337/6/85 3334/6/85 3336/6/85
f 3334/6/85 3337/6/85 3339/6/85
f 3337/6/23 3340/6/23 3339/6/23
f 3340/6/23 3337/6/23 3338/6/23
f 3343/6/12 3342/6/12 3341/6/12
f 3342/6/12 3343/6/12 3344/6/12
f 3343/6/86 3345/6/86 3344/6/86
f 3345/6/86 3343/6/86 3346/6/86
f 3348/6/87 3342/6/87 3347/6/87
f 3342/6/87 3348/6/87 3341/6/87
f 3348/6/88 3343/6/88 3341/6/88
f 3343/6/88 3348/6/88 3346/6/88
f 3345/6/89 3342/6/89 3344/6/89
f 3342/6/89 3345/6/89 3347/6/89
f 3345/6/23 3348/6/23 3347/6/23
f 3348/6/23 3345/6/23 3346/6/23
f 3351/6/12 3350/6/12 3349/6/12
f 3350/6/12 3351/6/12 3352/6/12
f 3351/6/90 3353/6/90 3352/6/90
f 3353/6/90 3351/6/90 3354/6/90
f 3356/6/91 3350/6/91 3355/6/91
f 3350/6/91 3356/6/91 3349/6/91
f 3356/6/92 3351/6/92 3349/6/92
f 3351/6/92 3356/6/92 3354/6/92
f 3353/6/93 3350/6/93 3352/6/93
f 3350/6/93 3353/6/93 3355/6/93
f 3353/6/23 3356/6/23 3355/6/23
f 3356/6/23 3353/6/23 3354/6/23
f 3359/6/8 3358/6/8 3357/6/8
f 3358/6/8 3359/6/8 3360/6/8
f 3357/6/23 3362/6/23 3361/6/23
f 3362/6/23 3357/6/23 3358/6/23
f 3364/6/12 3359/6/12 3363/6/12
f 3359/6/12 3364/6/12 3360/6/12
f 3362/6/32 3363/6/32 3361/6/32
f 3363/6/32 3362/6/32 3364/6/32
f 3367/6/12 3366/6/12 3365/6/12
f 3366/6/12 3367/6/12 3368/6/12
f 3367/6/94 3369/6/94 3368/6/94
f 3369/6/94 3367/6/94 3370/6/94
f 3372/6/95 3366/6/95 3371/6/95
f 3366/6/95 3372/6/95 3365/6/95
f 3372/6/96 3367/6/96 3365/6/96
f 3367/6/96 3372/6/96 3370/6/96
f 3369/6/97 3366/6/97 3368/6/97
f 3366/6/97 3369/6/97 3371/6/97
f 3369/6/23 3372/6/23 3371/6/23
f 3372/6/23 3369/6/23 3370/6/23
f 3375/6/12 3374/6/12 3373/6/12
f 3374/6/12 3375/6/12 3376/6/12
f 3375/6/19 3377/6/19 3376/6/19
f 3377/6/19 3375/6/19 3378/6/19
f 3380/6/7 3374/6/7 3379/6/7
f 3374/6/7 3380/6/7 3373/6/7
f 3380/6/8 3375/6/8 3373/6/8
f 3375/6/8 3380/6/8 3378/6/8
f 3377/6/32 3374/6/32 3376/6/32
f 3374/6/32 3377/6/32 3379/6/32
f 3377/6/23 3380/6/23 3379/6/23
f 3380/6/23 3377/6/23 3378/6/23
f 3382/10/32 2653/10/32 3381/10/32
f 2653/10/32 3382/10/32 2655/10/32
f 2660/10/8 3383/10/8 2658/10/8
f 3383/10/8 2660/10/8 3384/10/8
f 3383/10/7 3382/10/7 3381/10/7
f 3382/10/7 3383/10/7 3384/10/7
f 3382/10/12 2660/10/12 2655/10/12
f 2660/10/12 3382/10/12 3384/10/12
f 2660/10/19 2653/10/19 2655/10/19
f 2653/10/19 2660/10/19 2658/10/19
f 3383/10/23 2653/10/23 2658/10/23
f 2653/10/23 3383/10/23 3381/10/23
f 3387/10/32 3386/10/32 3385/10/32
f 3386/10/32 3387/10/32 3388/10/32
f 3391/10/8 3390/10/8 3389/10/8
f 3390/10/8 3391/10/8 3392/10/8
f 3390/10/7 3387/10/7 3385/10/7
f 3387/10/7 3390/10/7 3392/10/7
f 3387/10/12 3391/10/12 3388/10/12
f 3391/10/12 3387/10/12 3392/10/12
f 3391/10/19 3386/10/19 3388/10/19
f 3386/10/19 3391/10/19 3389/10/19
f 3390/10/23 3386/10/23 3389/10/23
f 3386/10/23 3390/10/23 3385/10/23
f 3395/10/8 3394/10/8 3393/10/8
f 3394/10/8 3395/10/8 3396/10/8
f 3393/10/12 3398/10/12 3397/10/12
f 3398/10/12 3393/10/12 3394/10/12
f 3400/10/23 3395/10/23 3399/10/23
f 3395/10/23 3400/10/23 3396/10/23
f 3398/10/32 3399/10/32 3397/10/32
f 3399/10/32 3398/10/32 3400/10/32
f 3403/10/32 3402/10/32 3401/10/32
f 3402/10/32 3403/10/32 3404/10/32
f 3407/10/8 3406/10/8 3405/10/8
f 3406/10/8 3407/10/8 3408/10/8
f 3406/10/23 3403/10/23 3401/10/23
f 3403/10/23 3406/10/23 3408/10/23
f 3403/10/7 3407/10/7 3404/10/7
f 3407/10/7 3403/10/7 3408/10/7
f 3407/10/12 3402/10/12 3404/10/12
f 3402/10/12 3407/10/12 3405/10/12
f 3406/10/19 3402/10/19 3405/10/19
f 3402/10/19 3406/10/19 3401/10/19
f 3411/10/32 3410/10/32 3409/10/32
f 3410/10/32 3411/10/32 3412/10/32
f 3415/10/8 3414/10/8 3413/10/8
f 3414/10/8 3415/10/8 3416/10/8
f 3414/10/23 3411/10/23 3409/10/23
f 3411/10/23 3414/10/23 3416/10/23
f 3411/10/7 3415/10/7 3412/10/7
f 3415/10/7 3411/10/7 3416/10/7
f 3415/10/12 3410/10/12 3412/10/12
f 3410/10/12 3415/10/12 3413/10/12
f 3414/10/19 3410/10/19 3413/10/19
f 3410/10/19 3414/10/19 3409/10/19
f 3419/10/8 3418/10/8 3417/10/8
f 3418/10/8 3419/10/8 3420/10/8
f 3417/10/7 3422/10/7 3421/10/7
f 3422/10/7 3417/10/7 3418/10/7
f 3424/10/19 3419/10/19 3423/10/19
f 3419/10/19 3424/10/19 3420/10/19
f 3422/10/32 3423/10/32 3421/10/32
f 3423/10/32 3422/10/32 3424/10/32
f 3427/10/32 3426/10/32 3425/10/32
f 3426/10/32 3427/10/32 3428/10/32
f 3431/10/8 3430/10/8 3429/10/8
f 3430/10/8 3431/10/8 3432/10/8
f 3430/10/23 3427/10/23 3425/10/23
f 3427/10/23 3430/10/23 3432/10/23
f 3427/10/7 3431/10/7 3428/10/7
f 3431/10/7 3427/10/7 3432/10/7
f 3431/10/12 3426/10/12 3428/10/12
f 3426/10/12 3431/10/12 3429/10/12
f 3430/10/19 3426/10/19 3429/10/19
f 3426/10/19 3430/10/19 3425/10/19
f 3435/10/32 3434/10/32 3433/10/32
f 3434/10/32 3435/10/32 3436/10/32
f 3439/10/8 3438/10/8 3437/10/8
f 3438/10/8 3439/10/8 3440/10/8
f 3438/10/23 3435/10/23 3433/10/23
f 3435/10/23 3438/10/23 3440/10/23
f 3435/10/7 3439/10/7 3436/10/7
f 3439/10/7 3435/10/7 3440/10/7
f 3439/10/12 3434/10/12 3436/10/12
f 3434/10/12 3439/10/12 3437/10/12
f 3438/10/19 3434/10/19 3437/10/19
f 3434/10/19 3438/10/19 3433/10/19
f 3443/10/8 3442/10/8 3441/10/8
f 3442/10/8 3443/10/8 3444/10/8
f 3441/10/7 3446/10/7 3445/10/7
f 3446/10/7 3441/10/7 3442/10/7
f 3448/10/19 3443/10/19 3447/10/19
f 3443/10/19 3448/10/19 3444/10/19
f 3446/10/32 3447/10/32 3445/10/32
f 3447/10/32 3446/10/32 3448/10/32
f 3451/10/32 3450/10/32 3449/10/32
f 3450/10/32 3451/10/32 3452/10/32
f 3455/10/8 3454/10/8 3453/10/8
f 3454/10/8 3455/10/8 3456/10/8
f 3454/10/23 3451/10/23 3449/10/23
f 3451/10/23 3454/10/23 3456/10/23
f 3451/10/7 3455/10/7 3452/10/7
f 3455/10/7 3451/10/7 3456/10/7
f 3455/10/12 3450/10/12 3452/10/12
f 3450/10/12 3455/10/12 3453/10/12
f 3454/10/19 3450/10/19 3453/10/19
f 3450/10/19 3454/10/19 3449/10/19
f 3459/10/32 3458/10/32 3457/10/32
f 3458/10/32 3459/10/32 3460/10/32
f 3463/10/8 3462/10/8 3461/10/8
f 3462/10/8 3463/10/8 3464/10/8
f 3462/10/23 3459/10/23 3457/10/23
f 3459/10/23 3462/10/23 3464/10/23
f 3459/10/7 3463/10/7 3460/10/7
f 3463/10/7 3459/10/7 3464/10/7
f 3463/10/12 3458/10/12 3460/10/12
f 3458/10/12 3463/10/12 3461/10/12
f 3462/10/19 3458/10/19 3461/10/19
f 3458/10/19 3462/10/19 3457/10/19
f 3467/10/8 3466/10/8 3465/10/8
f 3466/10/8 3467/10/8 3468/10/8
f 3465/10/7 3470/10/7 3469/10/7
f 3470/10/7 3465/10/7 3466/10/7
f 3472/10/19 3467/10/19 3471/10/19
f 3467/10/19 3472/10/19 3468/10/19
f 3470/10/32 3471/10/32 3469/10/32
f 3471/10/32 3470/10/32 3472/10/32
f 3475/10/32 3474/10/32 3473/10/32
f 3474/10/32 3475/10/32 3476/10/32
f 3479/10/8 3478/10/8 3477/10/8
f 3478/10/8 3479/10/8 3480/10/8
f 3478/10/23 3475/10/23 3473/10/23
f 3475/10/23 3478/10/23 3480/10/23
f 3475/10/7 3479/10/7 3476/10/7
f 3479/10/7 3475/10/7 3480/10/7
f 3479/10/12 3474/10/12 3476/10/12
f 3474/10/12 3479/10/12 3477/10/12
f 3478/10/19 3474/10/19 3477/10/19
f 3474/10/19 3478/10/19 3473/10/19
f 3483/10/32 3482/10/32 3481/10/32
f 3482/10/32 3483/10/32 3484/10/32
f 3487/10/8 3486/10/8 3485/10/8
f 3486/10/8 3487/10/8 3488/10/8
f 3486/10/23 3483/10/23 3481/10/23
f 3483/10/23 3486/10/23 3488/10/23
f 3483/10/7 3487/10/7 3484/10/7
f 3487/10/7 3483/10/7 3488/10/7
f 3487/10/12 3482/10/12 3484/10/12
f 3482/10/12 3487/10/12 3485/10/12
f 3486/10/19 3482/10/19 3485/10/19
f 3482/10/19 3486/10/19 3481/10/19
f 3491/10/8 3490/10/8 3489/10/8
f 3490/10/8 3491/10/8 3492/10/8
f 3489/10/7 3494/10/7 3493/10/7
f 3494/10/7 3489/10/7 3490/10/7
f 3496/10/19 3491/10/19 3495/10/19
f 3491/10/19 3496/10/19 3492/10/19
f 3494/10/32 3495/10/32 3493/10/32
f 3495/10/32 3494/10/32 3496/10/32
f 3499/10/32 3498/10/32 3497/10/32
f 3498/10/32 3499/10/32 3500/10/32
f 3503/10/8 3502/10/8 3501/10/8
f 3502/10/8 3503/10/8 3504/10/8
f 3502/10/23 3499/10/23 3497/10/23
f 3499/10/23 3502/10/23 3504/10/23
f 3499/10/7 3503/10/7 3500/10/7
f 3503/10/7 3499/10/7 3504/10/7
f 3503/10/12 3498/10/12 3500/10/12
f 3498/10/12 3503/10/12 3501/10/12
f 3502/10/19 3498/10/19 3501/10/19
f 3498/10/19 3502/10/19 3497/10/19
f 3507/10/32 3506/10/32 3505/10/32
f 3506/10/32 3507/10/32 3508/10/32
f 3511/10/8 3510/10/8 3509/10/8
f 3510/10/8 3511/10/8 3512/10/8
f 3510/10/23 3507/10/23 3505/10/23
f 3507/10/23 3510/10/23 3512/10/23
f 3507/10/7 3511/10/7 3508/10/7
f 3511/10/7 3507/10/7 3512/10/7
f 3511/10/12 3506/10/12 3508/10/12
f 3506/10/12 3511/10/12 3509/10/12
f 3510/10/19 3506/10/19 3509/10/19
f 3506/10/19 3510/10/19 3505/10/19
f 3515/10/8 3514/10/8 3513/10/8
f 3514/10/8 3515/10/8 3516/10/8
f 3513/10/7 3518/10/7 3517/10/7
f 3518/10/7 3513/10/7 3514/10/7
f 3520/10/19 3515/10/19 3519/10/19
f 3515/10/19 3520/10/19 3516/10/19
f 3518/10/32 3519/10/32 3517/10/32
f 3519/10/32 3518/10/32 3520/10/32
f 3523/10/32 3522/10/32 3521/10/32
f 3522/10/32 3523/10/32 3524/10/32
f 3527/10/8 3526/10/8 3525/10/8
f 3526/10/8 3527/10/8 3528/10/8
f 3526/10/23 3523/10/23 3521/10/23
f 3523/10/23 3526/10/23 3528/10/23
f 3523/10/7 3527/10/7 3524/10/7
f 3527/10/7 3523/10/7 3528/10/7
f 3527/10/12 3522/10/12 3524/10/12
f 3522/10/12 3527/10/12 3525/10/12
f 3526/10/19 3522/10/19 3525/10/19
f 3522/10/19 3526/10/19 3521/10/19
f 3531/10/32 3530/10/32 3529/10/32
f 3530/10/32 3531/10/32 3532/10/32
f 3535/10/8 3534/10/8 3533/10/8
f 3534/10/8 3535/10/8 3536/10/8
f 3534/10/23 3531/10/23 3529/10/23
f 3531/10/23 3534/10/23 3536/10/23
f 3531/10/7 3535/10/7 3532/10/7
f 3535/10/7 3531/10/7 3536/10/7
f 3535/10/12 3530/10/12 3532/10/12
f 3530/10/12 3535/10/12 3533/10/12
f 3534/10/19 3530/10/19 3533/10/19
f 3530/10/19 3534/10/19 3529/10/19
f 3539/10/8 3538/10/8 3537/10/8
f 3538/10/8 3539/10/8 3540/10/8
f 3537/10/7 3542/10/7 3541/10/7
f 3542/10/7 3537/10/7 3538/10/7
f 3544/10/19 3539/10/19 3543/10/19
f 3539/10/19 3544/10/19 3540/10/19
f 3542/10/32 3543/10/32 3541/10/32
f 3543/10/32 3542/10/32 3544/10/32
f 3546/10/32 3529/10/32 3545/10/32
f 3529/10/32 3546/10/32 3531/10/32
f 3536/10/8 3547/10/8 3534/10/8
f 3547/10/8 3536/10/8 3548/10/8
f 3547/10/23 3546/10/23 3545/10/23
f 3546/10/23 3547/10/23 3548/10/23
f 3546/10/7 3536/10/7 3531/10/7
f 3536/10/7 3546/10/7 3548/10/7
f 3536/10/12 3529/10/12 3531/10/12
f 3529/10/12 3536/10/12 3534/10/12
f 3547/10/19 3529/10/19 3534/10/19
f 3529/10/19 3547/10/19 3545/10/19
f 3048/10/32 3549/10/32 3046/10/32
f 3549/10/32 3048/10/32 3550/10/32
f 3553/10/8 3552/10/8 3551/10/8
f 3552/10/8 3553/10/8 3554/10/8
f 3552/10/23 3048/10/23 3046/10/23
f 3048/10/23 3552/10/23 3554/10/23
f 3048/10/7 3553/10/7 3550/10/7
f 3553/10/7 3048/10/7 3554/10/7
f 3553/10/12 3549/10/12 3550/10/12
f 3549/10/12 3553/10/12 3551/10/12
f 3552/10/19 3549/10/19 3551/10/19
f 3549/10/19 3552/10/19 3046/10/19
f 3557/10/8 3556/10/8 3555/10/8
f 3556/10/8 3557/10/8 3558/10/8
f 3555/10/7 3560/10/7 3559/10/7
f 3560/10/7 3555/10/7 3556/10/7
f 3562/10/19 3557/10/19 3561/10/19
f 3557/10/19 3562/10/19 3558/10/19
f 3560/10/32 3561/10/32 3559/10/32
f 3561/10/32 3560/10/32 3562/10/32
f 3565/10/32 3564/10/32 3563/10/32
f 3564/10/32 3565/10/32 3566/10/32
f 3569/10/8 3568/10/8 3567/10/8
f 3568/10/8 3569/10/8 3570/10/8
f 3568/10/23 3565/10/23 3563/10/23
f 3565/10/23 3568/10/23 3570/10/23
f 3565/10/7 3569/10/7 3566/10/7
f 3569/10/7 3565/10/7 3570/10/7
f 3569/10/12 3564/10/12 3566/10/12
f 3564/10/12 3569/10/12 3567/10/12
f 3568/10/19 3564/10/19 3567/10/19
f 3564/10/19 3568/10/19 3563/10/19
f 3573/10/32 3572/10/32 3571/10/32
f 3572/10/32 3573/10/32 3574/10/32
f 3577/10/8 3576/10/8 3575/10/8
f 3576/10/8 3577/10/8 3578/10/8
f 3576/10/23 3573/10/23 3571/10/23
f 3573/10/23 3576/10/23 3578/10/23
f 3573/10/7 3577/10/7 3574/10/7
f 3577/10/7 3573/10/7 3578/10/7
f 3577/10/12 3572/10/12 3574/10/12
f 3572/10/12 3577/10/12 3575/10/12
f 3576/10/19 3572/10/19 3575/10/19
f 3572/10/19 3576/10/19 3571/10/19
f 3581/10/8 3580/10/8 3579/10/8
f 3580/10/8 3581/10/8 3582/10/8
f 3579/10/7 3584/10/7 3583/10/7
f 3584/10/7 3579/10/7 3580/10/7
f 3586/10/19 3581/10/19 3585/10/19
f 3581/10/19 3586/10/19 3582/10/19
f 3584/10/32 3585/10/32 3583/10/32
f 3585/10/32 3584/10/32 3586/10/32
f 3588/10/32 3571/10/32 3587/10/32
f 3571/10/32 3588/10/32 3573/10/32
f 3578/10/8 3589/10/8 3576/10/8
f 3589/10/8 3578/10/8 3590/10/8
f 3589/10/23 3588/10/23 3587/10/23
f 3588/10/23 3589/10/23 3590/10/23
f 3588/10/7 3578/10/7 3573/10/7
f 3578/10/7 3588/10/7 3590/10/7
f 3578/10/12 3571/10/12 3573/10/12
f 3571/10/12 3578/10/12 3576/10/12
f 3589/10/19 3571/10/19 3576/10/19
f 3571/10/19 3589/10/19 3587/10/19
f 3593/10/32 3592/10/32 3591/10/32
f 3592/10/32 3593/10/32 3594/10/32
f 3597/10/8 3596/10/8 3595/10/8
f 3596/10/8 3597/10/8 3598/10/8
f 3596/10/23 3593/10/23 3591/10/23
f 3593/10/23 3596/10/23 3598/10/23
f 3593/10/7 3597/10/7 3594/10/7
f 3597/10/7 3593/10/7 3598/10/7
f 3597/10/12 3592/10/12 3594/10/12
f 3592/10/12 3597/10/12 3595/10/12
f 3596/10/19 3592/10/19 3595/10/19
f 3592/10/19 3596/10/19 3591/10/19
f 3601/10/8 3600/10/8 3599/10/8
f 3600/10/8 3601/10/8 3602/10/8
f 3599/10/7 3604/10/7 3603/10/7
f 3604/10/7 3599/10/7 3600/10/7
f 3606/10/19 3601/10/19 3605/10/19
f 3601/10/19 3606/10/19 3602/10/19
f 3604/10/32 3605/10/32 3603/10/32
f 3605/10/32 3604/10/32 3606/10/32
f 3609/10/32 3608/10/32 3607/10/32
f 3608/10/32 3609/10/32 3610/10/32
f 3613/10/8 3612/10/8 3611/10/8
f 3612/10/8 3613/10/8 3614/10/8
f 3612/10/23 3609/10/23 3607/10/23
f 3609/10/23 3612/10/23 3614/10/23
f 3609/10/7 3613/10/7 3610/10/7
f 3613/10/7 3609/10/7 3614/10/7
f 3613/10/12 3608/10/12 3610/10/12
f 3608/10/12 3613/10/12 3611/10/12
f 3612/10/19 3608/10/19 3611/10/19
f 3608/10/19 3612/10/19 3607/10/19
f 3617/10/32 3616/10/32 3615/10/32
f 3616/10/32 3617/10/32 3618/10/32
f 3621/10/8 3620/10/8 3619/10/8
f 3620/10/8 3621/10/8 3622/10/8
f 3620/10/23 3617/10/23 3615/10/23
f 3617/10/23 3620/10/23 3622/10/23
f 3617/10/7 3621/10/7 3618/10/7
f 3621/10/7 3617/10/7 3622/10/7
f 3621/10/12 3616/10/12 3618/10/12
f 3616/10/12 3621/10/12 3619/10/12
f 3620/10/19 3616/10/19 3619/10/19
f 3616/10/19 3620/10/19 3615/10/19
f 3625/10/8 3624/10/8 3623/10/8
f 3624/10/8 3625/10/8 3626/10/8
f 3623/10/7 3628/10/7 3627/10/7
f 3628/10/7 3623/10/7 3624/10/7
f 3630/10/19 3625/10/19 3629/10/19
f 3625/10/19 3630/10/19 3626/10/19
f 3628/10/32 3629/10/32 3627/10/32
f 3629/10/32 3628/10/32 3630/10/32
f 3632/10/32 3615/10/32 3631/10/32
f 3615/10/32 3632/10/32 3617/10/32
f 3622/10/8 3633/10/8 3620/10/8
f 3633/10/8 3622/10/8 3634/10/8
f 3633/10/23 3632/10/23 3631/10/23
f 3632/10/23 3633/10/23 3634/10/23
f 3632/10/7 3622/10/7 3617/10/7
f 3622/10/7 3632/10/7 3634/10/7
f 3622/10/12 3615/10/12 3617/10/12
f 3615/10/12 3622/10/12 3620/10/12
f 3633/10/19 3615/10/19 3620/10/19
f 3615/10/19 3633/10/19 3631/10/19
f 3566/10/32 3635/10/32 3564/10/32
f 3635/10/32 3566/10/32 3636/10/32
f 3638/10/8 3567/10/8 3637/10/8
f 3567/10/8 3638/10/8 3569/10/8
f 3567/10/23 3566/10/23 3564/10/23
f 3566/10/23 3567/10/23 3569/10/23
f 3566/10/7 3638/10/7 3636/10/7
f 3638/10/7 3566/10/7 3569/10/7
f 3638/10/12 3635/10/12 3636/10/12
f 3635/10/12 3638/10/12 3637/10/12
f 3567/10/19 3635/10/19 3637/10/19
f 3635/10/19 3567/10/19 3564/10/19
f 3641/10/8 3640/10/8 3639/10/8
f 3640/10/8 3641/10/8 3642/10/8
f 3639/10/7 3644/10/7 3643/10/7
f 3644/10/7 3639/10/7 3640/10/7
f 3646/10/19 3641/10/19 3645/10/19
f 3641/10/19 3646/10/19 3642/10/19
f 3644/10/32 3645/10/32 3643/10/32
f 3645/10/32 3644/10/32 3646/10/32
f 3648/10/32 3591/10/32 3647/10/32
f 3591/10/32 3648/10/32 3593/10/32
f 3598/10/8 3649/10/8 3596/10/8
f 3649/10/8 3598/10/8 3650/10/8
f 3649/10/23 3648/10/23 3647/10/23
f 3648/10/23 3649/10/23 3650/10/23
f 3648/10/7 3598/10/7 3593/10/7
f 3598/10/7 3648/10/7 3650/10/7
f 3598/10/12 3591/10/12 3593/10/12
f 3591/10/12 3598/10/12 3596/10/12
f 3649/10/19 3591/10/19 3596/10/19
f 3591/10/19 3649/10/19 3647/10/19
f 3653/10/32 3652/10/32 3651/10/32
f 3652/10/32 3653/10/32 3654/10/32
f 3657/10/8 3656/10/8 3655/10/8
f 3656/10/8 3657/10/8 3658/10/8
f 3656/10/23 3653/10/23 3651/10/23
f 3653/10/23 3656/10/23 3658/10/23
f 3653/10/7 3657/10/7 3654/10/7
f 3657/10/7 3653/10/7 3658/10/7
f 3657/10/12 3652/10/12 3654/10/12
f 3652/10/12 3657/10/12 3655/10/12
f 3656/10/19 3652/10/19 3655/10/19
f 3652/10/19 3656/10/19 3651/10/19
f 3661/10/8 3660/10/8 3659/10/8
f 3660/10/8 3661/10/8 3662/10/8
f 3659/10/7 3664/10/7 3663/10/7
f 3664/10/7 3659/10/7 3660/10/7
f 3666/10/19 3661/10/19 3665/10/19
f 3661/10/19 3666/10/19 3662/10/19
f 3664/10/32 3665/10/32 3663/10/32
f 3665/10/32 3664/10/32 3666/10/32
f 3669/12/8 3668/12/8 3667/12/8
f 3668/12/8 3669/12/8 3670/12/8
f 3672/12/19 3670/12/19 3671/12/19
f 3670/12/19 3672/12/19 3668/12/19
f 3667/12/12 3672/12/12 3673/12/12
f 3672/12/12 3667/12/12 3668/12/12
f 3669/12/7 3673/12/7 3674/12/7
f 3673/12/7 3669/12/7 3667/12/7
f 3670/12/23 3674/12/23 3671/12/23
f 3674/12/23 3670/12/23 3669/12/23
f 3677/12/32 3676/12/32 3675/12/32
s 0
f 3675/12/706 3676/12/706 3678/12/706
s 1
f 3677/12/32 3679/12/32 3676/12/32
f 3680/12/32 3679/12/32 3677/12/32
s 0
f 3679/12/706 3680/12/706 3681/12/706
s 1
f 3671/12/32 3678/12/32 3676/12/32
f 3671/12/32 3682/12/32 3678/12/32
f 3682/12/32 3674/12/32 3680/12/32
f 3674/12/32 3681/12/32 3680/12/32
f 3674/12/32 3682/12/32 3671/12/32
f 3673/12/32 3681/12/32 3674/12/32
f 3681/12/32 3673/12/32 3672/12/32
f 3681/12/32 3672/12/32 3683/12/32
f 3683/12/32 3672/12/32 3676/12/32
f 3671/12/32 3676/12/32 3684/12/32
f 3671/12/32 3684/12/32 3685/12/32
f 3684/12/32 3676/12/32 3686/12/32
f 3671/12/32 3685/12/32 3687/12/32
f 3671/12/32 3687/12/32 3672/12/32
s 0
f 3688/12/706 3687/12/706 3685/12/706
s 1
f 3689/12/32 3687/12/32 3688/12/32
f 3690/12/32 3672/12/32 3687/12/32
f 3689/12/32 3691/12/32 3687/12/32
f 3686/12/32 3691/12/32 3689/12/32
f 3692/12/32 3672/12/32 3690/12/32
f 3676/12/32 3672/12/32 3692/12/32
s 0
f 3691/12/12 3686/12/707 3692/12/708
s 1
f 3676/12/32 3692/12/32 3686/12/32
f 3692/9/12 3694/9/12 3693/9/12
f 3694/9/12 3692/9/12 3690/9/12
f 3681/9/7 3695/9/7 3679/9/7
f 3695/9/7 3681/9/7 3696/9/7
f 3698/9/19 3685/9/19 3697/9/19
f 3685/9/19 3698/9/19 3688/9/19
f 3694/9/32 3699/9/32 3693/9/32
f 3699/9/32 3694/9/32 3700/9/32
f 3700/9/32 3694/9/32 3701/9/32
f 3704/9/8 3703/9/8 3702/9/8
f 3703/9/8 3704/9/8 3705/9/8
f 3698/9/32 3707/9/32 3706/9/32
f 3707/9/32 3698/9/32 3697/9/32
f 3694/9/19 3687/9/19 3701/9/19
f 3687/9/19 3694/9/19 3690/9/19
f 3681/9/12 3708/9/12 3696/9/12
f 3708/9/12 3681/9/12 3683/9/12
f 3711/9/32 3710/9/32 3709/9/32
f 3710/9/32 3711/9/32 3712/9/32
f 3708/9/32 3695/9/32 3696/9/32
f 3695/9/32 3708/9/32 3713/9/32
f 3713/9/32 3708/9/32 3714/9/32
s 0
f 3688/9/12 3686/9/12 3689/9/12
s 1
f 3688/9/12 3715/9/12 3686/9/12
f 3716/9/12 3686/9/12 3715/9/12
f 3688/9/12 3712/9/12 3715/9/12
f 3698/9/12 3712/9/12 3688/9/12
f 3710/9/12 3686/9/12 3716/9/12
f 3712/9/12 3698/9/12 3710/9/12
f 3710/9/12 3706/9/12 3686/9/12
f 3706/9/12 3710/9/12 3698/9/12
f 3711/9/19 3715/9/19 3712/9/19
f 3715/9/19 3711/9/19 3717/9/19
f 3678/9/23 3719/9/23 3718/9/23
f 3719/9/23 3678/9/23 3682/9/23
f 3722/9/32 3721/9/32 3720/9/32
f 3721/9/32 3722/9/32 3723/9/32
f 3716/9/8 3717/9/8 3724/9/8
f 3717/9/8 3716/9/8 3715/9/8
f 3727/9/8 3726/9/8 3725/9/8
f 3726/9/8 3727/9/8 3728/9/8
f 3731/9/32 3730/9/32 3729/9/32
f 3730/9/32 3731/9/32 3732/9/32
f 3735/9/32 3734/9/32 3733/9/32
f 3734/9/32 3735/9/32 3736/9/32
f 3676/9/23 3713/9/23 3714/9/23
f 3713/9/23 3676/9/23 3735/9/23
f 3735/9/23 3676/9/23 3726/9/23
f 3726/9/23 3676/9/23 3725/9/23
f 3679/9/23 3725/9/23 3676/9/23
f 3733/9/23 3713/9/23 3735/9/23
f 3679/9/23 3733/9/23 3725/9/23
f 3733/9/23 3695/9/23 3713/9/23
f 3695/9/23 3733/9/23 3679/9/23
f 3703/9/12 3722/9/12 3720/9/12
f 3722/9/12 3703/9/12 3705/9/12
f 3680/9/7 3719/9/7 3682/9/7
f 3719/9/7 3680/9/7 3737/9/7
s 0
f 3701/9/23 3699/9/23 3700/9/23
s 1
f 3699/9/23 3701/9/23 3711/9/23
f 3711/9/23 3701/9/23 3687/9/23
f 3709/9/23 3699/9/23 3711/9/23
f 3711/9/23 3687/9/23 3717/9/23
f 3699/9/23 3709/9/23 3691/9/23
f 3717/9/23 3687/9/23 3724/9/23
f 3691/9/23 3709/9/23 3724/9/23
f 3691/9/23 3724/9/23 3687/9/23
f 3738/9/12 3731/9/12 3729/9/12
f 3731/9/12 3738/9/12 3739/9/12
f 3735/9/19 3728/9/19 3736/9/19
f 3728/9/19 3735/9/19 3726/9/19
f 3685/9/23 3707/9/23 3697/9/23
f 3707/9/23 3685/9/23 3684/9/23
f 3716/9/7 3709/9/7 3710/9/7
f 3709/9/7 3716/9/7 3724/9/7
f 3741/9/8 3738/9/8 3740/9/8
f 3738/9/8 3741/9/8 3739/9/8
f 3723/9/23 3702/9/23 3721/9/23
f 3702/9/23 3723/9/23 3704/9/23
f 3727/9/7 3733/9/7 3734/9/7
f 3733/9/7 3727/9/7 3725/9/7
f 3742/9/32 3719/9/32 3737/9/32
f 3719/9/32 3742/9/32 3718/9/32
f 3732/9/23 3740/9/23 3730/9/23
f 3740/9/23 3732/9/23 3741/9/23
f 3741/9/709 3692/9/7 3739/9/7
f 3739/9/7 3692/9/7 3731/9/7
f 3741/9/7 3691/9/7 3692/9/7
f 3693/9/7 3731/9/7 3692/9/7
f 3691/9/7 3741/9/7 3699/9/7
f 3693/9/7 3732/9/7 3731/9/7
f 3699/9/7 3732/9/7 3693/9/7
f 3732/9/7 3699/9/7 3741/9/7
f 3737/9/12 3734/9/12 3742/9/12
f 3734/9/12 3737/9/12 3680/9/12
f 3736/9/12 3742/9/12 3734/9/12
f 3734/9/12 3680/9/12 3727/9/12
f 3742/9/12 3736/9/12 3675/9/12
f 3727/9/12 3680/9/12 3728/9/12
f 3675/9/12 3736/9/12 3728/9/12
f 3728/9/12 3680/9/12 3677/9/12
f 3675/9/12 3728/9/12 3677/9/12
f 3718/9/19 3721/9/19 3678/9/19
f 3721/9/19 3718/9/19 3742/9/19
f 3702/9/19 3678/9/19 3721/9/19
f 3721/9/19 3742/9/19 3720/9/19
f 3678/9/19 3702/9/19 3675/9/19
f 3720/9/19 3742/9/19 3703/9/19
f 3675/9/19 3702/9/19 3703/9/19
f 3675/9/19 3703/9/19 3742/9/19
f 3684/9/7 3704/9/7 3707/9/7
f 3704/9/7 3684/9/7 3686/9/7
f 3723/9/7 3707/9/7 3704/9/7
f 3704/9/7 3686/9/7 3705/9/7
f 3707/9/7 3723/9/7 3706/9/7
f 3705/9/7 3686/9/7 3722/9/7
f 3706/9/7 3723/9/7 3722/9/7
f 3706/9/7 3722/9/7 3686/9/7
f 3714/9/19 3730/9/19 3676/9/19
f 3730/9/19 3714/9/19 3708/9/19
f 3740/9/19 3676/9/19 3730/9/19
f 3730/9/19 3708/9/19 3729/9/19
f 3676/9/19 3740/9/19 3683/9/19
f 3729/9/19 3708/9/19 3738/9/19
f 3683/9/19 3740/9/19 3738/9/19
f 3683/9/19 3738/9/19 3708/9/19
f 3745/10/32 3744/10/32 3743/10/32
f 3744/10/32 3745/10/32 3746/10/32
f 3749/10/8 3748/10/8 3747/10/8
f 3748/10/8 3749/10/8 3750/10/8
f 3748/10/7 3745/10/7 3743/10/7
f 3745/10/7 3748/10/7 3750/10/7
f 3745/10/12 3749/10/12 3746/10/12
f 3749/10/12 3745/10/12 3750/10/12
f 3749/10/19 3744/10/19 3746/10/19
f 3744/10/19 3749/10/19 3747/10/19
f 3748/10/23 3744/10/23 3747/10/23
f 3744/10/23 3748/10/23 3743/10/23
f 3753/10/32 3752/10/32 3751/10/32
f 3752/10/32 3753/10/32 3754/10/32
f 3757/10/8 3756/10/8 3755/10/8
f 3756/10/8 3757/10/8 3758/10/8
f 3756/10/7 3753/10/7 3751/10/7
f 3753/10/7 3756/10/7 3758/10/7
f 3753/10/12 3757/10/12 3754/10/12
f 3757/10/12 3753/10/12 3758/10/12
f 3757/10/19 3752/10/19 3754/10/19
f 3752/10/19 3757/10/19 3755/10/19
f 3756/10/23 3752/10/23 3755/10/23
f 3752/10/23 3756/10/23 3751/10/23
f 3761/10/8 3760/10/8 3759/10/8
f 3760/10/8 3761/10/8 3762/10/8
f 3759/10/12 3764/10/12 3763/10/12
f 3764/10/12 3759/10/12 3760/10/12
f 3766/10/23 3761/10/23 3765/10/23
f 3761/10/23 3766/10/23 3762/10/23
f 3764/10/32 3765/10/32 3763/10/32
f 3765/10/32 3764/10/32 3766/10/32
f 3769/10/32 3768/10/32 3767/10/32
f 3768/10/32 3769/10/32 3770/10/32
f 3773/10/8 3772/10/8 3771/10/8
f 3772/10/8 3773/10/8 3774/10/8
f 3772/10/7 3769/10/7 3767/10/7
f 3769/10/7 3772/10/7 3774/10/7
f 3769/10/12 3773/10/12 3770/10/12
f 3773/10/12 3769/10/12 3774/10/12
f 3773/10/19 3768/10/19 3770/10/19
f 3768/10/19 3773/10/19 3771/10/19
f 3772/10/23 3768/10/23 3771/10/23
f 3768/10/23 3772/10/23 3767/10/23
f 3746/10/32 3775/10/32 3744/10/32
f 3775/10/32 3746/10/32 3776/10/32
f 3778/10/8 3747/10/8 3777/10/8
f 3747/10/8 3778/10/8 3749/10/8
f 3747/10/7 3746/10/7 3744/10/7
f 3746/10/7 3747/10/7 3749/10/7
f 3746/10/12 3778/10/12 3776/10/12
f 3778/10/12 3746/10/12 3749/10/12
f 3778/10/19 3775/10/19 3776/10/19
f 3775/10/19 3778/10/19 3777/10/19
f 3747/10/23 3775/10/23 3777/10/23
f 3775/10/23 3747/10/23 3744/10/23
f 3781/10/8 3780/10/8 3779/10/8
f 3780/10/8 3781/10/8 3782/10/8
f 3779/10/12 3784/10/12 3783/10/12
f 3784/10/12 3779/10/12 3780/10/12
f 3786/10/23 3781/10/23 3785/10/23
f 3781/10/23 3786/10/23 3782/10/23
f 3784/10/32 3785/10/32 3783/10/32
f 3785/10/32 3784/10/32 3786/10/32
f 3788/10/32 3751/10/32 3787/10/32
f 3751/10/32 3788/10/32 3753/10/32
f 3758/10/8 3789/10/8 3756/10/8
f 3789/10/8 3758/10/8 3790/10/8
f 3789/10/7 3788/10/7 3787/10/7
f 3788/10/7 3789/10/7 3790/10/7
f 3788/10/12 3758/10/12 3753/10/12
f 3758/10/12 3788/10/12 3790/10/12
f 3758/10/19 3751/10/19 3753/10/19
f 3751/10/19 3758/10/19 3756/10/19
f 3789/10/23 3751/10/23 3756/10/23
f 3751/10/23 3789/10/23 3787/10/23
f 3793/10/32 3792/10/32 3791/10/32
f 3792/10/32 3793/10/32 3794/10/32
f 3797/10/8 3796/10/8 3795/10/8
f 3796/10/8 3797/10/8 3798/10/8
f 3796/10/7 3793/10/7 3791/10/7
f 3793/10/7 3796/10/7 3798/10/7
f 3793/10/12 3797/10/12 3794/10/12
f 3797/10/12 3793/10/12 3798/10/12
f 3797/10/19 3792/10/19 3794/10/19
f 3792/10/19 3797/10/19 3795/10/19
f 3796/10/23 3792/10/23 3795/10/23
f 3792/10/23 3796/10/23 3791/10/23
f 3801/10/8 3800/10/8 3799/10/8
f 3800/10/8 3801/10/8 3802/10/8
f 3799/10/12 3804/10/12 3803/10/12
f 3804/10/12 3799/10/12 3800/10/12
f 3806/10/23 3801/10/23 3805/10/23
f 3801/10/23 3806/10/23 3802/10/23
f 3804/10/32 3805/10/32 3803/10/32
f 3805/10/32 3804/10/32 3806/10/32
f 3808/10/32 3791/10/32 3807/10/32
f 3791/10/32 3808/10/32 3793/10/32
f 3798/10/8 3809/10/8 3796/10/8
f 3809/10/8 3798/10/8 3810/10/8
f 3809/10/7 3808/10/7 3807/10/7
f 3808/10/7 3809/10/7 3810/10/7
f 3808/10/12 3798/10/12 3793/10/12
f 3798/10/12 3808/10/12 3810/10/12
f 3798/10/19 3791/10/19 3793/10/19
f 3791/10/19 3798/10/19 3796/10/19
f 3809/10/23 3791/10/23 3796/10/23
f 3791/10/23 3809/10/23 3807/10/23
f 3813/10/32 3812/10/32 3811/10/32
f 3812/10/32 3813/10/32 3814/10/32
f 3817/10/8 3816/10/8 3815/10/8
f 3816/10/8 3817/10/8 3818/10/8
f 3816/10/7 3813/10/7 3811/10/7
f 3813/10/7 3816/10/7 3818/10/7
f 3813/10/12 3817/10/12 3814/10/12
f 3817/10/12 3813/10/12 3818/10/12
f 3817/10/19 3812/10/19 3814/10/19
f 3812/10/19 3817/10/19 3815/10/19
f 3816/10/23 3812/10/23 3815/10/23
f 3812/10/23 3816/10/23 3811/10/23
f 3821/10/8 3820/10/8 3819/10/8
f 3820/10/8 3821/10/8 3822/10/8
f 3819/10/12 3824/10/12 3823/10/12
f 3824/10/12 3819/10/12 3820/10/12
f 3826/10/23 3821/10/23 3825/10/23
f 3821/10/23 3826/10/23 3822/10/23
f 3824/10/32 3825/10/32 3823/10/32
f 3825/10/32 3824/10/32 3826/10/32
f 3829/10/32 3828/10/32 3827/10/32
f 3828/10/32 3829/10/32 3830/10/32
f 3833/10/8 3832/10/8 3831/10/8
f 3832/10/8 3833/10/8 3834/10/8
f 3832/10/7 3829/10/7 3827/10/7
f 3829/10/7 3832/10/7 3834/10/7
f 3829/10/12 3833/10/12 3830/10/12
f 3833/10/12 3829/10/12 3834/10/12
f 3833/10/19 3828/10/19 3830/10/19
f 3828/10/19 3833/10/19 3831/10/19
f 3832/10/23 3828/10/23 3831/10/23
f 3828/10/23 3832/10/23 3827/10/23
f 3837/10/32 3836/10/32 3835/10/32
f 3836/10/32 3837/10/32 3838/10/32
f 3841/10/8 3840/10/8 3839/10/8
f 3840/10/8 3841/10/8 3842/10/8
f 3840/10/7 3837/10/7 3835/10/7
f 3837/10/7 3840/10/7 3842/10/7
f 3837/10/12 3841/10/12 3838/10/12
f 3841/10/12 3837/10/12 3842/10/12
f 3841/10/19 3836/10/19 3838/10/19
f 3836/10/19 3841/10/19 3839/10/19
f 3840/10/23 3836/10/23 3839/10/23
f 3836/10/23 3840/10/23 3835/10/23
f 3845/10/8 3844/10/8 3843/10/8
f 3844/10/8 3845/10/8 3846/10/8
f 3843/10/12 3848/10/12 3847/10/12
f 3848/10/12 3843/10/12 3844/10/12
f 3850/10/23 3845/10/23 3849/10/23
f 3845/10/23 3850/10/23 3846/10/23
f 3848/10/32 3849/10/32 3847/10/32
f 3849/10/32 3848/10/32 3850/10/32
f 3852/10/32 3811/10/32 3851/10/32
f 3811/10/32 3852/10/32 3813/10/32
f 3818/10/8 3853/10/8 3816/10/8
f 3853/10/8 3818/10/8 3854/10/8
f 3853/10/7 3852/10/7 3851/10/7
f 3852/10/7 3853/10/7 3854/10/7
f 3852/10/12 3818/10/12 3813/10/12
f 3818/10/12 3852/10/12 3854/10/12
f 3818/10/19 3811/10/19 3813/10/19
f 3811/10/19 3818/10/19 3816/10/19
f 3853/10/23 3811/10/23 3816/10/23
f 3811/10/23 3853/10/23 3851/10/23
f 3830/10/32 3855/10/32 3828/10/32
f 3855/10/32 3830/10/32 3856/10/32
f 3858/10/8 3831/10/8 3857/10/8
f 3831/10/8 3858/10/8 3833/10/8
f 3831/10/7 3830/10/7 3828/10/7
f 3830/10/7 3831/10/7 3833/10/7
f 3830/10/12 3858/10/12 3856/10/12
f 3858/10/12 3830/10/12 3833/10/12
f 3858/10/19 3855/10/19 3856/10/19
f 3855/10/19 3858/10/19 3857/10/19
f 3831/10/23 3855/10/23 3857/10/23
f 3855/10/23 3831/10/23 3828/10/23
f 3861/10/8 3860/10/8 3859/10/8
f 3860/10/8 3861/10/8 3862/10/8
f 3859/10/12 3864/10/12 3863/10/12
f 3864/10/12 3859/10/12 3860/10/12
f 3866/10/23 3861/10/23 3865/10/23
f 3861/10/23 3866/10/23 3862/10/23
f 3864/10/32 3865/10/32 3863/10/32
f 3865/10/32 3864/10/32 3866/10/32
f 3868/10/32 3835/10/32 3867/10/32
f 3835/10/32 3868/10/32 3837/10/32
f 3842/10/8 3869/10/8 3840/10/8
f 3869/10/8 3842/10/8 3870/10/8
f 3869/10/7 3868/10/7 3867/10/7
f 3868/10/7 3869/10/7 3870/10/7
f 3868/10/12 3842/10/12 3837/10/12
f 3842/10/12 3868/10/12 3870/10/12
f 3842/10/19 3835/10/19 3837/10/19
f 3835/10/19 3842/10/19 3840/10/19
f 3869/10/23 3835/10/23 3840/10/23
f 3835/10/23 3869/10/23 3867/10/23
f 3873/10/32 3872/10/32 3871/10/32
f 3872/10/32 3873/10/32 3874/10/32
f 3877/10/8 3876/10/8 3875/10/8
f 3876/10/8 3877/10/8 3878/10/8
f 3876/10/7 3873/10/7 3871/10/7
f 3873/10/7 3876/10/7 3878/10/7
f 3873/10/12 3877/10/12 3874/10/12
f 3877/10/12 3873/10/12 3878/10/12
f 3877/10/19 3872/10/19 3874/10/19
f 3872/10/19 3877/10/19 3875/10/19
f 3876/10/23 3872/10/23 3875/10/23
f 3872/10/23 3876/10/23 3871/10/23
f 3881/10/8 3880/10/8 3879/10/8
f 3880/10/8 3881/10/8 3882/10/8
f 3879/10/12 3884/10/12 3883/10/12
f 3884/10/12 3879/10/12 3880/10/12
f 3886/10/23 3881/10/23 3885/10/23
f 3881/10/23 3886/10/23 3882/10/23
f 3884/10/32 3885/10/32 3883/10/32
f 3885/10/32 3884/10/32 3886/10/32
f 3888/10/32 3871/10/32 3887/10/32
f 3871/10/32 3888/10/32 3873/10/32
f 3878/10/8 3889/10/8 3876/10/8
f 3889/10/8 3878/10/8 3890/10/8
f 3889/10/7 3888/10/7 3887/10/7
f 3888/10/7 3889/10/7 3890/10/7
f 3888/10/12 3878/10/12 3873/10/12
f 3878/10/12 3888/10/12 3890/10/12
f 3878/10/19 3871/10/19 3873/10/19
f 3871/10/19 3878/10/19 3876/10/19
f 3889/10/23 3871/10/23 3876/10/23
f 3871/10/23 3889/10/23 3887/10/23
f 3893/10/32 3892/10/32 3891/10/32
f 3892/10/32 3893/10/32 3894/10/32
f 3897/10/8 3896/10/8 3895/10/8
f 3896/10/8 3897/10/8 3898/10/8
f 3896/10/7 3893/10/7 3891/10/7
f 3893/10/7 3896/10/7 3898/10/7
f 3893/10/12 3897/10/12 3894/10/12
f 3897/10/12 3893/10/12 3898/10/12
f 3897/10/19 3892/10/19 3894/10/19
f 3892/10/19 3897/10/19 3895/10/19
f 3896/10/23 3892/10/23 3895/10/23
f 3892/10/23 3896/10/23 3891/10/23
f 3901/10/8 3900/10/8 3899/10/8
f 3900/10/8 3901/10/8 3902/10/8
f 3899/10/12 3904/10/12 3903/10/12
f 3904/10/12 3899/10/12 3900/10/12
f 3906/10/23 3901/10/23 3905/10/23
f 3901/10/23 3906/10/23 3902/10/23
f 3904/10/32 3905/10/32 3903/10/32
f 3905/10/32 3904/10/32 3906/10/32
f 3909/10/32 3908/10/32 3907/10/32
f 3908/10/32 3909/10/32 3910/10/32
f 3913/10/8 3912/10/8 3911/10/8
f 3912/10/8 3913/10/8 3914/10/8
f 3912/10/7 3909/10/7 3907/10/7
f 3909/10/7 3912/10/7 3914/10/7
f 3909/10/12 3913/10/12 3910/10/12
f 3913/10/12 3909/10/12 3914/10/12
f 3913/10/19 3908/10/19 3910/10/19
f 3908/10/19 3913/10/19 3911/10/19
f 3912/10/23 3908/10/23 3911/10/23
f 3908/10/23 3912/10/23 3907/10/23
f 3917/10/32 3916/10/32 3915/10/32
f 3916/10/32 3917/10/32 3918/10/32
f 3921/10/8 3920/10/8 3919/10/8
f 3920/10/8 3921/10/8 3922/10/8
f 3920/10/7 3917/10/7 3915/10/7
f 3917/10/7 3920/10/7 3922/10/7
f 3917/10/12 3921/10/12 3918/10/12
f 3921/10/12 3917/10/12 3922/10/12
f 3921/10/19 3916/10/19 3918/10/19
f 3916/10/19 3921/10/19 3919/10/19
f 3920/10/23 3916/10/23 3919/10/23
f 3916/10/23 3920/10/23 3915/10/23
f 3925/10/8 3924/10/8 3923/10/8
f 3924/10/8 3925/10/8 3926/10/8
f 3923/10/12 3928/10/12 3927/10/12
f 3928/10/12 3923/10/12 3924/10/12
f 3930/10/23 3925/10/23 3929/10/23
f 3925/10/23 3930/10/23 3926/10/23
f 3928/10/32 3929/10/32 3927/10/32
f 3929/10/32 3928/10/32 3930/10/32
f 3932/10/32 3891/10/32 3931/10/32
f 3891/10/32 3932/10/32 3893/10/32
f 3898/10/8 3933/10/8 3896/10/8
f 3933/10/8 3898/10/8 3934/10/8
f 3933/10/7 3932/10/7 3931/10/7
f 3932/10/7 3933/10/7 3934/10/7
f 3932/10/12 3898/10/12 3893/10/12
f 3898/10/12 3932/10/12 3934/10/12
f 3898/10/19 3891/10/19 3893/10/19
f 3891/10/19 3898/10/19 3896/10/19
f 3933/10/23 3891/10/23 3896/10/23
f 3891/10/23 3933/10/23 3931/10/23
f 3910/10/32 3935/10/32 3908/10/32
f 3935/10/32 3910/10/32 3936/10/32
f 3938/10/8 3911/10/8 3937/10/8
f 3911/10/8 3938/10/8 3913/10/8
f 3911/10/7 3910/10/7 3908/10/7
f 3910/10/7 3911/10/7 3913/10/7
f 3910/10/12 3938/10/12 3936/10/12
f 3938/10/12 3910/10/12 3913/10/12
f 3938/10/19 3935/10/19 3936/10/19
f 3935/10/19 3938/10/19 3937/10/19
f 3911/10/23 3935/10/23 3937/10/23
f 3935/10/23 3911/10/23 3908/10/23
f 3941/10/8 3940/10/8 3939/10/8
f 3940/10/8 3941/10/8 3942/10/8
f 3939/10/12 3944/10/12 3943/10/12
f 3944/10/12 3939/10/12 3940/10/12
f 3946/10/23 3941/10/23 3945/10/23
f 3941/10/23 3946/10/23 3942/10/23
f 3944/10/32 3945/10/32 3943/10/32
f 3945/10/32 3944/10/32 3946/10/32
f 3948/10/32 3915/10/32 3947/10/32
f 3915/10/32 3948/10/32 3917/10/32
f 3922/10/8 3949/10/8 3920/10/8
f 3949/10/8 3922/10/8 3950/10/8
f 3949/10/7 3948/10/7 3947/10/7
f 3948/10/7 3949/10/7 3950/10/7
f 3948/10/12 3922/10/12 3917/10/12
f 3922/10/12 3948/10/12 3950/10/12
f 3922/10/19 3915/10/19 3917/10/19
f 3915/10/19 3922/10/19 3920/10/19
f 3949/10/23 3915/10/23 3920/10/23
f 3915/10/23 3949/10/23 3947/10/23
f 3953/10/32 3952/10/32 3951/10/32
f 3952/10/32 3953/10/32 3954/10/32
f 3957/10/8 3956/10/8 3955/10/8
f 3956/10/8 3957/10/8 3958/10/8
f 3956/10/7 3953/10/7 3951/10/7
f 3953/10/7 3956/10/7 3958/10/7
f 3953/10/12 3957/10/12 3954/10/12
f 3957/10/12 3953/10/12 3958/10/12
f 3957/10/19 3952/10/19 3954/10/19
f 3952/10/19 3957/10/19 3955/10/19
f 3956/10/23 3952/10/23 3955/10/23
f 3952/10/23 3956/10/23 3951/10/23
f 3961/10/8 3960/10/8 3959/10/8
f 3960/10/8 3961/10/8 3962/10/8
f 3959/10/12 3964/10/12 3963/10/12
f 3964/10/12 3959/10/12 3960/10/12
f 3966/10/23 3961/10/23 3965/10/23
f 3961/10/23 3966/10/23 3962/10/23
f 3964/10/32 3965/10/32 3963/10/32
f 3965/10/32 3964/10/32 3966/10/32
f 3968/10/32 3951/10/32 3967/10/32
f 3951/10/32 3968/10/32 3953/10/32
f 3958/10/8 3969/10/8 3956/10/8
f 3969/10/8 3958/10/8 3970/10/8
f 3969/10/7 3968/10/7 3967/10/7
f 3968/10/7 3969/10/7 3970/10/7
f 3968/10/12 3958/10/12 3953/10/12
f 3958/10/12 3968/10/12 3970/10/12
f 3958/10/19 3951/10/19 3953/10/19
f 3951/10/19 3958/10/19 3956/10/19
f 3969/10/23 3951/10/23 3956/10/23
f 3951/10/23 3969/10/23 3967/10/23
f 3973/10/32 3972/10/32 3971/10/32
f 3972/10/32 3973/10/32 3974/10/32
f 3977/10/8 3976/10/8 3975/10/8
f 3976/10/8 3977/10/8 3978/10/8
f 3976/10/7 3973/10/7 3971/10/7
f 3973/10/7 3976/10/7 3978/10/7
f 3973/10/12 3977/10/12 3974/10/12
f 3977/10/12 3973/10/12 3978/10/12
f 3977/10/19 3972/10/19 3974/10/19
f 3972/10/19 3977/10/19 3975/10/19
f 3976/10/23 3972/10/23 3975/10/23
f 3972/10/23 3976/10/23 3971/10/23
f 3981/10/8 3980/10/8 3979/10/8
f 3980/10/8 3981/10/8 3982/10/8
f 3979/10/12 3984/10/12 3983/10/12
f 3984/10/12 3979/10/12 3980/10/12
f 3986/10/23 3981/10/23 3985/10/23
f 3981/10/23 3986/10/23 3982/10/23
f 3984/10/32 3985/10/32 3983/10/32
f 3985/10/32 3984/10/32 3986/10/32
f 3989/10/32 3988/10/32 3987/10/32
f 3988/10/32 3989/10/32 3990/10/32
f 3993/10/8 3992/10/8 3991/10/8
f 3992/10/8 3993/10/8 3994/10/8
f 3992/10/7 3989/10/7 3987/10/7
f 3989/10/7 3992/10/7 3994/10/7
f 3989/10/12 3993/10/12 3990/10/12
f 3993/10/12 3989/10/12 3994/10/12
f 3993/10/19 3988/10/19 3990/10/19
f 3988/10/19 3993/10/19 3991/10/19
f 3992/10/23 3988/10/23 3991/10/23
f 3988/10/23 3992/10/23 3987/10/23
f 3997/10/32 3996/10/32 3995/10/32
f 3996/10/32 3997/10/32 3998/10/32
f 4001/10/8 4000/10/8 3999/10/8
f 4000/10/8 4001/10/8 4002/10/8
f 4000/10/7 3997/10/7 3995/10/7
f 3997/10/7 4000/10/7 4002/10/7
f 3997/10/12 4001/10/12 3998/10/12
f 4001/10/12 3997/10/12 4002/10/12
f 4001/10/19 3996/10/19 3998/10/19
f 3996/10/19 4001/10/19 3999/10/19
f 4000/10/23 3996/10/23 3999/10/23
f 3996/10/23 4000/10/23 3995/10/23
f 4005/10/8 4004/10/8 4003/10/8
f 4004/10/8 4005/10/8 4006/10/8
f 4003/10/12 4008/10/12 4007/10/12
f 4008/10/12 4003/10/12 4004/10/12
f 4010/10/23 4005/10/23 4009/10/23
f 4005/10/23 4010/10/23 4006/10/23
f 4008/10/32 4009/10/32 4007/10/32
f 4009/10/32 4008/10/32 4010/10/32
f 4012/10/32 3971/10/32 4011/10/32
f 3971/10/32 4012/10/32 3973/10/32
f 3978/10/8 4013/10/8 3976/10/8
f 4013/10/8 3978/10/8 4014/10/8
f 4013/10/7 4012/10/7 4011/10/7
f 4012/10/7 4013/10/7 4014/10/7
f 4012/10/12 3978/10/12 3973/10/12
f 3978/10/12 4012/10/12 4014/10/12
f 3978/10/19 3971/10/19 3973/10/19
f 3971/10/19 3978/10/19 3976/10/19
f 4013/10/23 3971/10/23 3976/10/23
f 3971/10/23 4013/10/23 4011/10/23
f 3990/10/32 4015/10/32 3988/10/32
f 4015/10/32 3990/10/32 4016/10/32
f 4018/10/8 3991/10/8 4017/10/8
f 3991/10/8 4018/10/8 3993/10/8
f 3991/10/7 3990/10/7 3988/10/7
f 3990/10/7 3991/10/7 3993/10/7
f 3990/10/12 4018/10/12 4016/10/12
f 4018/10/12 3990/10/12 3993/10/12
f 4018/10/19 4015/10/19 4016/10/19
f 4015/10/19 4018/10/19 4017/10/19
f 3991/10/23 4015/10/23 4017/10/23
f 4015/10/23 3991/10/23 3988/10/23
f 4021/10/8 4020/10/8 4019/10/8
f 4020/10/8 4021/10/8 4022/10/8
f 4019/10/12 4024/10/12 4023/10/12
f 4024/10/12 4019/10/12 4020/10/12
f 4026/10/23 4021/10/23 4025/10/23
f 4021/10/23 4026/10/23 4022/10/23
f 4024/10/32 4025/10/32 4023/10/32
f 4025/10/32 4024/10/32 4026/10/32
f 4028/10/32 3995/10/32 4027/10/32
f 3995/10/32 4028/10/32 3997/10/32
f 4002/10/8 4029/10/8 4000/10/8
f 4029/10/8 4002/10/8 4030/10/8
f 4029/10/7 4028/10/7 4027/10/7
f 4028/10/7 4029/10/7 4030/10/7
f 4028/10/12 4002/10/12 3997/10/12
f 4002/10/12 4028/10/12 4030/10/12
f 4002/10/19 3995/10/19 3997/10/19
f 3995/10/19 4002/10/19 4000/10/19
f 4029/10/23 3995/10/23 4000/10/23
f 3995/10/23 4029/10/23 4027/10/23
f 4033/10/32 4032/10/32 4031/10/32
f 4032/10/32 4033/10/32 4034/10/32
f 4037/10/8 4036/10/8 4035/10/8
f 4036/10/8 4037/10/8 4038/10/8
f 4036/10/7 4033/10/7 4031/10/7
f 4033/10/7 4036/10/7 4038/10/7
f 4033/10/12 4037/10/12 4034/10/12
f 4037/10/12 4033/10/12 4038/10/12
f 4037/10/19 4032/10/19 4034/10/19
f 4032/10/19 4037/10/19 4035/10/19
f 4036/10/23 4032/10/23 4035/10/23
f 4032/10/23 4036/10/23 4031/10/23
f 4041/10/8 4040/10/8 4039/10/8
f 4040/10/8 4041/10/8 4042/10/8
f 4039/10/12 4044/10/12 4043/10/12
f 4044/10/12 4039/10/12 4040/10/12
f 4046/10/23 4041/10/23 4045/10/23
f 4041/10/23 4046/10/23 4042/10/23
f 4044/10/32 4045/10/32 4043/10/32
f 4045/10/32 4044/10/32 4046/10/32
f 4048/10/32 4031/10/32 4047/10/32
f 4031/10/32 4048/10/32 4033/10/32
f 4038/10/8 4049/10/8 4036/10/8
f 4049/10/8 4038/10/8 4050/10/8
f 4049/10/7 4048/10/7 4047/10/7
f 4048/10/7 4049/10/7 4050/10/7
f 4048/10/12 4038/10/12 4033/10/12
f 4038/10/12 4048/10/12 4050/10/12
f 4038/10/19 4031/10/19 4033/10/19
f 4031/10/19 4038/10/19 4036/10/19
f 4049/10/23 4031/10/23 4036/10/23
f 4031/10/23 4049/10/23 4047/10/23
f 4053/10/32 4052/10/32 4051/10/32
f 4052/10/32 4053/10/32 4054/10/32
f 4057/10/8 4056/10/8 4055/10/8
f 4056/10/8 4057/10/8 4058/10/8
f 4056/10/7 4053/10/7 4051/10/7
f 4053/10/7 4056/10/7 4058/10/7
f 4053/10/12 4057/10/12 4054/10/12
f 4057/10/12 4053/10/12 4058/10/12
f 4057/10/19 4052/10/19 4054/10/19
f 4052/10/19 4057/10/19 4055/10/19
f 4056/10/23 4052/10/23 4055/10/23
f 4052/10/23 4056/10/23 4051/10/23
f 4061/10/8 4060/10/8 4059/10/8
f 4060/10/8 4061/10/8 4062/10/8
f 4059/10/12 4064/10/12 4063/10/12
f 4064/10/12 4059/10/12 4060/10/12
f 4066/10/23 4061/10/23 4065/10/23
f 4061/10/23 4066/10/23 4062/10/23
f 4064/10/32 4065/10/32 4063/10/32
f 4065/10/32 4064/10/32 4066/10/32
f 4069/10/32 4068/10/32 4067/10/32
f 4068/10/32 4069/10/32 4070/10/32
f 4073/10/8 4072/10/8 4071/10/8
f 4072/10/8 4073/10/8 4074/10/8
f 4072/10/7 4069/10/7 4067/10/7
f 4069/10/7 4072/10/7 4074/10/7
f 4069/10/12 4073/10/12 4070/10/12
f 4073/10/12 4069/10/12 4074/10/12
f 4073/10/19 4068/10/19 4070/10/19
f 4068/10/19 4073/10/19 4071/10/19
f 4072/10/23 4068/10/23 4071/10/23
f 4068/10/23 4072/10/23 4067/10/23
f 4077/10/32 4076/10/32 4075/10/32
f 4076/10/32 4077/10/32 4078/10/32
f 4081/10/8 4080/10/8 4079/10/8
f 4080/10/8 4081/10/8 4082/10/8
f 4080/10/7 4077/10/7 4075/10/7
f 4077/10/7 4080/10/7 4082/10/7
f 4077/10/12 4081/10/12 4078/10/12
f 4081/10/12 4077/10/12 4082/10/12
f 4081/10/19 4076/10/19 4078/10/19
f 4076/10/19 4081/10/19 4079/10/19
f 4080/10/23 4076/10/23 4079/10/23
f 4076/10/23 4080/10/23 4075/10/23
f 4085/10/8 4084/10/8 4083/10/8
f 4084/10/8 4085/10/8 4086/10/8
f 4083/10/12 4088/10/12 4087/10/12
f 4088/10/12 4083/10/12 4084/10/12
f 4090/10/23 4085/10/23 4089/10/23
f 4085/10/23 4090/10/23 4086/10/23
f 4088/10/32 4089/10/32 4087/10/32
f 4089/10/32 4088/10/32 4090/10/32
f 4092/10/32 4051/10/32 4091/10/32
f 4051/10/32 4092/10/32 4053/10/32
f 4058/10/8 4093/10/8 4056/10/8
f 4093/10/8 4058/10/8 4094/10/8
f 4093/10/7 4092/10/7 4091/10/7
f 4092/10/7 4093/10/7 4094/10/7
f 4092/10/12 4058/10/12 4053/10/12
f 4058/10/12 4092/10/12 4094/10/12
f 4058/10/19 4051/10/19 4053/10/19
f 4051/10/19 4058/10/19 4056/10/19
f 4093/10/23 4051/10/23 4056/10/23
f 4051/10/23 4093/10/23 4091/10/23
f 4070/10/32 4095/10/32 4068/10/32
f 4095/10/32 4070/10/32 4096/10/32
f 4098/10/8 4071/10/8 4097/10/8
f 4071/10/8 4098/10/8 4073/10/8
f 4071/10/7 4070/10/7 4068/10/7
f 4070/10/7 4071/10/7 4073/10/7
f 4070/10/12 4098/10/12 4096/10/12
f 4098/10/12 4070/10/12 4073/10/12
f 4098/10/19 4095/10/19 4096/10/19
f 4095/10/19 4098/10/19 4097/10/19
f 4071/10/23 4095/10/23 4097/10/23
f 4095/10/23 4071/10/23 4068/10/23
f 4101/10/8 4100/10/8 4099/10/8
f 4100/10/8 4101/10/8 4102/10/8
f 4099/10/12 4104/10/12 4103/10/12
f 4104/10/12 4099/10/12 4100/10/12
f 4106/10/23 4101/10/23 4105/10/23
f 4101/10/23 4106/10/23 4102/10/23
f 4104/10/32 4105/10/32 4103/10/32
f 4105/10/32 4104/10/32 4106/10/32
f 4108/10/32 4075/10/32 4107/10/32
f 4075/10/32 4108/10/32 4077/10/32
f 4082/10/8 4109/10/8 4080/10/8
f 4109/10/8 4082/10/8 4110/10/8
f 4109/10/7 4108/10/7 4107/10/7
f 4108/10/7 4109/10/7 4110/10/7
f 4108/10/12 4082/10/12 4077/10/12
f 4082/10/12 4108/10/12 4110/10/12
f 4082/10/19 4075/10/19 4077/10/19
f 4075/10/19 4082/10/19 4080/10/19
f 4109/10/23 4075/10/23 4080/10/23
f 4075/10/23 4109/10/23 4107/10/23
f 4113/10/32 4112/10/32 4111/10/32
f 4112/10/32 4113/10/32 4114/10/32
f 4117/10/8 4116/10/8 4115/10/8
f 4116/10/8 4117/10/8 4118/10/8
f 4116/10/7 4113/10/7 4111/10/7
f 4113/10/7 4116/10/7 4118/10/7
f 4113/10/12 4117/10/12 4114/10/12
f 4117/10/12 4113/10/12 4118/10/12
f 4117/10/19 4112/10/19 4114/10/19
f 4112/10/19 4117/10/19 4115/10/19
f 4116/10/23 4112/10/23 4115/10/23
f 4112/10/23 4116/10/23 4111/10/23
f 4121/10/8 4120/10/8 4119/10/8
f 4120/10/8 4121/10/8 4122/10/8
f 4119/10/12 4124/10/12 4123/10/12
f 4124/10/12 4119/10/12 4120/10/12
f 4126/10/23 4121/10/23 4125/10/23
f 4121/10/23 4126/10/23 4122/10/23
f 4124/10/32 4125/10/32 4123/10/32
f 4125/10/32 4124/10/32 4126/10/32
f 4128/10/32 4111/10/32 4127/10/32
f 4111/10/32 4128/10/32 4113/10/32
f 4118/10/8 4129/10/8 4116/10/8
f 4129/10/8 4118/10/8 4130/10/8
f 4129/10/7 4128/10/7 4127/10/7
f 4128/10/7 4129/10/7 4130/10/7
f 4128/10/12 4118/10/12 4113/10/12
f 4118/10/12 4128/10/12 4130/10/12
f 4118/10/19 4111/10/19 4113/10/19
f 4111/10/19 4118/10/19 4116/10/19
f 4129/10/23 4111/10/23 4116/10/23
f 4111/10/23 4129/10/23 4127/10/23
f 4133/10/32 4132/10/32 4131/10/32
f 4132/10/32 4133/10/32 4134/10/32
f 4137/10/8 4136/10/8 4135/10/8
f 4136/10/8 4137/10/8 4138/10/8
f 4136/10/7 4133/10/7 4131/10/7
f 4133/10/7 4136/10/7 4138/10/7
f 4133/10/12 4137/10/12 4134/10/12
f 4137/10/12 4133/10/12 4138/10/12
f 4137/10/19 4132/10/19 4134/10/19
f 4132/10/19 4137/10/19 4135/10/19
f 4136/10/23 4132/10/23 4135/10/23
f 4132/10/23 4136/10/23 4131/10/23
f 4141/10/8 4140/10/8 4139/10/8
f 4140/10/8 4141/10/8 4142/10/8
f 4139/10/12 4144/10/12 4143/10/12
f 4144/10/12 4139/10/12 4140/10/12
f 4146/10/23 4141/10/23 4145/10/23
f 4141/10/23 4146/10/23 4142/10/23
f 4144/10/32 4145/10/32 4143/10/32
f 4145/10/32 4144/10/32 4146/10/32
f 4149/10/32 4148/10/32 4147/10/32
f 4148/10/32 4149/10/32 4150/10/32
f 4153/10/8 4152/10/8 4151/10/8
f 4152/10/8 4153/10/8 4154/10/8
f 4152/10/7 4149/10/7 4147/10/7
f 4149/10/7 4152/10/7 4154/10/7
f 4149/10/12 4153/10/12 4150/10/12
f 4153/10/12 4149/10/12 4154/10/12
f 4153/10/19 4148/10/19 4150/10/19
f 4148/10/19 4153/10/19 4151/10/19
f 4152/10/23 4148/10/23 4151/10/23
f 4148/10/23 4152/10/23 4147/10/23
f 4157/10/32 4156/10/32 4155/10/32
f 4156/10/32 4157/10/32 4158/10/32
f 4161/10/8 4160/10/8 4159/10/8
f 4160/10/8 4161/10/8 4162/10/8
f 4160/10/7 4157/10/7 4155/10/7
f 4157/10/7 4160/10/7 4162/10/7
f 4157/10/12 4161/10/12 4158/10/12
f 4161/10/12 4157/10/12 4162/10/12
f 4161/10/19 4156/10/19 4158/10/19
f 4156/10/19 4161/10/19 4159/10/19
f 4160/10/23 4156/10/23 4159/10/23
f 4156/10/23 4160/10/23 4155/10/23
f 4165/10/8 4164/10/8 4163/10/8
f 4164/10/8 4165/10/8 4166/10/8
f 4163/10/12 4168/10/12 4167/10/12
f 4168/10/12 4163/10/12 4164/10/12
f 4170/10/23 4165/10/23 4169/10/23
f 4165/10/23 4170/10/23 4166/10/23
f 4168/10/32 4169/10/32 4167/10/32
f 4169/10/32 4168/10/32 4170/10/32
f 4172/10/32 4131/10/32 4171/10/32
f 4131/10/32 4172/10/32 4133/10/32
f 4138/10/8 4173/10/8 4136/10/8
f 4173/10/8 4138/10/8 4174/10/8
f 4173/10/7 4172/10/7 4171/10/7
f 4172/10/7 4173/10/7 4174/10/7
f 4172/10/12 4138/10/12 4133/10/12
f 4138/10/12 4172/10/12 4174/10/12
f 4138/10/19 4131/10/19 4133/10/19
f 4131/10/19 4138/10/19 4136/10/19
f 4173/10/23 4131/10/23 4136/10/23
f 4131/10/23 4173/10/23 4171/10/23
f 4150/10/32 4175/10/32 4148/10/32
f 4175/10/32 4150/10/32 4176/10/32
f 4178/10/8 4151/10/8 4177/10/8
f 4151/10/8 4178/10/8 4153/10/8
f 4151/10/7 4150/10/7 4148/10/7
f 4150/10/7 4151/10/7 4153/10/7
f 4150/10/12 4178/10/12 4176/10/12
f 4178/10/12 4150/10/12 4153/10/12
f 4178/10/19 4175/10/19 4176/10/19
f 4175/10/19 4178/10/19 4177/10/19
f 4151/10/23 4175/10/23 4177/10/23
f 4175/10/23 4151/10/23 4148/10/23
f 4181/10/8 4180/10/8 4179/10/8
f 4180/10/8 4181/10/8 4182/10/8
f 4179/10/12 4184/10/12 4183/10/12
f 4184/10/12 4179/10/12 4180/10/12
f 4186/10/23 4181/10/23 4185/10/23
f 4181/10/23 4186/10/23 4182/10/23
f 4184/10/32 4185/10/32 4183/10/32
f 4185/10/32 4184/10/32 4186/10/32
f 4188/10/32 4155/10/32 4187/10/32
f 4155/10/32 4188/10/32 4157/10/32
f 4162/10/8 4189/10/8 4160/10/8
f 4189/10/8 4162/10/8 4190/10/8
f 4189/10/7 4188/10/7 4187/10/7
f 4188/10/7 4189/10/7 4190/10/7
f 4188/10/12 4162/10/12 4157/10/12
f 4162/10/12 4188/10/12 4190/10/12
f 4162/10/19 4155/10/19 4157/10/19
f 4155/10/19 4162/10/19 4160/10/19
f 4189/10/23 4155/10/23 4160/10/23
f 4155/10/23 4189/10/23 4187/10/23
f 4193/10/32 4192/10/32 4191/10/32
f 4192/10/32 4193/10/32 4194/10/32
f 4197/10/8 4196/10/8 4195/10/8
f 4196/10/8 4197/10/8 4198/10/8
f 4196/10/7 4193/10/7 4191/10/7
f 4193/10/7 4196/10/7 4198/10/7
f 4193/10/12 4197/10/12 4194/10/12
f 4197/10/12 4193/10/12 4198/10/12
f 4197/10/19 4192/10/19 4194/10/19
f 4192/10/19 4197/10/19 4195/10/19
f 4196/10/23 4192/10/23 4195/10/23
f 4192/10/23 4196/10/23 4191/10/23
f 4201/10/8 4200/10/8 4199/10/8
f 4200/10/8 4201/10/8 4202/10/8
f 4199/10/12 4204/10/12 4203/10/12
f 4204/10/12 4199/10/12 4200/10/12
f 4206/10/23 4201/10/23 4205/10/23
f 4201/10/23 4206/10/23 4202/10/23
f 4204/10/32 4205/10/32 4203/10/32
f 4205/10/32 4204/10/32 4206/10/32
f 4208/10/32 4191/10/32 4207/10/32
f 4191/10/32 4208/10/32 4193/10/32
f 4198/10/8 4209/10/8 4196/10/8
f 4209/10/8 4198/10/8 4210/10/8
f 4209/10/7 4208/10/7 4207/10/7
f 4208/10/7 4209/10/7 4210/10/7
f 4208/10/12 4198/10/12 4193/10/12
f 4198/10/12 4208/10/12 4210/10/12
f 4198/10/19 4191/10/19 4193/10/19
f 4191/10/19 4198/10/19 4196/10/19
f 4209/10/23 4191/10/23 4196/10/23
f 4191/10/23 4209/10/23 4207/10/23
f 4213/10/32 4212/10/32 4211/10/32
f 4212/10/32 4213/10/32 4214/10/32
f 4217/10/8 4216/10/8 4215/10/8
f 4216/10/8 4217/10/8 4218/10/8
f 4216/10/7 4213/10/7 4211/10/7
f 4213/10/7 4216/10/7 4218/10/7
f 4213/10/12 4217/10/12 4214/10/12
f 4217/10/12 4213/10/12 4218/10/12
f 4217/10/19 4212/10/19 4214/10/19
f 4212/10/19 4217/10/19 4215/10/19
f 4216/10/23 4212/10/23 4215/10/23
f 4212/10/23 4216/10/23 4211/10/23
f 4221/10/8 4220/10/8 4219/10/8
f 4220/10/8 4221/10/8 4222/10/8
f 4219/10/12 4224/10/12 4223/10/12
f 4224/10/12 4219/10/12 4220/10/12
f 4226/10/23 4221/10/23 4225/10/23
f 4221/10/23 4226/10/23 4222/10/23
f 4224/10/32 4225/10/32 4223/10/32
f 4225/10/32 4224/10/32 4226/10/32
f 4228/10/32 4211/10/32 4227/10/32
f 4211/10/32 4228/10/32 4213/10/32
f 4218/10/8 4229/10/8 4216/10/8
f 4229/10/8 4218/10/8 4230/10/8
f 4229/10/7 4228/10/7 4227/10/7
f 4228/10/7 4229/10/7 4230/10/7
f 4228/10/12 4218/10/12 4213/10/12
f 4218/10/12 4228/10/12 4230/10/12
f 4218/10/19 4211/10/19 4213/10/19
f 4211/10/19 4218/10/19 4216/10/19
f 4229/10/23 4211/10/23 4216/10/23
f 4211/10/23 4229/10/23 4227/10/23
f 4233/10/32 4232/10/32 4231/10/32
f 4232/10/32 4233/10/32 4234/10/32
f 4237/10/8 4236/10/8 4235/10/8
f 4236/10/8 4237/10/8 4238/10/8
f 4236/10/7 4233/10/7 4231/10/7
f 4233/10/7 4236/10/7 4238/10/7
f 4233/10/12 4237/10/12 4234/10/12
f 4237/10/12 4233/10/12 4238/10/12
f 4237/10/19 4232/10/19 4234/10/19
f 4232/10/19 4237/10/19 4235/10/19
f 4236/10/23 4232/10/23 4235/10/23
f 4232/10/23 4236/10/23 4231/10/23
f 4241/10/8 4240/10/8 4239/10/8
f 4240/10/8 4241/10/8 4242/10/8
f 4239/10/12 4244/10/12 4243/10/12
f 4244/10/12 4239/10/12 4240/10/12
f 4246/10/23 4241/10/23 4245/10/23
f 4241/10/23 4246/10/23 4242/10/23
f 4244/10/32 4245/10/32 4243/10/32
f 4245/10/32 4244/10/32 4246/10/32
f 4249/10/32 4248/10/32 4247/10/32
f 4248/10/32 4249/10/32 4250/10/32
f 4253/10/8 4252/10/8 4251/10/8
f 4252/10/8 4253/10/8 4254/10/8
f 4252/10/7 4249/10/7 4247/10/7
f 4249/10/7 4252/10/7 4254/10/7
f 4249/10/12 4253/10/12 4250/10/12
f 4253/10/12 4249/10/12 4254/10/12
f 4253/10/19 4248/10/19 4250/10/19
f 4248/10/19 4253/10/19 4251/10/19
f 4252/10/23 4248/10/23 4251/10/23
f 4248/10/23 4252/10/23 4247/10/23
f 4257/10/32 4256/10/32 4255/10/32
f 4256/10/32 4257/10/32 4258/10/32
f 4261/10/8 4260/10/8 4259/10/8
f 4260/10/8 4261/10/8 4262/10/8
f 4260/10/7 4257/10/7 4255/10/7
f 4257/10/7 4260/10/7 4262/10/7
f 4257/10/12 4261/10/12 4258/10/12
f 4261/10/12 4257/10/12 4262/10/12
f 4261/10/19 4256/10/19 4258/10/19
f 4256/10/19 4261/10/19 4259/10/19
f 4260/10/23 4256/10/23 4259/10/23
f 4256/10/23 4260/10/23 4255/10/23
f 4265/10/8 4264/10/8 4263/10/8
f 4264/10/8 4265/10/8 4266/10/8
f 4263/10/12 4268/10/12 4267/10/12
f 4268/10/12 4263/10/12 4264/10/12
f 4270/10/23 4265/10/23 4269/10/23
f 4265/10/23 4270/10/23 4266/10/23
f 4268/10/32 4269/10/32 4267/10/32
f 4269/10/32 4268/10/32 4270/10/32
f 4273/10/32 4272/10/32 4271/10/32
f 4272/10/32 4273/10/32 4274/10/32
f 4277/10/8 4276/10/8 4275/10/8
f 4276/10/8 4277/10/8 4278/10/8
f 4276/10/7 4273/10/7 4271/10/7
f 4273/10/7 4276/10/7 4278/10/7
f 4273/10/12 4277/10/12 4274/10/12
f 4277/10/12 4273/10/12 4278/10/12
f 4277/10/19 4272/10/19 4274/10/19
f 4272/10/19 4277/10/19 4275/10/19
f 4276/10/23 4272/10/23 4275/10/23
f 4272/10/23 4276/10/23 4271/10/23
f 4281/10/32 4280/10/32 4279/10/32
f 4280/10/32 4281/10/32 4282/10/32
f 4285/10/8 4284/10/8 4283/10/8
f 4284/10/8 4285/10/8 4286/10/8
f 4284/10/7 4281/10/7 4279/10/7
f 4281/10/7 4284/10/7 4286/10/7
f 4281/10/12 4285/10/12 4282/10/12
f 4285/10/12 4281/10/12 4286/10/12
f 4285/10/19 4280/10/19 4282/10/19
f 4280/10/19 4285/10/19 4283/10/19
f 4284/10/23 4280/10/23 4283/10/23
f 4280/10/23 4284/10/23 4279/10/23
f 4289/10/8 4288/10/8 4287/10/8
f 4288/10/8 4289/10/8 4290/10/8
f 4287/10/12 4292/10/12 4291/10/12
f 4292/10/12 4287/10/12 4288/10/12
f 4294/10/23 4289/10/23 4293/10/23
f 4289/10/23 4294/10/23 4290/10/23
f 4292/10/32 4293/10/32 4291/10/32
f 4293/10/32 4292/10/32 4294/10/32
f 4297/10/32 4296/10/32 4295/10/32
f 4296/10/32 4297/10/32 4298/10/32
f 4301/10/8 4300/10/8 4299/10/8
f 4300/10/8 4301/10/8 4302/10/8
f 4300/10/7 4297/10/7 4295/10/7
f 4297/10/7 4300/10/7 4302/10/7
f 4297/10/12 4301/10/12 4298/10/12
f 4301/10/12 4297/10/12 4302/10/12
f 4301/10/19 4296/10/19 4298/10/19
f 4296/10/19 4301/10/19 4299/10/19
f 4300/10/23 4296/10/23 4299/10/23
f 4296/10/23 4300/10/23 4295/10/23
f 4305/10/32 4304/10/32 4303/10/32
f 4304/10/32 4305/10/32 4306/10/32
f 4309/10/8 4308/10/8 4307/10/8
f 4308/10/8 4309/10/8 4310/10/8
f 4308/10/7 4305/10/7 4303/10/7
f 4305/10/7 4308/10/7 4310/10/7
f 4305/10/12 4309/10/12 4306/10/12
f 4309/10/12 4305/10/12 4310/10/12
f 4309/10/19 4304/10/19 4306/10/19
f 4304/10/19 4309/10/19 4307/10/19
f 4308/10/23 4304/10/23 4307/10/23
f 4304/10/23 4308/10/23 4303/10/23
f 4313/10/8 4312/10/8 4311/10/8
f 4312/10/8 4313/10/8 4314/10/8
f 4311/10/12 4316/10/12 4315/10/12
f 4316/10/12 4311/10/12 4312/10/12
f 4318/10/23 4313/10/23 4317/10/23
f 4313/10/23 4318/10/23 4314/10/23
f 4316/10/32 4317/10/32 4315/10/32
f 4317/10/32 4316/10/32 4318/10/32
f 4321/10/32 4320/10/32 4319/10/32
f 4320/10/32 4321/10/32 4322/10/32
f 4325/10/8 4324/10/8 4323/10/8
f 4324/10/8 4325/10/8 4326/10/8
f 4324/10/7 4321/10/7 4319/10/7
f 4321/10/7 4324/10/7 4326/10/7
f 4321/10/12 4325/10/12 4322/10/12
f 4325/10/12 4321/10/12 4326/10/12
f 4325/10/19 4320/10/19 4322/10/19
f 4320/10/19 4325/10/19 4323/10/19
f 4324/10/23 4320/10/23 4323/10/23
f 4320/10/23 4324/10/23 4319/10/23
f 4329/10/32 4328/10/32 4327/10/32
f 4328/10/32 4329/10/32 4330/10/32
f 4333/10/8 4332/10/8 4331/10/8
f 4332/10/8 4333/10/8 4334/10/8
f 4332/10/7 4329/10/7 4327/10/7
f 4329/10/7 4332/10/7 4334/10/7
f 4329/10/12 4333/10/12 4330/10/12
f 4333/10/12 4329/10/12 4334/10/12
f 4333/10/19 4328/10/19 4330/10/19
f 4328/10/19 4333/10/19 4331/10/19
f 4332/10/23 4328/10/23 4331/10/23
f 4328/10/23 4332/10/23 4327/10/23
f 4337/10/8 4336/10/8 4335/10/8
f 4336/10/8 4337/10/8 4338/10/8
f 4335/10/12 4340/10/12 4339/10/12
f 4340/10/12 4335/10/12 4336/10/12
f 4342/10/23 4337/10/23 4341/10/23
f 4337/10/23 4342/10/23 4338/10/23
f 4340/10/32 4341/10/32 4339/10/32
f 4341/10/32 4340/10/32 4342/10/32
f 4345/1/1 4344/1/2 4343/1/2
f 4344/1/2 4345/1/1 4346/1/1
f 4349/1/3 4348/1/4 4347/1/4
f 4348/1/4 4349/1/3 4350/1/3
f 4353/1/5 4352/1/6 4351/1/5
f 4352/1/6 4353/1/5 4354/1/6
f 4356/1/7 4352/1/7 4355/1/7
f 4356/1/7 4351/1/7 4352/1/7
f 4357/1/7 4351/1/7 4356/1/7
f 4357/1/7 4358/1/7 4351/1/7
f 4349/1/7 4358/1/7 4357/1/7
f 4347/1/7 4358/1/7 4349/1/7
f 4347/1/7 4359/1/7 4358/1/7
f 4360/1/7 4359/1/7 4347/1/7
f 4361/1/7 4359/1/7 4360/1/7
f 4359/1/7 4361/1/7 4346/1/7
f 4362/1/7 4346/1/7 4361/1/7
f 4362/1/7 4344/1/7 4346/1/7
f 4362/1/7 4363/1/7 4344/1/7
f 4363/1/7 4362/1/7 4364/1/7
f 4352/1/6 4366/1/8 4365/1/8
f 4366/1/8 4352/1/6 4367/1/8
f 4367/1/8 4352/1/6 4354/1/6
f 4367/1/8 4354/1/6 4368/1/8
f 4347/1/4 4369/1/9 4360/1/9
f 4369/1/9 4347/1/4 4348/1/4
f 4370/1/10 4351/1/5 4358/1/10
f 4351/1/5 4370/1/10 4353/1/5
f 4360/1/9 4371/1/11 4361/1/11
f 4371/1/11 4360/1/9 4369/1/9
f 4366/1/12 4373/1/12 4372/1/12
f 4373/1/12 4366/1/12 4367/1/12
f 4355/1/13 4374/1/710 4356/1/14
f 4374/1/710 4355/1/13 4375/1/13
f 4343/1/2 4363/1/15 4376/1/15
f 4363/1/15 4343/1/2 4344/1/2
f 4365/1/16 4355/1/17 4352/1/17
f 4355/1/17 4365/1/16 4377/1/16
f 4378/1/18 4358/1/10 4359/1/18
f 4358/1/10 4378/1/18 4370/1/10
f 4373/1/19 4368/1/20 4379/1/20
f 4368/1/20 4373/1/19 4367/1/19
f 4366/1/7 4377/1/16 4365/1/16
f 4377/1/16 4366/1/7 4372/1/7
f 4356/1/14 4380/1/21 4357/1/21
f 4380/1/21 4356/1/14 4374/1/710
f 4382/1/19 4376/1/19 4381/1/19
f 4376/1/19 4382/1/19 4343/1/19
f 4343/1/19 4382/1/19 4345/1/19
f 4345/1/19 4382/1/19 4371/1/19
f 4345/1/19 4371/1/19 4378/1/19
f 4378/1/19 4371/1/19 4369/1/19
f 4378/1/19 4369/1/19 4348/1/19
f 4378/1/19 4348/1/19 4370/1/19
f 4370/1/19 4348/1/19 4350/1/19
f 4370/1/19 4350/1/19 4380/1/19
f 4370/1/19 4380/1/19 4353/1/19
f 4353/1/19 4380/1/19 4374/1/19
f 4353/1/19 4374/1/19 4354/1/19
f 4354/1/19 4374/1/19 4375/1/19
f 4361/1/12 4382/1/12 4362/1/12
f 4382/1/12 4361/1/12 4371/1/12
f 4375/1/22 4368/1/20 4354/1/22
f 4368/1/20 4375/1/22 4379/1/20
f 4357/1/21 4350/1/3 4349/1/3
f 4350/1/3 4357/1/21 4380/1/21
f 4378/1/18 4346/1/1 4345/1/1
f 4346/1/1 4378/1/18 4359/1/18
f 4376/1/23 4364/1/23 4381/1/23
f 4364/1/23 4376/1/23 4363/1/23
f 4384/2/24 4381/2/25 4383/2/24
f 4381/2/25 4384/2/24 4382/2/25
f 4364/2/26 4386/2/27 4385/2/27
f 4386/2/27 4364/2/26 4362/2/26
f 4383/2/28 4388/2/23 4387/2/23
f 4388/2/23 4383/2/28 4385/2/28
f 4362/2/29 4384/2/30 4386/2/30
f 4384/2/30 4362/2/29 4382/2/29
f 4389/2/19 4383/2/24 4387/2/19
f 4383/2/24 4389/2/19 4384/2/24
f 4386/2/27 4388/2/7 4385/2/27
f 4388/2/7 4386/2/27 4390/2/7
f 4381/2/31 4385/2/28 4383/2/28
f 4385/2/28 4381/2/31 4364/2/31
f 4390/2/32 4387/2/32 4388/2/32
f 4387/2/32 4390/2/32 4389/2/32
f 4386/2/30 4389/2/12 4390/2/12
f 4389/2/12 4386/2/30 4384/2/30
f 4372/3/32 4355/3/32 4377/3/32
f 4355/3/32 4372/3/32 4373/3/32
f 4355/3/32 4373/3/32 4375/3/32
f 4375/3/32 4373/3/32 4379/3/32
f 4393/13/19 4392/13/19 4391/13/19
f 4396/13/7 4395/13/7 4394/13/7
f 4393/13/32 4395/13/32 4396/13/32
f 4395/13/32 4393/13/32 4391/13/32
f 4392/12/23 4395/13/23 4391/13/23
f 4395/13/23 4392/12/23 4394/12/23
f 4399/12/7 4398/12/7 4397/12/7
f 4398/12/7 4399/12/7 4400/12/7
f 4392/12/711 4402/12/711 4401/12/711
f 4393/12/711 4402/12/711 4392/12/711
f 4396/12/711 4402/12/711 4393/12/711
f 4396/12/711 4400/12/711 4402/12/711
f 4400/12/711 4396/12/711 4398/12/711
f 4394/12/711 4398/12/711 4396/12/711
f 4399/12/712 4402/12/712 4400/12/712
f 4402/12/712 4399/12/712 4403/12/712
f 4402/12/19 4404/12/19 4401/12/19
f 4404/12/19 4402/12/19 4403/12/19
f 4404/12/23 4392/12/23 4401/12/23
f 4392/12/23 4404/12/23 4394/12/23
f 4394/12/23 4404/12/23 4398/12/23
f 4398/12/23 4404/12/23 4397/12/23
f 4404/12/713 4399/12/713 4397/12/713
f 4399/12/713 4404/12/713 4403/12/713
f 4392/13/19 4408/13/19 4407/13/19
f 4392/13/32 4406/13/32 4394/13/32
f 4406/13/32 4392/13/32 4407/13/32
f 4411/12/714 4410/12/714 4409/12/714
f 4410/12/714 4411/12/714 4412/12/714
f 4410/12/713 4414/12/713 4413/12/713
f 4414/12/713 4410/12/713 4412/12/713
f 4410/12/7 4415/12/7 4409/12/7
f 4415/12/7 4410/12/7 4416/12/7
f 4416/12/7 4410/12/7 4413/12/7
f 4416/12/7 4413/12/7 4417/12/7
f 4417/12/712 4414/12/712 4418/12/712
f 4414/12/712 4417/12/712 4413/12/712
f 4411/12/711 4415/12/711 4419/12/711
f 4415/12/711 4411/12/711 4409/12/711
f 4405/12/712 4406/12/712 4416/12/712
f 4406/12/712 4415/12/712 4416/12/712
f 4415/12/712 4406/12/712 4419/12/712
f 4419/12/712 4406/12/712 4407/12/712
f 4419/12/712 4407/12/712 4420/12/712
f 4420/12/712 4407/12/712 4408/12/712
f 4419/12/19 4412/12/19 4411/12/19
f 4412/12/19 4419/12/19 4420/12/19
f 4412/12/19 4420/12/19 4418/12/19
f 4412/12/19 4418/12/19 4414/12/19
f 4408/12/711 4418/12/711 4420/12/711
f 4392/12/711 4418/12/711 4408/12/711
f 4394/12/711 4418/12/711 4392/12/711
f 4394/12/711 4417/12/711 4418/12/711
f 4417/12/711 4394/12/711 4416/12/711
f 4405/12/711 4416/12/711 4394/12/711
f 4424/13/19 4423/13/19 4407/13/19
f 4422/13/32 4423/13/32 4424/13/32
f 4423/13/32 4422/13/32 4421/13/32
f 4406/12/12 4423/13/12 4421/13/12
f 4423/13/12 4406/12/12 4407/12/12
f 4427/12/19 4426/12/19 4425/12/19
f 4426/12/19 4427/12/19 4428/12/19
f 4406/12/712 4430/12/712 4429/12/712
f 4422/12/712 4430/12/712 4406/12/712
f 4424/12/712 4430/12/712 4422/12/712
f 4424/12/712 4428/12/712 4430/12/712
f 4428/12/712 4424/12/712 4426/12/712
f 4407/12/712 4426/12/712 4424/12/712
f 4427/12/711 4430/12/711 4428/12/711
f 4430/12/711 4427/12/711 4431/12/711
f 4430/12/7 4432/12/7 4429/12/7
f 4432/12/7 4430/12/7 4431/12/7
f 4432/12/12 4406/12/12 4429/12/12
f 4406/12/12 4432/12/12 4407/12/12
f 4407/12/12 4432/12/12 4426/12/12
f 4426/12/12 4432/12/12 4425/12/12
f 4432/12/714 4427/12/714 4425/12/714
f 4427/12/714 4432/12/714 4431/12/714
f 4435/13/19 4434/13/19 4433/13/19
f 4438/13/7 4437/13/7 4436/13/7
f 4435/13/32 4437/13/32 4438/13/32
f 4437/13/32 4435/13/32 4433/13/32
f 4434/12/23 4437/13/23 4433/13/23
f 4437/13/23 4434/12/23 4436/12/23
f 4441/12/7 4440/12/7 4439/12/7
f 4440/12/7 4441/12/7 4442/12/7
f 4434/12/711 4444/12/711 4443/12/711
f 4435/12/711 4444/12/711 4434/12/711
f 4438/12/711 4444/12/711 4435/12/711
f 4438/12/711 4442/12/711 4444/12/711
f 4442/12/711 4438/12/711 4440/12/711
f 4436/12/711 4440/12/711 4438/12/711
f 4441/12/712 4444/12/712 4442/12/712
f 4444/12/712 4441/12/712 4445/12/712
f 4444/12/19 4446/12/19 4443/12/19
f 4446/12/19 4444/12/19 4445/12/19
f 4446/12/23 4434/12/23 4443/12/23
f 4434/12/23 4446/12/23 4436/12/23
f 4436/12/23 4446/12/23 4440/12/23
f 4440/12/23 4446/12/23 4439/12/23
f 4446/12/713 4441/12/713 4439/12/713
f 4441/12/713 4446/12/713 4445/12/713
f 4449/14/19 4448/14/19 4447/14/19
f 4448/14/19 4449/14/19 4450/14/19
f 4453/14/7 4452/14/7 4451/14/7
f 4452/14/7 4453/14/7 4454/14/7
f 4457/14/8 4456/14/8 4455/14/8
f 4456/14/8 4457/14/8 4458/14/8
f 4461/14/19 4460/14/19 4459/14/19
f 4460/14/19 4461/14/19 4462/14/19
f 4454/14/12 4449/14/12 4452/14/12
f 4449/14/12 4454/14/12 4450/14/12
f 4450/14/12 4454/14/12 4463/14/12
f 4450/14/12 4463/14/12 4464/14/12
f 4464/14/12 4463/14/12 4462/14/12
f 4461/14/12 4464/14/12 4462/14/12
f 4464/14/12 4461/14/12 4465/14/12
f 4462/14/12 4463/14/12 4466/14/12
f 4466/14/12 4463/14/12 4467/14/12
f 4466/14/12 4467/14/12 4468/14/12
f 4468/14/12 4467/14/12 4469/14/12
f 4468/14/12 4469/14/12 4470/14/12
f 4470/14/12 4469/14/12 4471/14/12
f 4470/14/12 4471/14/12 4472/14/12
f 4472/14/12 4471/14/12 4473/14/12
f 4472/14/12 4473/14/12 4474/14/12
f 4474/14/12 4473/14/12 4475/14/12
f 4474/14/12 4475/14/12 4476/14/12
f 4476/14/12 4475/14/12 4477/14/12
f 4476/14/12 4477/14/12 4478/14/12
f 4478/14/12 4477/14/12 4479/14/12
f 4478/14/12 4479/14/12 4480/14/12
f 4480/14/12 4479/14/12 4481/14/12
f 4480/14/12 4481/14/12 4482/14/12
f 4482/14/12 4481/14/12 4483/14/12
f 4482/14/12 4483/14/12 4484/14/12
f 4484/14/12 4483/14/12 4485/14/12
f 4484/14/12 4485/14/12 4486/14/12
f 4486/14/12 4485/14/12 4456/14/12
f 4486/14/12 4456/14/12 4458/14/12
f 4449/14/32 4447/14/32 4452/14/32
f 4447/14/32 4451/14/32 4452/14/32
f 4451/14/32 4447/14/32 4459/14/32
f 4459/14/32 4447/14/32 4487/14/32
f 4459/14/32 4487/14/32 4465/14/32
f 4459/14/32 4465/14/32 4461/14/32
f 4462/14/715 4488/14/716 4460/14/715
f 4488/14/716 4462/14/715 4466/14/716
f 4466/14/716 4489/14/717 4488/14/716
f 4489/14/717 4466/14/716 4468/14/717
f 4468/14/717 4490/14/718 4489/14/717
f 4490/14/718 4468/14/717 4470/14/718
f 4470/14/718 4491/14/719 4490/14/718
f 4491/14/719 4470/14/718 4472/14/719
f 4472/14/719 4492/14/720 4491/14/719
f 4492/14/720 4472/14/719 4474/14/721
f 4464/14/7 4487/14/7 4493/14/7
f 4487/14/7 4464/14/7 4465/14/7
f 4450/14/32 4493/14/32 4448/14/32
f 4493/14/32 4450/14/32 4464/14/32
f 4495/14/722 4480/14/723 4494/14/723
f 4480/14/723 4495/14/722 4478/14/724
f 4496/14/725 4458/14/726 4457/14/726
f 4458/14/726 4496/14/725 4486/14/725
f 4498/14/727 4483/14/728 4497/14/728
f 4483/14/728 4498/14/727 4485/14/727
f 4494/14/723 4482/14/729 4499/14/729
f 4482/14/729 4494/14/723 4480/14/723
f 4500/14/730 4486/14/725 4496/14/725
f 4486/14/725 4500/14/730 4484/14/730
f 4497/14/728 4481/14/731 4501/14/731
f 4481/14/731 4497/14/728 4483/14/728
f 4471/14/732 4503/14/733 4502/14/732
f 4503/14/733 4471/14/732 4469/14/733
f 4505/14/734 4477/14/735 4504/14/735
f 4477/14/735 4505/14/734 4479/14/734
f 4499/14/729 4484/14/730 4500/14/730
f 4484/14/730 4499/14/729 4482/14/729
f 4469/14/733 4506/14/736 4503/14/733
f 4506/14/736 4469/14/733 4467/14/736
f 4507/14/737 4478/14/724 4495/14/722
f 4478/14/724 4507/14/737 4476/14/737
f 4455/14/738 4485/14/727 4498/14/727
f 4485/14/727 4455/14/738 4456/14/738
f 4473/14/739 4502/14/732 4508/14/740
f 4502/14/732 4473/14/739 4471/14/732
f 4474/14/721 4507/14/737 4492/14/720
f 4507/14/737 4474/14/721 4476/14/737
f 4463/14/741 4453/14/742 4509/14/741
f 4453/14/742 4463/14/741 4454/14/742
f 4475/14/743 4508/14/740 4510/14/743
f 4508/14/740 4475/14/743 4473/14/739
f 4467/14/736 4509/14/741 4506/14/736
f 4509/14/741 4467/14/736 4463/14/741
f 4504/14/735 4475/14/743 4510/14/743
f 4475/14/743 4504/14/735 4477/14/735
f 4501/14/731 4479/14/734 4505/14/734
f 4479/14/734 4501/14/731 4481/14/731
f 4447/14/12 4511/9/12 4487/14/12
f 4511/9/12 4447/14/12 4448/14/12
f 4512/9/12 4487/14/12 4511/9/12
f 4487/14/12 4512/9/12 4493/14/12
f 4511/9/12 4448/14/12 4513/9/12
f 4493/14/12 4512/9/12 4514/9/12
f 4513/9/12 4515/9/12 4514/9/12
f 4513/9/12 4448/14/12 4515/9/12
f 4516/9/12 4514/9/12 4515/9/12
f 4493/14/12 4514/9/12 4516/9/12
f 4515/9/12 4448/14/12 4517/9/12
f 4493/14/12 4516/9/12 4518/9/12
f 4517/9/12 4448/14/12 4518/9/12
f 4493/14/12 4518/9/12 4448/14/12
f 4517/9/12 4516/9/12 4515/9/12
f 4516/9/12 4517/9/12 4518/9/12
f 4513/9/12 4512/9/12 4511/9/12
f 4512/9/12 4513/9/12 4514/9/12
f 4438/10/32 4391/10/32 4393/10/32
f 4391/10/32 4438/10/32 4437/10/32
f 4436/12/23 4391/10/23 4437/10/23
f 4391/10/23 4436/12/23 4392/12/23
f 4521/12/7 4520/12/7 4519/12/7
f 4520/12/7 4521/12/7 4522/12/7
f 4436/12/711 4524/12/711 4523/12/711
f 4438/12/711 4524/12/711 4436/12/711
f 4393/12/711 4524/12/711 4438/12/711
f 4393/12/711 4522/12/711 4524/12/711
f 4522/12/711 4393/12/711 4520/12/711
f 4392/12/711 4520/12/711 4393/12/711
f 4521/12/712 4524/12/712 4522/12/712
f 4524/12/712 4521/12/712 4525/12/712
f 4524/12/19 4526/12/19 4523/12/19
f 4526/12/19 4524/12/19 4525/12/19
f 4526/12/23 4436/12/23 4523/12/23
f 4436/12/23 4526/12/23 4392/12/23
f 4392/12/23 4526/12/23 4520/12/23
f 4520/12/23 4526/12/23 4519/12/23
f 4526/12/713 4521/12/713 4519/12/713
f 4521/12/713 4526/12/713 4525/12/713
f 4433/13/32 4527/13/32 4437/13/32
f 4527/13/32 4433/13/32 4528/13/32
f 4433/13/19 4529/13/19 4528/13/19
f 4529/13/19 4433/13/19 4434/13/19
f 4529/13/23 4527/13/23 4528/13/23
f 4527/13/23 4529/13/23 4530/13/23
f 4436/13/12 4433/13/12 4437/13/12
f 4433/13/12 4436/13/12 4434/13/12
f 4436/13/7 4527/13/7 4530/13/7
f 4527/13/7 4436/13/7 4437/13/7
f 4529/13/8 4436/13/8 4530/13/8
f 4436/13/8 4529/13/8 4434/13/8
f 4436/13/7 4530/13/7 4531/13/7
f 4434/13/19 4532/13/19 4529/13/19
f 4434/13/32 4530/13/32 4436/13/32
f 4530/13/32 4434/13/32 4529/13/32
f 4535/12/714 4534/12/714 4533/12/714
f 4534/12/714 4535/12/714 4536/12/714
f 4534/12/713 4538/12/713 4537/12/713
f 4538/12/713 4534/12/713 4536/12/713
f 4534/12/7 4539/12/7 4533/12/7
f 4539/12/7 4534/12/7 4540/12/7
f 4540/12/7 4534/12/7 4537/12/7
f 4540/12/7 4537/12/7 4541/12/7
f 4541/12/712 4538/12/712 4542/12/712
f 4538/12/712 4541/12/712 4537/12/712
f 4535/12/711 4539/12/711 4543/12/711
f 4539/12/711 4535/12/711 4533/12/711
f 4531/12/712 4530/12/712 4540/12/712
f 4530/12/712 4539/12/712 4540/12/712
f 4539/12/712 4530/12/712 4543/12/712
f 4543/12/712 4530/12/712 4529/12/712
f 4543/12/712 4529/12/712 4544/12/712
f 4544/12/712 4529/12/712 4532/12/712
f 4543/12/19 4536/12/19 4535/12/19
f 4536/12/19 4543/12/19 4544/12/19
f 4536/12/19 4544/12/19 4542/12/19
f 4536/12/19 4542/12/19 4538/12/19
f 4532/12/711 4542/12/711 4544/12/711
f 4434/12/711 4542/12/711 4532/12/711
f 4436/12/711 4542/12/711 4434/12/711
f 4436/12/711 4541/12/711 4542/12/711
f 4541/12/711 4436/12/711 4540/12/711
f 4531/12/711 4540/12/711 4436/12/711
f 4546/13/19 4528/13/19 4529/13/19
f 4545/13/32 4528/13/32 4546/13/32
f 4528/13/32 4545/13/32 4527/13/32
f 4530/12/12 4528/13/12 4527/13/12
f 4528/13/12 4530/12/12 4529/12/12
f 4549/12/19 4548/12/19 4547/12/19
f 4548/12/19 4549/12/19 4550/12/19
f 4530/12/712 4552/12/712 4551/12/712
f 4545/12/712 4552/12/712 4530/12/712
f 4546/12/712 4552/12/712 4545/12/712
f 4546/12/712 4550/12/712 4552/12/712
f 4550/12/712 4546/12/712 4548/12/712
f 4529/12/712 4548/12/712 4546/12/712
f 4549/12/711 4552/12/711 4550/12/711
f 4552/12/711 4549/12/711 4553/12/711
f 4552/12/7 4554/12/7 4551/12/7
f 4554/12/7 4552/12/7 4553/12/7
f 4554/12/12 4530/12/12 4551/12/12
f 4530/12/12 4554/12/12 4529/12/12
f 4529/12/12 4554/12/12 4548/12/12
f 4548/12/12 4554/12/12 4547/12/12
f 4554/12/714 4549/12/714 4547/12/714
f 4549/12/714 4554/12/714 4553/12/714
f 4436/10/32 4407/10/32 4392/10/32
f 4407/10/32 4436/10/32 4530/10/32
f 4557/12/714 4556/12/714 4555/12/714
f 4556/12/714 4557/12/714 4558/12/714
f 4556/12/713 4560/12/713 4559/12/713
f 4560/12/713 4556/12/713 4558/12/713
f 4556/12/7 4561/12/7 4555/12/7
f 4561/12/7 4556/12/7 4562/12/7
f 4562/12/7 4556/12/7 4559/12/7
f 4562/12/7 4559/12/7 4563/12/7
f 4563/12/712 4560/12/712 4564/12/712
f 4560/12/712 4563/12/712 4559/12/712
f 4557/12/711 4561/12/711 4565/12/711
f 4561/12/711 4557/12/711 4555/12/711
f 4408/12/712 4407/12/712 4562/12/712
f 4407/12/712 4561/12/712 4562/12/712
f 4561/12/712 4407/12/712 4565/12/712
f 4565/12/712 4407/12/712 4530/12/712
f 4565/12/712 4530/12/712 4566/12/712
f 4566/12/712 4530/12/712 4531/12/712
f 4565/12/19 4558/12/19 4557/12/19
f 4558/12/19 4565/12/19 4566/12/19
f 4558/12/19 4566/12/19 4564/12/19
f 4558/12/19 4564/12/19 4560/12/19
f 4531/12/711 4564/12/711 4566/12/711
f 4436/12/711 4564/12/711 4531/12/711
f 4392/12/711 4564/12/711 4436/12/711
f 4392/12/711 4563/12/711 4564/12/711
f 4563/12/711 4392/12/711 4562/12/711
f 4408/12/711 4562/12/711 4392/12/711
f 4545/13/19 4527/13/19 4530/13/19
f 4424/13/32 4527/13/32 4545/13/32
f 4527/13/32 4424/13/32 4423/13/32
f 4407/12/12 4527/13/12 4423/13/12
f 4527/13/12 4407/12/12 4530/12/12
f 4569/12/19 4568/12/19 4567/12/19
f 4568/12/19 4569/12/19 4570/12/19
f 4407/12/712 4572/12/712 4571/12/712
f 4424/12/712 4572/12/712 4407/12/712
f 4545/12/712 4572/12/712 4424/12/712
f 4545/12/712 4570/12/712 4572/12/712
f 4570/12/712 4545/12/712 4568/12/712
f 4530/12/712 4568/12/712 4545/12/712
f 4569/12/711 4572/12/711 4570/12/711
f 4572/12/711 4569/12/711 4573/12/711
f 4572/12/7 4574/12/7 4571/12/7
f 4574/12/7 4572/12/7 4573/12/7
f 4574/12/12 4407/12/12 4571/12/12
f 4407/12/12 4574/12/12 4530/12/12
f 4530/12/12 4574/12/12 4568/12/12
f 4568/12/12 4574/12/12 4567/12/12
f 4574/12/714 4569/12/714 4567/12/714
f 4569/12/714 4574/12/714 4573/12/714
f 4577/13/7 4576/13/7 4575/13/7
f 4394/13/19 4405/13/19 4406/13/19
f 4394/13/32 4576/13/32 4577/13/32
f 4576/13/32 4394/13/32 4406/13/32
f 4580/12/714 4579/12/714 4578/12/714
f 4579/12/714 4580/12/714 4581/12/714
f 4579/12/713 4583/12/713 4582/12/713
f 4583/12/713 4579/12/713 4581/12/713
f 4579/12/7 4584/12/7 4578/12/7
f 4584/12/7 4579/12/7 4585/12/7
f 4585/12/7 4579/12/7 4582/12/7
f 4585/12/7 4582/12/7 4586/12/7
f 4586/12/712 4583/12/712 4587/12/712
f 4583/12/712 4586/12/712 4582/12/712
f 4580/12/711 4584/12/711 4588/12/711
f 4584/12/711 4580/12/711 4578/12/711
f 4575/12/712 4576/12/712 4585/12/712
f 4576/12/712 4584/12/712 4585/12/712
f 4584/12/712 4576/12/712 4588/12/712
f 4588/12/712 4576/12/712 4406/12/712
f 4588/12/712 4406/12/712 4589/12/712
f 4589/12/712 4406/12/712 4405/12/712
f 4588/12/19 4581/12/19 4580/12/19
f 4581/12/19 4588/12/19 4589/12/19
f 4581/12/19 4589/12/19 4587/12/19
f 4581/12/19 4587/12/19 4583/12/19
f 4405/12/711 4587/12/711 4589/12/711
f 4394/12/711 4587/12/711 4405/12/711
f 4577/12/711 4587/12/711 4394/12/711
f 4577/12/711 4586/12/711 4587/12/711
f 4586/12/711 4577/12/711 4585/12/711
f 4575/12/711 4585/12/711 4577/12/711
f 4592/5/23 4591/5/23 4590/5/23
f 4591/5/23 4592/5/23 4593/5/23
f 4596/5/12 4595/5/12 4594/5/12
f 4595/5/12 4596/5/12 4597/5/12
f 4592/5/8 4596/5/8 4593/5/8
f 4596/5/8 4592/5/8 4597/5/8
f 4596/5/7 4591/5/7 4593/5/7
f 4591/5/7 4596/5/7 4594/5/7
f 4595/5/19 4592/5/19 4590/5/19
f 4592/5/19 4595/5/19 4597/5/19
f 4595/10/32 4591/10/32 4594/10/32
f 4591/10/32 4595/10/32 4590/10/32
f 4600/13/19 4599/13/19 4598/13/19
f 4603/13/7 4602/13/7 4601/13/7
f 4600/13/32 4602/13/32 4603/13/32
f 4602/13/32 4600/13/32 4598/13/32
f 4599/12/23 4602/13/23 4598/13/23
f 4602/13/23 4599/12/23 4601/12/23
f 4606/12/7 4605/12/7 4604/12/7
f 4605/12/7 4606/12/7 4607/12/7
f 4599/12/711 4609/12/711 4608/12/711
f 4600/12/711 4609/12/711 4599/12/711
f 4603/12/711 4609/12/711 4600/12/711
f 4603/12/711 4607/12/711 4609/12/711
f 4607/12/711 4603/12/711 4605/12/711
f 4601/12/711 4605/12/711 4603/12/711
f 4606/12/712 4609/12/712 4607/12/712
f 4609/12/712 4606/12/712 4610/12/712
f 4609/12/19 4611/12/19 4608/12/19
f 4611/12/19 4609/12/19 4610/12/19
f 4611/12/23 4599/12/23 4608/12/23
f 4599/12/23 4611/12/23 4601/12/23
f 4601/12/23 4611/12/23 4605/12/23
f 4605/12/23 4611/12/23 4604/12/23
f 4611/12/713 4606/12/713 4604/12/713
f 4606/12/713 4611/12/713 4610/12/713
f 4599/13/19 4615/13/19 4614/13/19
f 4599/13/32 4613/13/32 4601/13/32
f 4613/13/32 4599/13/32 4614/13/32
f 4618/12/714 4617/12/714 4616/12/714
f 4617/12/714 4618/12/714 4619/12/714
f 4617/12/713 4621/12/713 4620/12/713
f 4621/12/713 4617/12/713 4619/12/713
f 4617/12/7 4622/12/7 4616/12/7
f 4622/12/7 4617/12/7 4623/12/7
f 4623/12/7 4617/12/7 4620/12/7
f 4623/12/7 4620/12/7 4624/12/7
f 4624/12/712 4621/12/712 4625/12/712
f 4621/12/712 4624/12/712 4620/12/712
f 4618/12/711 4622/12/711 4626/12/711
f 4622/12/711 4618/12/711 4616/12/711
f 4612/12/712 4613/12/712 4623/12/712
f 4613/12/712 4622/12/712 4623/12/712
f 4622/12/712 4613/12/712 4626/12/712
f 4626/12/712 4613/12/712 4614/12/712
f 4626/12/712 4614/12/712 4627/12/712
f 4627/12/712 4614/12/712 4615/12/712
f 4626/12/19 4619/12/19 4618/12/19
f 4619/12/19 4626/12/19 4627/12/19
f 4619/12/19 4627/12/19 4625/12/19
f 4619/12/19 4625/12/19 4621/12/19
f 4615/12/711 4625/12/711 4627/12/711
f 4599/12/711 4625/12/711 4615/12/711
f 4601/12/711 4625/12/711 4599/12/711
f 4601/12/711 4624/12/711 4625/12/711
f 4624/12/711 4601/12/711 4623/12/711
f 4612/12/711 4623/12/711 4601/12/711
f 4629/13/7 4613/13/7 4628/13/7
f 4629/13/32 4630/13/32 4631/13/32
f 4630/13/32 4629/13/32 4628/13/32
f 4613/12/12 4630/13/12 4628/13/12
f 4630/13/12 4613/12/12 4614/12/12
f 4634/12/19 4633/12/19 4632/12/19
f 4633/12/19 4634/12/19 4635/12/19
f 4613/12/712 4637/12/712 4636/12/712
f 4629/12/712 4637/12/712 4613/12/712
f 4631/12/712 4637/12/712 4629/12/712
f 4631/12/712 4635/12/712 4637/12/712
f 4635/12/712 4631/12/712 4633/12/712
f 4614/12/712 4633/12/712 4631/12/712
f 4634/12/711 4637/12/711 4635/12/711
f 4637/12/711 4634/12/711 4638/12/711
f 4637/12/7 4639/12/7 4636/12/7
f 4639/12/7 4637/12/7 4638/12/7
f 4639/12/12 4613/12/12 4636/12/12
f 4613/12/12 4639/12/12 4614/12/12
f 4614/12/12 4639/12/12 4633/12/12
f 4633/12/12 4639/12/12 4632/12/12
f 4639/12/714 4634/12/714 4632/12/714
f 4634/12/714 4639/12/714 4638/12/714
f 4603/13/32 4641/13/32 4642/13/32
f 4641/13/32 4603/13/32 4602/13/32
f 4601/12/23 4641/13/23 4602/13/23
f 4641/13/23 4601/12/23 4640/12/23
f 4645/12/7 4644/12/7 4643/12/7
f 4644/12/7 4645/12/7 4646/12/7
f 4601/12/711 4648/12/711 4647/12/711
f 4603/12/711 4648/12/711 4601/12/711
f 4642/12/711 4648/12/711 4603/12/711
f 4642/12/711 4646/12/711 4648/12/711
f 4646/12/711 4642/12/711 4644/12/711
f 4640/12/711 4644/12/711 4642/12/711
f 4645/12/712 4648/12/712 4646/12/712
f 4648/12/712 4645/12/712 4649/12/712
f 4648/12/19 4650/12/19 4647/12/19
f 4650/12/19 4648/12/19 4649/12/19
f 4650/12/23 4601/12/23 4647/12/23
f 4601/12/23 4650/12/23 4640/12/23
f 4640/12/23 4650/12/23 4644/12/23
f 4644/12/23 4650/12/23 4643/12/23
f 4650/12/713 4645/12/713 4643/12/713
f 4645/12/713 4650/12/713 4649/12/713
f 4653/14/32 4652/14/32 4651/14/32
f 4652/14/32 4653/14/32 4654/14/32
f 4657/14/7 4656/14/7 4655/14/7
f 4656/14/7 4657/14/7 4658/14/7
f 4658/14/7 4657/14/7 4659/14/7
f 4660/14/7 4659/14/7 4657/14/7
f 4661/14/7 4659/14/7 4660/14/7
f 4659/14/7 4661/14/7 4662/14/7
f 4654/14/19 4663/14/19 4652/14/19
f 4663/14/19 4654/14/19 4664/14/19
f 4667/14/19 4666/14/19 4665/14/19
f 4666/14/19 4667/14/19 4668/14/19
f 4661/14/8 4670/14/8 4669/14/8
f 4670/14/8 4661/14/8 4660/14/8
f 4670/14/19 4671/14/19 4669/14/19
f 4671/14/19 4670/14/19 4672/14/19
f 4672/14/19 4670/14/19 4673/14/19
f 4674/14/19 4673/14/19 4670/14/19
f 4675/14/19 4673/14/19 4674/14/19
f 4673/14/19 4675/14/19 4676/14/19
f 4656/14/8 4678/14/8 4677/14/8
f 4678/14/8 4656/14/8 4658/14/8
f 4681/14/8 4680/14/8 4679/14/8
f 4680/14/8 4681/14/8 4682/14/8
f 4685/14/19 4684/14/19 4683/14/19
f 4684/14/19 4685/14/19 4686/14/19
f 4686/14/19 4685/14/19 4680/14/19
f 4687/14/19 4680/14/19 4685/14/19
f 4688/14/19 4680/14/19 4687/14/19
f 4680/14/19 4688/14/19 4679/14/19
f 4690/14/32 4665/14/32 4689/14/32
f 4665/14/32 4690/14/32 4667/14/32
f 4692/14/7 4689/14/7 4691/14/7
f 4689/14/7 4692/14/7 4690/14/7
f 4674/14/32 4693/14/32 4675/14/32
f 4693/14/32 4674/14/32 4694/14/32
f 4694/14/32 4674/14/32 4657/14/32
f 4694/14/32 4657/14/32 4695/14/32
f 4695/14/32 4657/14/32 4655/14/32
f 4655/14/32 4696/14/32 4695/14/32
f 4687/14/32 4697/14/32 4688/14/32
f 4697/14/32 4687/14/32 4698/14/32
f 4698/14/32 4687/14/32 4699/14/32
f 4698/14/32 4699/14/32 4700/14/32
f 4700/14/32 4699/14/32 4701/14/32
f 4701/14/32 4702/14/32 4700/14/32
f 4703/14/8 4685/14/8 4683/14/8
f 4685/14/8 4703/14/8 4704/14/8
f 4706/14/19 4702/14/19 4705/14/19
f 4702/14/19 4706/14/19 4700/14/19
f 4666/14/8 4692/14/8 4691/14/8
f 4692/14/8 4666/14/8 4668/14/8
f 4672/14/32 4662/14/32 4671/14/32
f 4662/14/32 4672/14/32 4659/14/32
f 4678/14/12 4694/14/12 4695/14/12
f 4694/14/12 4678/14/12 4707/14/12
s 0
f 4658/14/744 4707/14/709 4678/14/7
f 4658/14/12 4673/14/12 4707/14/12
s 1
f 4659/14/12 4673/14/12 4658/14/12
f 4673/14/12 4659/14/12 4672/14/12
f 4708/14/8 4706/14/8 4705/14/8
f 4706/14/8 4708/14/8 4709/14/8
f 4706/14/12 4698/14/12 4700/14/12
f 4698/14/12 4706/14/12 4682/14/12
s 0
f 4709/14/744 4682/14/709 4706/14/7
f 4709/14/12 4680/14/12 4682/14/12
s 1
f 4710/14/12 4680/14/12 4709/14/12
f 4680/14/12 4710/14/12 4686/14/12
f 4712/14/7 4651/14/7 4711/14/7
f 4651/14/7 4712/14/7 4653/14/7
f 4678/14/19 4696/14/19 4677/14/19
f 4696/14/19 4678/14/19 4695/14/19
f 4713/14/8 4673/14/8 4676/14/8
f 4673/14/8 4713/14/8 4707/14/8
f 4694/14/7 4713/14/7 4693/14/7
f 4713/14/7 4694/14/7 4707/14/7
f 4686/14/32 4714/14/32 4684/14/32
f 4714/14/32 4686/14/32 4710/14/32
f 4698/14/7 4681/14/7 4697/14/7
f 4681/14/7 4698/14/7 4682/14/7
f 4663/14/8 4712/14/8 4711/14/8
f 4712/14/8 4663/14/8 4664/14/8
f 4699/14/7 4708/14/7 4701/14/7
f 4708/14/7 4699/14/7 4709/14/7
f 4709/14/7 4699/14/7 4710/14/7
f 4704/14/7 4710/14/7 4699/14/7
f 4703/14/7 4710/14/7 4704/14/7
f 4710/14/7 4703/14/7 4714/14/7
f 4690/14/12 4670/14/12 4667/14/12
f 4670/14/12 4690/14/12 4692/14/12
f 4660/14/12 4667/14/12 4670/14/12
f 4670/14/12 4692/14/12 4674/14/12
f 4667/14/12 4660/14/12 4668/14/12
f 4674/14/12 4692/14/12 4657/14/12
f 4668/14/12 4660/14/12 4657/14/12
f 4668/14/12 4657/14/12 4692/14/12
f 4653/14/12 4685/14/12 4654/14/12
f 4685/14/12 4653/14/12 4712/14/12
f 4704/14/12 4654/14/12 4685/14/12
f 4685/14/12 4712/14/12 4687/14/12
f 4654/14/12 4704/14/12 4664/14/12
f 4687/14/12 4712/14/12 4699/14/12
f 4664/14/12 4704/14/12 4699/14/12
f 4664/14/12 4699/14/12 4712/14/12
f 4675/9/12 4713/9/12 4676/9/12
f 4713/9/12 4675/9/12 4693/9/12
f 4702/9/12 4708/9/12 4705/9/12
f 4708/9/12 4702/9/12 4701/9/12
f 4688/9/12 4681/9/12 4679/9/12
f 4681/9/12 4688/9/12 4697/9/12
f 4696/9/12 4656/9/12 4677/9/12
f 4656/9/12 4696/9/12 4655/9/12
f 4671/9/12 4661/9/12 4669/9/12
f 4661/9/12 4671/9/12 4662/9/12
f 4684/9/12 4703/9/12 4683/9/12
f 4703/9/12 4684/9/12 4714/9/12
f 4642/13/19 4640/13/19 4641/13/19
f 4717/13/7 4716/13/7 4715/13/7
f 4642/13/32 4716/13/32 4717/13/32
f 4716/13/32 4642/13/32 4641/13/32
f 4640/12/23 4716/13/23 4641/13/23
f 4716/13/23 4640/12/23 4715/12/23
f 4720/12/7 4719/12/7 4718/12/7
f 4719/12/7 4720/12/7 4721/12/7
f 4640/12/711 4723/12/711 4722/12/711
f 4642/12/711 4723/12/711 4640/12/711
f 4717/12/711 4723/12/711 4642/12/711
f 4717/12/711 4721/12/711 4723/12/711
f 4721/12/711 4717/12/711 4719/12/711
f 4715/12/711 4719/12/711 4717/12/711
f 4720/12/712 4723/12/712 4721/12/712
f 4723/12/712 4720/12/712 4724/12/712
f 4723/12/19 4725/12/19 4722/12/19
f 4725/12/19 4723/12/19 4724/12/19
f 4725/12/23 4640/12/23 4722/12/23
f 4640/12/23 4725/12/23 4715/12/23
f 4715/12/23 4725/12/23 4719/12/23
f 4719/12/23 4725/12/23 4718/12/23
f 4725/12/713 4720/12/713 4718/12/713
f 4720/12/713 4725/12/713 4724/12/713
f 4728/13/19 4727/13/19 4726/13/19
f 4731/13/7 4730/13/7 4729/13/7
f 4728/13/32 4730/13/32 4731/13/32
f 4730/13/32 4728/13/32 4726/13/32
f 4727/12/23 4730/13/23 4726/13/23
f 4730/13/23 4727/12/23 4729/12/23
f 4734/12/7 4733/12/7 4732/12/7
f 4733/12/7 4734/12/7 4735/12/7
f 4727/12/711 4737/12/711 4736/12/711
f 4728/12/711 4737/12/711 4727/12/711
f 4731/12/711 4737/12/711 4728/12/711
f 4731/12/711 4735/12/711 4737/12/711
f 4735/12/711 4731/12/711 4733/12/711
f 4729/12/711 4733/12/711 4731/12/711
f 4734/12/712 4737/12/712 4735/12/712
f 4737/12/712 4734/12/712 4738/12/712
f 4737/12/19 4739/12/19 4736/12/19
f 4739/12/19 4737/12/19 4738/12/19
f 4739/12/23 4727/12/23 4736/12/23
f 4727/12/23 4739/12/23 4729/12/23
f 4729/12/23 4739/12/23 4733/12/23
f 4733/12/23 4739/12/23 4732/12/23
f 4739/12/713 4734/12/713 4732/12/713
f 4734/12/713 4739/12/713 4738/12/713
f 4742/14/19 4741/14/19 4740/14/19
f 4741/14/19 4742/14/19 4743/14/19
f 4746/14/7 4745/14/7 4744/14/7
f 4745/14/7 4746/14/7 4747/14/7
f 4750/14/8 4749/14/8 4748/14/8
f 4749/14/8 4750/14/8 4751/14/8
f 4754/14/19 4753/14/19 4752/14/19
f 4753/14/19 4754/14/19 4755/14/19
f 4747/14/12 4742/14/12 4745/14/12
f 4742/14/12 4747/14/12 4743/14/12
f 4743/14/12 4747/14/12 4756/14/12
f 4743/14/12 4756/14/12 4757/14/12
f 4757/14/12 4756/14/12 4755/14/12
f 4754/14/12 4757/14/12 4755/14/12
f 4757/14/12 4754/14/12 4758/14/12
f 4755/14/12 4756/14/12 4759/14/12
f 4759/14/12 4756/14/12 4760/14/12
f 4759/14/12 4760/14/12 4761/14/12
f 4761/14/12 4760/14/12 4762/14/12
f 4761/14/12 4762/14/12 4763/14/12
f 4763/14/12 4762/14/12 4764/14/12
f 4763/14/12 4764/14/12 4765/14/12
f 4765/14/12 4764/14/12 4766/14/12
f 4765/14/12 4766/14/12 4767/14/12
f 4767/14/12 4766/14/12 4768/14/12
f 4767/14/12 4768/14/12 4769/14/12
f 4769/14/12 4768/14/12 4770/14/12
f 4769/14/12 4770/14/12 4771/14/12
f 4771/14/12 4770/14/12 4772/14/12
f 4771/14/12 4772/14/12 4773/14/12
f 4773/14/12 4772/14/12 4774/14/12
f 4773/14/12 4774/14/12 4775/14/12
f 4775/14/12 4774/14/12 4776/14/12
f 4775/14/12 4776/14/12 4777/14/12
f 4777/14/12 4776/14/12 4778/14/12
f 4777/14/12 4778/14/12 4779/14/12
f 4779/14/12 4778/14/12 4749/14/12
f 4779/14/12 4749/14/12 4751/14/12
f 4742/14/32 4740/14/32 4745/14/32
f 4740/14/32 4744/14/32 4745/14/32
f 4744/14/32 4740/14/32 4752/14/32
f 4752/14/32 4740/14/32 4780/14/32
f 4752/14/32 4780/14/32 4758/14/32
f 4752/14/32 4758/14/32 4754/14/32
f 4755/14/745 4781/14/716 4753/14/746
f 4781/14/716 4755/14/745 4759/14/747
f 4759/14/747 4782/14/748 4781/14/716
f 4782/14/748 4759/14/747 4761/14/749
f 4761/14/749 4783/14/750 4782/14/748
f 4783/14/750 4761/14/749 4763/14/750
f 4763/14/750 4784/14/719 4783/14/750
f 4784/14/719 4763/14/750 4765/14/719
f 4765/14/719 4785/14/720 4784/14/719
f 4785/14/720 4765/14/719 4767/14/751
f 4757/14/7 4780/14/7 4786/14/7
f 4780/14/7 4757/14/7 4758/14/7
f 4743/14/32 4786/14/32 4741/14/32
f 4786/14/32 4743/14/32 4757/14/32
f 4788/14/722 4773/14/723 4787/14/723
f 4773/14/723 4788/14/722 4771/14/722
f 4789/14/752 4751/14/726 4750/14/753
f 4751/14/726 4789/14/752 4779/14/754
f 4791/14/755 4776/14/756 4790/14/728
f 4776/14/756 4791/14/755 4778/14/757
f 4787/14/723 4775/14/758 4792/14/729
f 4775/14/758 4787/14/723 4773/14/723
f 4793/14/759 4779/14/754 4789/14/752
f 4779/14/754 4793/14/759 4777/14/730
f 4790/14/728 4774/14/731 4794/14/760
f 4774/14/731 4790/14/728 4776/14/756
f 4764/14/732 4796/14/761 4795/14/732
f 4796/14/761 4764/14/732 4762/14/761
f 4798/14/734 4770/14/735 4797/14/735
f 4770/14/735 4798/14/734 4772/14/734
f 4792/14/729 4777/14/730 4793/14/759
f 4777/14/730 4792/14/729 4775/14/758
f 4762/14/761 4799/14/762 4796/14/761
f 4799/14/762 4762/14/761 4760/14/763
f 4800/14/737 4771/14/722 4788/14/722
f 4771/14/722 4800/14/737 4769/14/764
f 4748/14/738 4778/14/757 4791/14/755
f 4778/14/727 4748/14/765 4749/14/765
f 4766/14/766 4795/14/732 4801/14/767
f 4795/14/732 4766/14/766 4764/14/732
f 4767/14/751 4800/14/737 4785/14/720
f 4800/14/737 4767/14/751 4769/14/764
f 4756/14/741 4746/14/768 4802/14/769
f 4746/14/768 4756/14/741 4747/14/770
f 4768/14/743 4801/14/767 4803/14/771
f 4801/14/767 4768/14/743 4766/14/766
f 4760/14/763 4802/14/769 4799/14/762
f 4802/14/769 4760/14/763 4756/14/741
f 4797/14/735 4768/14/743 4803/14/771
f 4768/14/743 4797/14/735 4770/14/735
f 4794/14/760 4772/14/734 4798/14/734
f 4772/14/734 4794/14/760 4774/14/731
f 4740/14/12 4804/9/12 4780/14/12
f 4804/9/12 4740/14/12 4741/14/12
f 4805/9/12 4780/14/12 4804/9/12
f 4780/14/12 4805/9/12 4786/14/12
f 4804/9/12 4741/14/12 4806/9/12
f 4786/14/12 4805/9/12 4807/9/12
f 4806/9/12 4808/9/12 4807/9/12
f 4806/9/12 4741/14/12 4808/9/12
f 4809/9/12 4807/9/12 4808/9/12
f 4786/14/12 4807/9/12 4809/9/12
f 4808/9/12 4741/14/12 4810/9/12
f 4786/14/12 4809/9/12 4811/9/12
f 4810/9/12 4741/14/12 4811/9/12
f 4786/14/12 4811/9/12 4741/14/12
f 4810/9/12 4809/9/12 4808/9/12
f 4809/9/12 4810/9/12 4811/9/12
f 4806/9/12 4805/9/12 4804/9/12
f 4805/9/12 4806/9/12 4807/9/12
f 4731/10/32 4598/10/32 4600/10/32
f 4598/10/32 4731/10/32 4730/10/32
f 4729/12/23 4598/10/23 4730/10/23
f 4598/10/23 4729/12/23 4599/12/23
f 4814/12/7 4813/12/7 4812/12/7
f 4813/12/7 4814/12/7 4815/12/7
f 4729/12/711 4817/12/711 4816/12/711
f 4731/12/711 4817/12/711 4729/12/711
f 4600/12/711 4817/12/711 4731/12/711
f 4600/12/711 4815/12/711 4817/12/711
f 4815/12/711 4600/12/711 4813/12/711
f 4599/12/711 4813/12/711 4600/12/711
f 4814/12/712 4817/12/712 4815/12/712
f 4817/12/712 4814/12/712 4818/12/712
f 4817/12/19 4819/12/19 4816/12/19
f 4819/12/19 4817/12/19 4818/12/19
f 4819/12/23 4729/12/23 4816/12/23
f 4729/12/23 4819/12/23 4599/12/23
f 4599/12/23 4819/12/23 4813/12/23
f 4813/12/23 4819/12/23 4812/12/23
f 4819/12/713 4814/12/713 4812/12/713
f 4814/12/713 4819/12/713 4818/12/713
f 4726/13/32 4820/13/32 4730/13/32
f 4820/13/32 4726/13/32 4821/13/32
f 4726/13/19 4822/13/19 4821/13/19
f 4822/13/19 4726/13/19 4727/13/19
f 4822/13/23 4820/13/23 4821/13/23
f 4820/13/23 4822/13/23 4823/13/23
f 4729/13/12 4726/13/12 4730/13/12
f 4726/13/12 4729/13/12 4727/13/12
f 4729/13/7 4820/13/7 4823/13/7
f 4820/13/7 4729/13/7 4730/13/7
f 4822/13/8 4729/13/8 4823/13/8
f 4729/13/8 4822/13/8 4727/13/8
f 4727/13/19 4825/13/19 4822/13/19
f 4727/13/32 4823/13/32 4729/13/32
f 4823/13/32 4727/13/32 4822/13/32
f 4828/12/714 4827/12/714 4826/12/714
f 4827/12/714 4828/12/714 4829/12/714
f 4827/12/713 4831/12/713 4830/12/713
f 4831/12/713 4827/12/713 4829/12/713
f 4827/12/7 4832/12/7 4826/12/7
f 4832/12/7 4827/12/7 4833/12/7
f 4833/12/7 4827/12/7 4830/12/7
f 4833/12/7 4830/12/7 4834/12/7
f 4834/12/712 4831/12/712 4835/12/712
f 4831/12/712 4834/12/712 4830/12/712
f 4828/12/711 4832/12/711 4836/12/711
f 4832/12/711 4828/12/711 4826/12/711
f 4824/12/712 4823/12/712 4833/12/712
f 4823/12/712 4832/12/712 4833/12/712
f 4832/12/712 4823/12/712 4836/12/712
f 4836/12/712 4823/12/712 4822/12/712
f 4836/12/712 4822/12/712 4837/12/712
f 4837/12/712 4822/12/712 4825/12/712
f 4836/12/19 4829/12/19 4828/12/19
f 4829/12/19 4836/12/19 4837/12/19
f 4829/12/19 4837/12/19 4835/12/19
f 4829/12/19 4835/12/19 4831/12/19
f 4825/12/711 4835/12/711 4837/12/711
f 4727/12/711 4835/12/711 4825/12/711
f 4729/12/711 4835/12/711 4727/12/711
f 4729/12/711 4834/12/711 4835/12/711
f 4834/12/711 4729/12/711 4833/12/711
f 4824/12/711 4833/12/711 4729/12/711
f 4838/13/7 4823/13/7 4820/13/7
f 4839/13/19 4821/13/19 4822/13/19
f 4838/13/32 4821/13/32 4839/13/32
f 4821/13/32 4838/13/32 4820/13/32
f 4823/12/12 4821/13/12 4820/13/12
f 4821/13/12 4823/12/12 4822/12/12
f 4842/12/19 4841/12/19 4840/12/19
f 4841/12/19 4842/12/19 4843/12/19
f 4823/12/712 4845/12/712 4844/12/712
f 4838/12/712 4845/12/712 4823/12/712
f 4839/12/712 4845/12/712 4838/12/712
f 4839/12/712 4843/12/712 4845/12/712
f 4843/12/712 4839/12/712 4841/12/712
f 4822/12/712 4841/12/712 4839/12/712
f 4842/12/711 4845/12/711 4843/12/711
f 4845/12/711 4842/12/711 4846/12/711
f 4845/12/7 4847/12/7 4844/12/7
f 4847/12/7 4845/12/7 4846/12/7
f 4847/12/12 4823/12/12 4844/12/12
f 4823/12/12 4847/12/12 4822/12/12
f 4822/12/12 4847/12/12 4841/12/12
f 4841/12/12 4847/12/12 4840/12/12
f 4847/12/714 4842/12/714 4840/12/714
f 4842/12/714 4847/12/714 4846/12/714
f 4729/10/19 4824/10/19 4823/10/19
f 4729/10/32 4614/10/32 4599/10/32
f 4614/10/32 4729/10/32 4823/10/32
f 4850/12/714 4849/12/714 4848/12/714
f 4849/12/714 4850/12/714 4851/12/714
f 4849/12/713 4853/12/713 4852/12/713
f 4853/12/713 4849/12/713 4851/12/713
f 4849/12/7 4854/12/7 4848/12/7
f 4854/12/7 4849/12/7 4855/12/7
f 4855/12/7 4849/12/7 4852/12/7
f 4855/12/7 4852/12/7 4856/12/7
f 4856/12/712 4853/12/712 4857/12/712
f 4853/12/712 4856/12/712 4852/12/712
f 4850/12/711 4854/12/711 4858/12/711
f 4854/12/711 4850/12/711 4848/12/711
f 4615/12/712 4614/12/712 4855/12/712
f 4614/12/712 4854/12/712 4855/12/712
f 4854/12/712 4614/12/712 4858/12/712
f 4858/12/712 4614/12/712 4823/12/712
f 4858/12/712 4823/12/712 4859/12/712
f 4859/12/712 4823/12/712 4824/12/712
f 4858/12/19 4851/12/19 4850/12/19
f 4851/12/19 4858/12/19 4859/12/19
f 4851/12/19 4859/12/19 4857/12/19
f 4851/12/19 4857/12/19 4853/12/19
f 4824/12/711 4857/12/711 4859/12/711
f 4729/12/711 4857/12/711 4824/12/711
f 4599/12/711 4857/12/711 4729/12/711
f 4599/12/711 4856/12/711 4857/12/711
f 4856/12/711 4599/12/711 4855/12/711
f 4615/12/711 4855/12/711 4599/12/711
f 4631/13/7 4614/13/7 4630/13/7
f 4631/13/32 4820/13/32 4838/13/32
f 4820/13/32 4631/13/32 4630/13/32
f 4614/12/12 4820/13/12 4630/13/12
f 4820/13/12 4614/12/12 4823/12/12
f 4862/12/19 4861/12/19 4860/12/19
f 4861/12/19 4862/12/19 4863/12/19
f 4614/12/712 4865/12/712 4864/12/712
f 4631/12/712 4865/12/712 4614/12/712
f 4838/12/712 4865/12/712 4631/12/712
f 4838/12/712 4863/12/712 4865/12/712
f 4863/12/712 4838/12/712 4861/12/712
f 4823/12/712 4861/12/712 4838/12/712
f 4862/12/711 4865/12/711 4863/12/711
f 4865/12/711 4862/12/711 4866/12/711
f 4865/12/7 4867/12/7 4864/12/7
f 4867/12/7 4865/12/7 4866/12/7
f 4867/12/12 4614/12/12 4864/12/12
f 4614/12/12 4867/12/12 4823/12/12
f 4823/12/12 4867/12/12 4861/12/12
f 4861/12/12 4867/12/12 4860/12/12
f 4867/12/714 4862/12/714 4860/12/714
f 4862/12/714 4867/12/714 4866/12/714
f 4870/13/32 4628/13/32 4629/13/32
f 4628/13/32 4870/13/32 4868/13/32
f 4869/12/12 4628/13/12 4868/13/12
f 4628/13/12 4869/12/12 4613/12/12
f 4873/12/19 4872/12/19 4871/12/19
f 4872/12/19 4873/12/19 4874/12/19
f 4869/12/712 4876/12/712 4875/12/712
f 4870/12/712 4876/12/712 4869/12/712
f 4629/12/712 4876/12/712 4870/12/712
f 4629/12/712 4874/12/712 4876/12/712
f 4874/12/712 4629/12/712 4872/12/712
f 4613/12/712 4872/12/712 4629/12/712
f 4873/12/711 4876/12/711 4874/12/711
f 4876/12/711 4873/12/711 4877/12/711
f 4876/12/7 4878/12/7 4875/12/7
f 4878/12/7 4876/12/7 4877/12/7
f 4878/12/12 4869/12/12 4875/12/12
f 4869/12/12 4878/12/12 4613/12/12
f 4613/12/12 4878/12/12 4872/12/12
f 4872/12/12 4878/12/12 4871/12/12
f 4878/12/714 4873/12/714 4871/12/714
f 4873/12/714 4878/12/714 4877/12/714
f 4640/13/7 4869/13/7 4879/13/7
f 4601/13/19 4612/13/19 4613/13/19
f 4601/13/32 4869/13/32 4640/13/32
f 4869/13/32 4601/13/32 4613/13/32
f 4882/12/714 4881/12/714 4880/12/714
f 4881/12/714 4882/12/714 4883/12/714
f 4881/12/713 4885/12/713 4884/12/713
f 4885/12/713 4881/12/713 4883/12/713
f 4881/12/7 4886/12/7 4880/12/7
f 4886/12/7 4881/12/7 4887/12/7
f 4887/12/7 4881/12/7 4884/12/7
f 4887/12/7 4884/12/7 4888/12/7
f 4888/12/712 4885/12/712 4889/12/712
f 4885/12/712 4888/12/712 4884/12/712
f 4882/12/711 4886/12/711 4890/12/711
f 4886/12/711 4882/12/711 4880/12/711
f 4879/12/712 4869/12/712 4887/12/712
f 4869/12/712 4886/12/712 4887/12/712
f 4886/12/712 4869/12/712 4890/12/712
f 4890/12/712 4869/12/712 4613/12/712
f 4890/12/712 4613/12/712 4891/12/712
f 4891/12/712 4613/12/712 4612/12/712
f 4890/12/19 4883/12/19 4882/12/19
f 4883/12/19 4890/12/19 4891/12/19
f 4883/12/19 4891/12/19 4889/12/19
f 4883/12/19 4889/12/19 4885/12/19
f 4612/12/711 4889/12/711 4891/12/711
f 4601/12/711 4889/12/711 4612/12/711
f 4640/12/711 4889/12/711 4601/12/711
f 4640/12/711 4888/12/711 4889/12/711
f 4888/12/711 4640/12/711 4887/12/711
f 4879/12/711 4887/12/711 4640/12/711
f 4641/13/32 4892/13/32 4716/13/32
f 4892/13/32 4641/13/32 4868/13/32
f 4641/13/19 4869/13/19 4868/13/19
f 4869/13/19 4641/13/19 4640/13/19
f 4869/13/23 4892/13/23 4868/13/23
f 4892/13/23 4869/13/23 4893/13/23
f 4715/13/12 4641/13/12 4716/13/12
f 4641/13/12 4715/13/12 4640/13/12
f 4715/13/7 4892/13/7 4893/13/7
f 4892/13/7 4715/13/7 4716/13/7
f 4869/13/8 4715/13/8 4893/13/8
f 4715/13/8 4869/13/8 4640/13/8
f 4896/14/32 4895/14/32 4894/14/32
f 4895/14/32 4896/14/32 4897/14/32
f 4899/13/7 4895/14/7 4898/13/7
f 4895/14/7 4899/13/7 4894/14/7
f 4899/13/12 4896/14/12 4894/14/12
f 4896/14/12 4899/13/12 4900/13/12
f 4896/14/19 4901/13/19 4897/14/19
f 4901/13/19 4896/14/19 4900/13/19
f 4901/13/23 4895/14/23 4897/14/23
f 4895/14/23 4901/13/23 4898/13/23
f 4839/13/23 4898/13/23 4901/13/23
f 4898/13/23 4839/13/23 4902/13/23
f 4839/13/8 4717/13/8 4902/13/8
f 4717/13/8 4839/13/8 4728/13/8
f 4717/13/7 4898/13/7 4902/13/7
f 4898/13/7 4717/13/7 4899/13/7
f 4717/13/12 4900/13/12 4899/13/12
f 4900/13/12 4717/13/12 4728/13/12
f 4900/13/19 4839/13/19 4901/13/19
f 4839/13/19 4900/13/19 4728/13/19
f 4715/13/7 4893/13/7 4903/13/7
f 4640/13/32 4893/13/32 4715/13/32
f 4893/13/32 4640/13/32 4869/13/32
f 4906/12/714 4905/12/714 4904/12/714
f 4905/12/714 4906/12/714 4907/12/714
f 4905/12/713 4909/12/713 4908/12/713
f 4909/12/713 4905/12/713 4907/12/713
f 4905/12/7 4910/12/7 4904/12/7
f 4910/12/7 4905/12/7 4911/12/7
f 4911/12/7 4905/12/7 4908/12/7
f 4911/12/7 4908/12/7 4912/12/7
f 4912/12/712 4909/12/712 4913/12/712
f 4909/12/712 4912/12/712 4908/12/712
f 4906/12/711 4910/12/711 4914/12/711
f 4910/12/711 4906/12/711 4904/12/711
f 4903/12/712 4893/12/712 4911/12/712
f 4893/12/712 4910/12/712 4911/12/712
f 4910/12/712 4893/12/712 4914/12/712
f 4914/12/712 4893/12/712 4869/12/712
f 4914/12/712 4869/12/712 4915/12/712
f 4915/12/712 4869/12/712 4879/12/712
f 4914/12/19 4907/12/19 4906/12/19
f 4907/12/19 4914/12/19 4915/12/19
f 4907/12/19 4915/12/19 4913/12/19
f 4907/12/19 4913/12/19 4909/12/19
f 4879/12/711 4913/12/711 4915/12/711
f 4640/12/711 4913/12/711 4879/12/711
f 4715/12/711 4913/12/711 4640/12/711
f 4715/12/711 4912/12/711 4913/12/711
f 4912/12/711 4715/12/711 4911/12/711
f 4903/12/711 4911/12/711 4715/12/711
f 4902/13/7 4893/13/7 4892/13/7
f 4870/13/19 4868/13/19 4869/13/19
f 4902/13/32 4868/13/32 4870/13/32
f 4868/13/32 4902/13/32 4892/13/32
f 4893/12/12 4868/13/12 4892/13/12
f 4868/13/12 4893/12/12 4869/12/12
f 4918/12/19 4917/12/19 4916/12/19
f 4917/12/19 4918/12/19 4919/12/19
f 4893/12/712 4921/12/712 4920/12/712
f 4902/12/712 4921/12/712 4893/12/712
f 4870/12/712 4921/12/712 4902/12/712
f 4870/12/712 4919/12/712 4921/12/712
f 4919/12/712 4870/12/712 4917/12/712
f 4869/12/712 4917/12/712 4870/12/712
f 4918/12/711 4921/12/711 4919/12/711
f 4921/12/711 4918/12/711 4922/12/711
f 4921/12/7 4923/12/7 4920/12/7
f 4923/12/7 4921/12/7 4922/12/7
f 4923/12/12 4893/12/12 4920/12/12
f 4893/12/12 4923/12/12 4869/12/12
f 4869/12/12 4923/12/12 4917/12/12
f 4917/12/12 4923/12/12 4916/12/12
f 4923/12/714 4918/12/714 4916/12/714
f 4918/12/714 4923/12/714 4922/12/714
f 4926/5/23 4925/5/23 4924/5/23
f 4925/5/23 4926/5/23 4927/5/23
f 4930/5/12 4929/5/12 4928/5/12
f 4929/5/12 4930/5/12 4931/5/12
f 4926/5/8 4930/5/8 4927/5/8
f 4930/5/8 4926/5/8 4931/5/8
f 4930/5/7 4925/5/7 4927/5/7
f 4925/5/7 4930/5/7 4928/5/7
f 4929/5/19 4926/5/19 4924/5/19
f 4926/5/19 4929/5/19 4931/5/19
f 4929/10/32 4925/10/32 4928/10/32
f 4925/10/32 4929/10/32 4924/10/32
f 920/7/12 917/7/12 918/7/12
f 917/7/12 920/7/12 919/7/12
f 917/7/19 4934/7/19 4932/7/19
f 4934/7/19 917/7/19 919/7/19
f 1080/4/8 4935/4/8 1079/4/8
f 4935/4/8 1080/4/8 4933/4/8
f 4938/10/32 4937/10/32 4936/10/32
f 4937/10/32 4938/10/32 4939/10/32
f 4942/10/8 4941/10/8 4940/10/8
f 4941/10/8 4942/10/8 4943/10/8
f 4941/10/7 4938/10/7 4936/10/7
f 4938/10/7 4941/10/7 4943/10/7
f 4938/10/12 4942/10/12 4939/10/12
f 4942/10/12 4938/10/12 4943/10/12
f 4942/10/19 4937/10/19 4939/10/19
f 4937/10/19 4942/10/19 4940/10/19
f 4941/10/23 4937/10/23 4940/10/23
f 4937/10/23 4941/10/23 4936/10/23
f 4946/10/32 4945/10/32 4944/10/32
f 4945/10/32 4946/10/32 4947/10/32
f 4950/10/8 4949/10/8 4948/10/8
f 4949/10/8 4950/10/8 4951/10/8
f 4949/10/7 4946/10/7 4944/10/7
f 4946/10/7 4949/10/7 4951/10/7
f 4946/10/12 4950/10/12 4947/10/12
f 4950/10/12 4946/10/12 4951/10/12
f 4950/10/19 4945/10/19 4947/10/19
f 4945/10/19 4950/10/19 4948/10/19
f 4949/10/23 4945/10/23 4948/10/23
f 4945/10/23 4949/10/23 4944/10/23
f 4954/10/8 4953/10/8 4952/10/8
f 4953/10/8 4954/10/8 4955/10/8
f 4952/10/12 4957/10/12 4956/10/12
f 4957/10/12 4952/10/12 4953/10/12
f 4959/10/23 4954/10/23 4958/10/23
f 4954/10/23 4959/10/23 4955/10/23
f 4957/10/32 4958/10/32 4956/10/32
f 4958/10/32 4957/10/32 4959/10/32
f 4962/10/32 4961/10/32 4960/10/32
f 4961/10/32 4962/10/32 4963/10/32
f 4966/10/8 4965/10/8 4964/10/8
f 4965/10/8 4966/10/8 4967/10/8
f 4965/10/7 4962/10/7 4960/10/7
f 4962/10/7 4965/10/7 4967/10/7
f 4962/10/12 4966/10/12 4963/10/12
f 4966/10/12 4962/10/12 4967/10/12
f 4966/10/19 4961/10/19 4963/10/19
f 4961/10/19 4966/10/19 4964/10/19
f 4965/10/23 4961/10/23 4964/10/23
f 4961/10/23 4965/10/23 4960/10/23
f 4970/10/32 4969/10/32 4968/10/32
f 4969/10/32 4970/10/32 4971/10/32
f 4974/10/8 4973/10/8 4972/10/8
f 4973/10/8 4974/10/8 4975/10/8
f 4973/10/7 4970/10/7 4968/10/7
f 4970/10/7 4973/10/7 4975/10/7
f 4970/10/12 4974/10/12 4971/10/12
f 4974/10/12 4970/10/12 4975/10/12
f 4974/10/19 4969/10/19 4971/10/19
f 4969/10/19 4974/10/19 4972/10/19
f 4973/10/23 4969/10/23 4972/10/23
f 4969/10/23 4973/10/23 4968/10/23
f 4978/10/8 4977/10/8 4976/10/8
f 4977/10/8 4978/10/8 4979/10/8
f 4976/10/12 4981/10/12 4980/10/12
f 4981/10/12 4976/10/12 4977/10/12
f 4983/10/23 4978/10/23 4982/10/23
f 4978/10/23 4983/10/23 4979/10/23
f 4981/10/32 4982/10/32 4980/10/32
f 4982/10/32 4981/10/32 4983/10/32
f 4986/10/32 4985/10/32 4984/10/32
f 4985/10/32 4986/10/32 4987/10/32
f 4990/10/8 4989/10/8 4988/10/8
f 4989/10/8 4990/10/8 4991/10/8
f 4989/10/7 4986/10/7 4984/10/7
f 4986/10/7 4989/10/7 4991/10/7
f 4986/10/12 4990/10/12 4987/10/12
f 4990/10/12 4986/10/12 4991/10/12
f 4990/10/19 4985/10/19 4987/10/19
f 4985/10/19 4990/10/19 4988/10/19
f 4989/10/23 4985/10/23 4988/10/23
f 4985/10/23 4989/10/23 4984/10/23
f 4994/10/32 4993/10/32 4992/10/32
f 4993/10/32 4994/10/32 4995/10/32
f 4998/10/8 4997/10/8 4996/10/8
f 4997/10/8 4998/10/8 4999/10/8
f 4997/10/7 4994/10/7 4992/10/7
f 4994/10/7 4997/10/7 4999/10/7
f 4994/10/12 4998/10/12 4995/10/12
f 4998/10/12 4994/10/12 4999/10/12
f 4998/10/19 4993/10/19 4995/10/19
f 4993/10/19 4998/10/19 4996/10/19
f 4997/10/23 4993/10/23 4996/10/23
f 4993/10/23 4997/10/23 4992/10/23
f 5002/10/8 5001/10/8 5000/10/8
f 5001/10/8 5002/10/8 5003/10/8
f 5000/10/12 5005/10/12 5004/10/12
f 5005/10/12 5000/10/12 5001/10/12
f 5007/10/23 5002/10/23 5006/10/23
f 5002/10/23 5007/10/23 5003/10/23
f 5005/10/32 5006/10/32 5004/10/32
f 5006/10/32 5005/10/32 5007/10/32
f 5009/10/32 4992/10/32 5008/10/32
f 4992/10/32 5009/10/32 4994/10/32
f 4999/10/8 5010/10/8 4997/10/8
f 5010/10/8 4999/10/8 5011/10/8
f 5010/10/7 5009/10/7 5008/10/7
f 5009/10/7 5010/10/7 5011/10/7
f 5009/10/12 4999/10/12 4994/10/12
f 4999/10/12 5009/10/12 5011/10/12
f 4999/10/19 4992/10/19 4994/10/19
f 4992/10/19 4999/10/19 4997/10/19
f 5010/10/23 4992/10/23 4997/10/23
f 4992/10/23 5010/10/23 5008/10/23
f 5014/10/32 5013/10/32 5012/10/32
f 5013/10/32 5014/10/32 5015/10/32
f 5018/10/8 5017/10/8 5016/10/8
f 5017/10/8 5018/10/8 5019/10/8
f 5017/10/7 5014/10/7 5012/10/7
f 5014/10/7 5017/10/7 5019/10/7
f 5014/10/12 5018/10/12 5015/10/12
f 5018/10/12 5014/10/12 5019/10/12
f 5018/10/19 5013/10/19 5015/10/19
f 5013/10/19 5018/10/19 5016/10/19
f 5017/10/23 5013/10/23 5016/10/23
f 5013/10/23 5017/10/23 5012/10/23
f 5022/10/8 5021/10/8 5020/10/8
f 5021/10/8 5022/10/8 5023/10/8
f 5020/10/12 5025/10/12 5024/10/12
f 5025/10/12 5020/10/12 5021/10/12
f 5027/10/23 5022/10/23 5026/10/23
f 5022/10/23 5027/10/23 5023/10/23
f 5025/10/32 5026/10/32 5024/10/32
f 5026/10/32 5025/10/32 5027/10/32
f 5030/10/32 5029/10/32 5028/10/32
f 5029/10/32 5030/10/32 5031/10/32
f 5034/10/8 5033/10/8 5032/10/8
f 5033/10/8 5034/10/8 5035/10/8
f 5033/10/7 5030/10/7 5028/10/7
f 5030/10/7 5033/10/7 5035/10/7
f 5030/10/12 5034/10/12 5031/10/12
f 5034/10/12 5030/10/12 5035/10/12
f 5034/10/19 5029/10/19 5031/10/19
f 5029/10/19 5034/10/19 5032/10/19
f 5033/10/23 5029/10/23 5032/10/23
f 5029/10/23 5033/10/23 5028/10/23
f 5038/10/32 5037/10/32 5036/10/32
f 5037/10/32 5038/10/32 5039/10/32
f 5042/10/8 5041/10/8 5040/10/8
f 5041/10/8 5042/10/8 5043/10/8
f 5041/10/7 5038/10/7 5036/10/7
f 5038/10/7 5041/10/7 5043/10/7
f 5038/10/12 5042/10/12 5039/10/12
f 5042/10/12 5038/10/12 5043/10/12
f 5042/10/19 5037/10/19 5039/10/19
f 5037/10/19 5042/10/19 5040/10/19
f 5041/10/23 5037/10/23 5040/10/23
f 5037/10/23 5041/10/23 5036/10/23
f 5046/10/8 5045/10/8 5044/10/8
f 5045/10/8 5046/10/8 5047/10/8
f 5044/10/12 5049/10/12 5048/10/12
f 5049/10/12 5044/10/12 5045/10/12
f 5051/10/23 5046/10/23 5050/10/23
f 5046/10/23 5051/10/23 5047/10/23
f 5049/10/32 5050/10/32 5048/10/32
f 5050/10/32 5049/10/32 5051/10/32
f 5053/10/32 5036/10/32 5052/10/32
f 5036/10/32 5053/10/32 5038/10/32
f 5043/10/8 5054/10/8 5041/10/8
f 5054/10/8 5043/10/8 5055/10/8
f 5054/10/7 5053/10/7 5052/10/7
f 5053/10/7 5054/10/7 5055/10/7
f 5053/10/12 5043/10/12 5038/10/12
f 5043/10/12 5053/10/12 5055/10/12
f 5043/10/19 5036/10/19 5038/10/19
f 5036/10/19 5043/10/19 5041/10/19
f 5054/10/23 5036/10/23 5041/10/23
f 5036/10/23 5054/10/23 5052/10/23
f 5058/10/32 5057/10/32 5056/10/32
f 5057/10/32 5058/10/32 5059/10/32
f 5062/10/8 5061/10/8 5060/10/8
f 5061/10/8 5062/10/8 5063/10/8
f 5061/10/7 5058/10/7 5056/10/7
f 5058/10/7 5061/10/7 5063/10/7
f 5058/10/12 5062/10/12 5059/10/12
f 5062/10/12 5058/10/12 5063/10/12
f 5062/10/19 5057/10/19 5059/10/19
f 5057/10/19 5062/10/19 5060/10/19
f 5061/10/23 5057/10/23 5060/10/23
f 5057/10/23 5061/10/23 5056/10/23
f 5066/10/8 5065/10/8 5064/10/8
f 5065/10/8 5066/10/8 5067/10/8
f 5064/10/12 5069/10/12 5068/10/12
f 5069/10/12 5064/10/12 5065/10/12
f 5071/10/23 5066/10/23 5070/10/23
f 5066/10/23 5071/10/23 5067/10/23
f 5069/10/32 5070/10/32 5068/10/32
f 5070/10/32 5069/10/32 5071/10/32
f 5073/10/32 5056/10/32 5072/10/32
f 5056/10/32 5073/10/32 5058/10/32
f 5063/10/8 5074/10/8 5061/10/8
f 5074/10/8 5063/10/8 5075/10/8
f 5074/10/7 5073/10/7 5072/10/7
f 5073/10/7 5074/10/7 5075/10/7
f 5073/10/12 5063/10/12 5058/10/12
f 5063/10/12 5073/10/12 5075/10/12
f 5063/10/19 5056/10/19 5058/10/19
f 5056/10/19 5063/10/19 5061/10/19
f 5074/10/23 5056/10/23 5061/10/23
f 5056/10/23 5074/10/23 5072/10/23
f 5078/10/32 5077/10/32 5076/10/32
f 5077/10/32 5078/10/32 5079/10/32
f 5082/10/8 5081/10/8 5080/10/8
f 5081/10/8 5082/10/8 5083/10/8
f 5081/10/7 5078/10/7 5076/10/7
f 5078/10/7 5081/10/7 5083/10/7
f 5078/10/12 5082/10/12 5079/10/12
f 5082/10/12 5078/10/12 5083/10/12
f 5082/10/19 5077/10/19 5079/10/19
f 5077/10/19 5082/10/19 5080/10/19
f 5081/10/23 5077/10/23 5080/10/23
f 5077/10/23 5081/10/23 5076/10/23
f 5086/10/8 5085/10/8 5084/10/8
f 5085/10/8 5086/10/8 5087/10/8
f 5084/10/12 5089/10/12 5088/10/12
f 5089/10/12 5084/10/12 5085/10/12
f 5091/10/23 5086/10/23 5090/10/23
f 5086/10/23 5091/10/23 5087/10/23
f 5089/10/32 5090/10/32 5088/10/32
f 5090/10/32 5089/10/32 5091/10/32
f 5093/10/32 5076/10/32 5092/10/32
f 5076/10/32 5093/10/32 5078/10/32
f 5083/10/8 5094/10/8 5081/10/8
f 5094/10/8 5083/10/8 5095/10/8
f 5094/10/7 5093/10/7 5092/10/7
f 5093/10/7 5094/10/7 5095/10/7
f 5093/10/12 5083/10/12 5078/10/12
f 5083/10/12 5093/10/12 5095/10/12
f 5083/10/19 5076/10/19 5078/10/19
f 5076/10/19 5083/10/19 5081/10/19
f 5094/10/23 5076/10/23 5081/10/23
f 5076/10/23 5094/10/23 5092/10/23
f 5098/10/32 5097/10/32 5096/10/32
f 5097/10/32 5098/10/32 5099/10/32
f 5102/10/8 5101/10/8 5100/10/8
f 5101/10/8 5102/10/8 5103/10/8
f 5101/10/7 5098/10/7 5096/10/7
f 5098/10/7 5101/10/7 5103/10/7
f 5098/10/12 5102/10/12 5099/10/12
f 5102/10/12 5098/10/12 5103/10/12
f 5102/10/19 5097/10/19 5099/10/19
f 5097/10/19 5102/10/19 5100/10/19
f 5101/10/23 5097/10/23 5100/10/23
f 5097/10/23 5101/10/23 5096/10/23
f 5106/10/8 5105/10/8 5104/10/8
f 5105/10/8 5106/10/8 5107/10/8
f 5104/10/12 5109/10/12 5108/10/12
f 5109/10/12 5104/10/12 5105/10/12
f 5111/10/23 5106/10/23 5110/10/23
f 5106/10/23 5111/10/23 5107/10/23
f 5109/10/32 5110/10/32 5108/10/32
f 5110/10/32 5109/10/32 5111/10/32
f 5113/10/32 5096/10/32 5112/10/32
f 5096/10/32 5113/10/32 5098/10/32
f 5103/10/8 5114/10/8 5101/10/8
f 5114/10/8 5103/10/8 5115/10/8
f 5114/10/7 5113/10/7 5112/10/7
f 5113/10/7 5114/10/7 5115/10/7
f 5113/10/12 5103/10/12 5098/10/12
f 5103/10/12 5113/10/12 5115/10/12
f 5103/10/19 5096/10/19 5098/10/19
f 5096/10/19 5103/10/19 5101/10/19
f 5114/10/23 5096/10/23 5101/10/23
f 5096/10/23 5114/10/23 5112/10/23
f 5118/10/32 5117/10/32 5116/10/32
f 5117/10/32 5118/10/32 5119/10/32
f 5122/10/8 5121/10/8 5120/10/8
f 5121/10/8 5122/10/8 5123/10/8
f 5121/10/7 5118/10/7 5116/10/7
f 5118/10/7 5121/10/7 5123/10/7
f 5118/10/12 5122/10/12 5119/10/12
f 5122/10/12 5118/10/12 5123/10/12
f 5122/10/19 5117/10/19 5119/10/19
f 5117/10/19 5122/10/19 5120/10/19
f 5121/10/23 5117/10/23 5120/10/23
f 5117/10/23 5121/10/23 5116/10/23
f 5126/10/8 5125/10/8 5124/10/8
f 5125/10/8 5126/10/8 5127/10/8
f 5124/10/12 5129/10/12 5128/10/12
f 5129/10/12 5124/10/12 5125/10/12
f 5131/10/23 5126/10/23 5130/10/23
f 5126/10/23 5131/10/23 5127/10/23
f 5129/10/32 5130/10/32 5128/10/32
f 5130/10/32 5129/10/32 5131/10/32
f 5133/10/32 5116/10/32 5132/10/32
f 5116/10/32 5133/10/32 5118/10/32
f 5123/10/8 5134/10/8 5121/10/8
f 5134/10/8 5123/10/8 5135/10/8
f 5134/10/7 5133/10/7 5132/10/7
f 5133/10/7 5134/10/7 5135/10/7
f 5133/10/12 5123/10/12 5118/10/12
f 5123/10/12 5133/10/12 5135/10/12
f 5123/10/19 5116/10/19 5118/10/19
f 5116/10/19 5123/10/19 5121/10/19
f 5134/10/23 5116/10/23 5121/10/23
f 5116/10/23 5134/10/23 5132/10/23
f 5138/10/32 5137/10/32 5136/10/32
f 5137/10/32 5138/10/32 5139/10/32
f 5142/10/8 5141/10/8 5140/10/8
f 5141/10/8 5142/10/8 5143/10/8
f 5141/10/7 5138/10/7 5136/10/7
f 5138/10/7 5141/10/7 5143/10/7
f 5138/10/12 5142/10/12 5139/10/12
f 5142/10/12 5138/10/12 5143/10/12
f 5142/10/19 5137/10/19 5139/10/19
f 5137/10/19 5142/10/19 5140/10/19
f 5141/10/23 5137/10/23 5140/10/23
f 5137/10/23 5141/10/23 5136/10/23
f 5146/10/8 5145/10/8 5144/10/8
f 5145/10/8 5146/10/8 5147/10/8
f 5144/10/12 5149/10/12 5148/10/12
f 5149/10/12 5144/10/12 5145/10/12
f 5151/10/23 5146/10/23 5150/10/23
f 5146/10/23 5151/10/23 5147/10/23
f 5149/10/32 5150/10/32 5148/10/32
f 5150/10/32 5149/10/32 5151/10/32
f 5153/10/32 5136/10/32 5152/10/32
f 5136/10/32 5153/10/32 5138/10/32
f 5143/10/8 5154/10/8 5141/10/8
f 5154/10/8 5143/10/8 5155/10/8
f 5154/10/7 5153/10/7 5152/10/7
f 5153/10/7 5154/10/7 5155/10/7
f 5153/10/12 5143/10/12 5138/10/12
f 5143/10/12 5153/10/12 5155/10/12
f 5143/10/19 5136/10/19 5138/10/19
f 5136/10/19 5143/10/19 5141/10/19
f 5154/10/23 5136/10/23 5141/10/23
f 5136/10/23 5154/10/23 5152/10/23
f 5158/10/32 5157/10/32 5156/10/32
f 5157/10/32 5158/10/32 5159/10/32
f 5162/10/8 5161/10/8 5160/10/8
f 5161/10/8 5162/10/8 5163/10/8
f 5161/10/7 5158/10/7 5156/10/7
f 5158/10/7 5161/10/7 5163/10/7
f 5158/10/12 5162/10/12 5159/10/12
f 5162/10/12 5158/10/12 5163/10/12
f 5162/10/19 5157/10/19 5159/10/19
f 5157/10/19 5162/10/19 5160/10/19
f 5161/10/23 5157/10/23 5160/10/23
f 5157/10/23 5161/10/23 5156/10/23
f 5166/10/8 5165/10/8 5164/10/8
f 5165/10/8 5166/10/8 5167/10/8
f 5164/10/12 5169/10/12 5168/10/12
f 5169/10/12 5164/10/12 5165/10/12
f 5171/10/23 5166/10/23 5170/10/23
f 5166/10/23 5171/10/23 5167/10/23
f 5169/10/32 5170/10/32 5168/10/32
f 5170/10/32 5169/10/32 5171/10/32
f 5173/10/32 5156/10/32 5172/10/32
f 5156/10/32 5173/10/32 5158/10/32
f 5163/10/8 5174/10/8 5161/10/8
f 5174/10/8 5163/10/8 5175/10/8
f 5174/10/7 5173/10/7 5172/10/7
f 5173/10/7 5174/10/7 5175/10/7
f 5173/10/12 5163/10/12 5158/10/12
f 5163/10/12 5173/10/12 5175/10/12
f 5163/10/19 5156/10/19 5158/10/19
f 5156/10/19 5163/10/19 5161/10/19
f 5174/10/23 5156/10/23 5161/10/23
f 5156/10/23 5174/10/23 5172/10/23
f 5178/10/32 5177/10/32 5176/10/32
f 5177/10/32 5178/10/32 5179/10/32
f 5182/10/8 5181/10/8 5180/10/8
f 5181/10/8 5182/10/8 5183/10/8
f 5181/10/7 5178/10/7 5176/10/7
f 5178/10/7 5181/10/7 5183/10/7
f 5178/10/12 5182/10/12 5179/10/12
f 5182/10/12 5178/10/12 5183/10/12
f 5182/10/19 5177/10/19 5179/10/19
f 5177/10/19 5182/10/19 5180/10/19
f 5181/10/23 5177/10/23 5180/10/23
f 5177/10/23 5181/10/23 5176/10/23
f 5186/10/8 5185/10/8 5184/10/8
f 5185/10/8 5186/10/8 5187/10/8
f 5184/10/12 5189/10/12 5188/10/12
f 5189/10/12 5184/10/12 5185/10/12
f 5191/10/23 5186/10/23 5190/10/23
f 5186/10/23 5191/10/23 5187/10/23
f 5189/10/32 5190/10/32 5188/10/32
f 5190/10/32 5189/10/32 5191/10/32
f 5193/10/32 5176/10/32 5192/10/32
f 5176/10/32 5193/10/32 5178/10/32
f 5183/10/8 5194/10/8 5181/10/8
f 5194/10/8 5183/10/8 5195/10/8
f 5194/10/7 5193/10/7 5192/10/7
f 5193/10/7 5194/10/7 5195/10/7
f 5193/10/12 5183/10/12 5178/10/12
f 5183/10/12 5193/10/12 5195/10/12
f 5183/10/19 5176/10/19 5178/10/19
f 5176/10/19 5183/10/19 5181/10/19
f 5194/10/23 5176/10/23 5181/10/23
f 5176/10/23 5194/10/23 5192/10/23
f 5198/10/32 5197/10/32 5196/10/32
f 5197/10/32 5198/10/32 5199/10/32
f 5202/10/8 5201/10/8 5200/10/8
f 5201/10/8 5202/10/8 5203/10/8
f 5201/10/7 5198/10/7 5196/10/7
f 5198/10/7 5201/10/7 5203/10/7
f 5198/10/12 5202/10/12 5199/10/12
f 5202/10/12 5198/10/12 5203/10/12
f 5202/10/19 5197/10/19 5199/10/19
f 5197/10/19 5202/10/19 5200/10/19
f 5201/10/23 5197/10/23 5200/10/23
f 5197/10/23 5201/10/23 5196/10/23
f 5206/10/8 5205/10/8 5204/10/8
f 5205/10/8 5206/10/8 5207/10/8
f 5204/10/12 5209/10/12 5208/10/12
f 5209/10/12 5204/10/12 5205/10/12
f 5211/10/23 5206/10/23 5210/10/23
f 5206/10/23 5211/10/23 5207/10/23
f 5209/10/32 5210/10/32 5208/10/32
f 5210/10/32 5209/10/32 5211/10/32
f 5213/10/32 5012/10/32 5212/10/32
f 5012/10/32 5213/10/32 5014/10/32
f 5019/10/8 5214/10/8 5017/10/8
f 5214/10/8 5019/10/8 5215/10/8
f 5214/10/7 5213/10/7 5212/10/7
f 5213/10/7 5214/10/7 5215/10/7
f 5213/10/12 5019/10/12 5014/10/12
f 5019/10/12 5213/10/12 5215/10/12
f 5019/10/19 5012/10/19 5014/10/19
f 5012/10/19 5019/10/19 5017/10/19
f 5214/10/23 5012/10/23 5017/10/23
f 5012/10/23 5214/10/23 5212/10/23
f 5218/10/32 5217/10/32 5216/10/32
f 5217/10/32 5218/10/32 5219/10/32
f 5222/10/8 5221/10/8 5220/10/8
f 5221/10/8 5222/10/8 5223/10/8
f 5221/10/7 5218/10/7 5216/10/7
f 5218/10/7 5221/10/7 5223/10/7
f 5218/10/12 5222/10/12 5219/10/12
f 5222/10/12 5218/10/12 5223/10/12
f 5222/10/19 5217/10/19 5219/10/19
f 5217/10/19 5222/10/19 5220/10/19
f 5221/10/23 5217/10/23 5220/10/23
f 5217/10/23 5221/10/23 5216/10/23
f 5226/10/8 5225/10/8 5224/10/8
f 5225/10/8 5226/10/8 5227/10/8
f 5224/10/12 5229/10/12 5228/10/12
f 5229/10/12 5224/10/12 5225/10/12
f 5231/10/23 5226/10/23 5230/10/23
f 5226/10/23 5231/10/23 5227/10/23
f 5229/10/32 5230/10/32 5228/10/32
f 5230/10/32 5229/10/32 5231/10/32
f 5234/10/32 5233/10/32 5232/10/32
f 5233/10/32 5234/10/32 5235/10/32
f 5238/10/8 5237/10/8 5236/10/8
f 5237/10/8 5238/10/8 5239/10/8
f 5237/10/23 5234/10/23 5232/10/23
f 5234/10/23 5237/10/23 5239/10/23
f 5234/10/7 5238/10/7 5235/10/7
f 5238/10/7 5234/10/7 5239/10/7
f 5238/10/12 5233/10/12 5235/10/12
f 5233/10/12 5238/10/12 5236/10/12
f 5237/10/19 5233/10/19 5236/10/19
f 5233/10/19 5237/10/19 5232/10/19
f 5242/10/32 5241/10/32 5240/10/32
f 5241/10/32 5242/10/32 5243/10/32
f 5246/10/8 5245/10/8 5244/10/8
f 5245/10/8 5246/10/8 5247/10/8
f 5245/10/23 5242/10/23 5240/10/23
f 5242/10/23 5245/10/23 5247/10/23
f 5242/10/7 5246/10/7 5243/10/7
f 5246/10/7 5242/10/7 5247/10/7
f 5246/10/12 5241/10/12 5243/10/12
f 5241/10/12 5246/10/12 5244/10/12
f 5245/10/19 5241/10/19 5244/10/19
f 5241/10/19 5245/10/19 5240/10/19
f 5250/10/8 5249/10/8 5248/10/8
f 5249/10/8 5250/10/8 5251/10/8
f 5248/10/7 5253/10/7 5252/10/7
f 5253/10/7 5248/10/7 5249/10/7
f 5255/10/19 5250/10/19 5254/10/19
f 5250/10/19 5255/10/19 5251/10/19
f 5253/10/32 5254/10/32 5252/10/32
f 5254/10/32 5253/10/32 5255/10/32
f 5257/10/32 5240/10/32 5256/10/32
f 5240/10/32 5257/10/32 5242/10/32
f 5247/10/8 5258/10/8 5245/10/8
f 5258/10/8 5247/10/8 5259/10/8
f 5258/10/23 5257/10/23 5256/10/23
f 5257/10/23 5258/10/23 5259/10/23
f 5257/10/7 5247/10/7 5242/10/7
f 5247/10/7 5257/10/7 5259/10/7
f 5247/10/12 5240/10/12 5242/10/12
f 5240/10/12 5247/10/12 5245/10/12
f 5258/10/19 5240/10/19 5245/10/19
f 5240/10/19 5258/10/19 5256/10/19
f 5262/10/32 5261/10/32 5260/10/32
f 5261/10/32 5262/10/32 5263/10/32
f 5266/10/8 5265/10/8 5264/10/8
f 5265/10/8 5266/10/8 5267/10/8
f 5265/10/23 5262/10/23 5260/10/23
f 5262/10/23 5265/10/23 5267/10/23
f 5262/10/7 5266/10/7 5263/10/7
f 5266/10/7 5262/10/7 5267/10/7
f 5266/10/12 5261/10/12 5263/10/12
f 5261/10/12 5266/10/12 5264/10/12
f 5265/10/19 5261/10/19 5264/10/19
f 5261/10/19 5265/10/19 5260/10/19
f 5270/10/8 5269/10/8 5268/10/8
f 5269/10/8 5270/10/8 5271/10/8
f 5268/10/7 5273/10/7 5272/10/7
f 5273/10/7 5268/10/7 5269/10/7
f 5275/10/19 5270/10/19 5274/10/19
f 5270/10/19 5275/10/19 5271/10/19
f 5273/10/32 5274/10/32 5272/10/32
f 5274/10/32 5273/10/32 5275/10/32
f 5277/10/32 5260/10/32 5276/10/32
f 5260/10/32 5277/10/32 5262/10/32
f 5267/10/8 5278/10/8 5265/10/8
f 5278/10/8 5267/10/8 5279/10/8
f 5278/10/23 5277/10/23 5276/10/23
f 5277/10/23 5278/10/23 5279/10/23
f 5277/10/7 5267/10/7 5262/10/7
f 5267/10/7 5277/10/7 5279/10/7
f 5267/10/12 5260/10/12 5262/10/12
f 5260/10/12 5267/10/12 5265/10/12
f 5278/10/19 5260/10/19 5265/10/19
f 5260/10/19 5278/10/19 5276/10/19
f 5282/10/32 5281/10/32 5280/10/32
f 5281/10/32 5282/10/32 5283/10/32
f 5286/10/8 5285/10/8 5284/10/8
f 5285/10/8 5286/10/8 5287/10/8
f 5285/10/23 5282/10/23 5280/10/23
f 5282/10/23 5285/10/23 5287/10/23
f 5282/10/7 5286/10/7 5283/10/7
f 5286/10/7 5282/10/7 5287/10/7
f 5286/10/12 5281/10/12 5283/10/12
f 5281/10/12 5286/10/12 5284/10/12
f 5285/10/19 5281/10/19 5284/10/19
f 5281/10/19 5285/10/19 5280/10/19
f 5290/10/8 5289/10/8 5288/10/8
f 5289/10/8 5290/10/8 5291/10/8
f 5288/10/7 5293/10/7 5292/10/7
f 5293/10/7 5288/10/7 5289/10/7
f 5295/10/19 5290/10/19 5294/10/19
f 5290/10/19 5295/10/19 5291/10/19
f 5293/10/32 5294/10/32 5292/10/32
f 5294/10/32 5293/10/32 5295/10/32
f 5298/10/32 5297/10/32 5296/10/32
f 5297/10/32 5298/10/32 5299/10/32
f 5302/10/8 5301/10/8 5300/10/8
f 5301/10/8 5302/10/8 5303/10/8
f 5301/10/23 5298/10/23 5296/10/23
f 5298/10/23 5301/10/23 5303/10/23
f 5298/10/7 5302/10/7 5299/10/7
f 5302/10/7 5298/10/7 5303/10/7
f 5302/10/12 5297/10/12 5299/10/12
f 5297/10/12 5302/10/12 5300/10/12
f 5301/10/19 5297/10/19 5300/10/19
f 5297/10/19 5301/10/19 5296/10/19
f 5235/10/32 5304/10/32 5233/10/32
f 5304/10/32 5235/10/32 5305/10/32
f 5307/10/8 5236/10/8 5306/10/8
f 5236/10/8 5307/10/8 5238/10/8
f 5236/10/23 5235/10/23 5233/10/23
f 5235/10/23 5236/10/23 5238/10/23
f 5235/10/7 5307/10/7 5305/10/7
f 5307/10/7 5235/10/7 5238/10/7
f 5307/10/12 5304/10/12 5305/10/12
f 5304/10/12 5307/10/12 5306/10/12
f 5236/10/19 5304/10/19 5306/10/19
f 5304/10/19 5236/10/19 5233/10/19
f 5310/10/8 5309/10/8 5308/10/8
f 5309/10/8 5310/10/8 5311/10/8
f 5308/10/7 5313/10/7 5312/10/7
f 5313/10/7 5308/10/7 5309/10/7
f 5315/10/19 5310/10/19 5314/10/19
f 5310/10/19 5315/10/19 5311/10/19
f 5313/10/32 5314/10/32 5312/10/32
f 5314/10/32 5313/10/32 5315/10/32
f 5318/10/32 5317/10/32 5316/10/32
f 5317/10/32 5318/10/32 5319/10/32
f 5322/10/8 5321/10/8 5320/10/8
f 5321/10/8 5322/10/8 5323/10/8
f 5321/10/23 5318/10/23 5316/10/23
f 5318/10/23 5321/10/23 5323/10/23
f 5318/10/7 5322/10/7 5319/10/7
f 5322/10/7 5318/10/7 5323/10/7
f 5322/10/12 5317/10/12 5319/10/12
f 5317/10/12 5322/10/12 5320/10/12
f 5321/10/19 5317/10/19 5320/10/19
f 5317/10/19 5321/10/19 5316/10/19
f 5299/10/32 5324/10/32 5297/10/32
f 5324/10/32 5299/10/32 5325/10/32
f 5327/10/8 5300/10/8 5326/10/8
f 5300/10/8 5327/10/8 5302/10/8
f 5300/10/23 5299/10/23 5297/10/23
f 5299/10/23 5300/10/23 5302/10/23
f 5299/10/7 5327/10/7 5325/10/7
f 5327/10/7 5299/10/7 5302/10/7
f 5327/10/12 5324/10/12 5325/10/12
f 5324/10/12 5327/10/12 5326/10/12
f 5300/10/19 5324/10/19 5326/10/19
f 5324/10/19 5300/10/19 5297/10/19
f 5330/10/8 5329/10/8 5328/10/8
f 5329/10/8 5330/10/8 5331/10/8
f 5328/10/7 5333/10/7 5332/10/7
f 5333/10/7 5328/10/7 5329/10/7
f 5335/10/19 5330/10/19 5334/10/19
f 5330/10/19 5335/10/19 5331/10/19
f 5333/10/32 5334/10/32 5332/10/32
f 5334/10/32 5333/10/32 5335/10/32
f 1208/11/23 1087/11/23 1207/11/23
f 1087/11/23 1208/11/23 1089/11/23
f 5337/11/12 1209/11/12 5336/11/12
f 1209/11/12 5337/11/12 1211/11/12
f 1208/11/8 5337/11/8 1089/11/8
f 5337/11/8 1208/11/8 1211/11/8
f 5337/11/7 1087/11/7 1089/11/7
f 1087/11/7 5337/11/7 5336/11/7
f 1209/11/19 1208/11/19 1207/11/19
f 1208/11/19 1209/11/19 1211/11/19
f 1209/10/32 1087/10/32 5336/10/32
f 1087/10/32 1209/10/32 1207/10/32
f 5340/10/32 5339/10/32 5338/10/32
f 5339/10/32 5340/10/32 5341/10/32
f 5344/10/8 5343/10/8 5342/10/8
f 5343/10/8 5344/10/8 5345/10/8
f 5343/10/23 5340/10/23 5338/10/23
f 5340/10/23 5343/10/23 5345/10/23
f 5340/10/7 5344/10/7 5341/10/7
f 5344/10/7 5340/10/7 5345/10/7
f 5344/10/12 5339/10/12 5341/10/12
f 5339/10/12 5344/10/12 5342/10/12
f 5343/10/19 5339/10/19 5342/10/19
f 5339/10/19 5343/10/19 5338/10/19
f 5348/10/32 5347/10/32 5346/10/32
f 5347/10/32 5348/10/32 5349/10/32
f 5352/10/8 5351/10/8 5350/10/8
f 5351/10/8 5352/10/8 5353/10/8
f 5351/10/23 5348/10/23 5346/10/23
f 5348/10/23 5351/10/23 5353/10/23
f 5348/10/7 5352/10/7 5349/10/7
f 5352/10/7 5348/10/7 5353/10/7
f 5352/10/12 5347/10/12 5349/10/12
f 5347/10/12 5352/10/12 5350/10/12
f 5351/10/19 5347/10/19 5350/10/19
f 5347/10/19 5351/10/19 5346/10/19
f 5356/10/8 5355/10/8 5354/10/8
f 5355/10/8 5356/10/8 5357/10/8
f 5354/10/7 5359/10/7 5358/10/7
f 5359/10/7 5354/10/7 5355/10/7
f 5361/10/19 5356/10/19 5360/10/19
f 5356/10/19 5361/10/19 5357/10/19
f 5359/10/32 5360/10/32 5358/10/32
f 5360/10/32 5359/10/32 5361/10/32
f 5363/10/32 5346/10/32 5362/10/32
f 5346/10/32 5363/10/32 5348/10/32
f 5353/10/8 5364/10/8 5351/10/8
f 5364/10/8 5353/10/8 5365/10/8
f 5364/10/23 5363/10/23 5362/10/23
f 5363/10/23 5364/10/23 5365/10/23
f 5363/10/7 5353/10/7 5348/10/7
f 5353/10/7 5363/10/7 5365/10/7
f 5353/10/12 5346/10/12 5348/10/12
f 5346/10/12 5353/10/12 5351/10/12
f 5364/10/19 5346/10/19 5351/10/19
f 5346/10/19 5364/10/19 5362/10/19
f 5368/10/32 5367/10/32 5366/10/32
f 5367/10/32 5368/10/32 5369/10/32
f 5372/10/8 5371/10/8 5370/10/8
f 5371/10/8 5372/10/8 5373/10/8
f 5371/10/23 5368/10/23 5366/10/23
f 5368/10/23 5371/10/23 5373/10/23
f 5368/10/7 5372/10/7 5369/10/7
f 5372/10/7 5368/10/7 5373/10/7
f 5372/10/12 5367/10/12 5369/10/12
f 5367/10/12 5372/10/12 5370/10/12
f 5371/10/19 5367/10/19 5370/10/19
f 5367/10/19 5371/10/19 5366/10/19
f 5376/10/8 5375/10/8 5374/10/8
f 5375/10/8 5376/10/8 5377/10/8
f 5374/10/7 5379/10/7 5378/10/7
f 5379/10/7 5374/10/7 5375/10/7
f 5381/10/19 5376/10/19 5380/10/19
f 5376/10/19 5381/10/19 5377/10/19
f 5379/10/32 5380/10/32 5378/10/32
f 5380/10/32 5379/10/32 5381/10/32
f 5383/10/32 5366/10/32 5382/10/32
f 5366/10/32 5383/10/32 5368/10/32
f 5373/10/8 5384/10/8 5371/10/8
f 5384/10/8 5373/10/8 5385/10/8
f 5384/10/23 5383/10/23 5382/10/23
f 5383/10/23 5384/10/23 5385/10/23
f 5383/10/7 5373/10/7 5368/10/7
f 5373/10/7 5383/10/7 5385/10/7
f 5373/10/12 5366/10/12 5368/10/12
f 5366/10/12 5373/10/12 5371/10/12
f 5384/10/19 5366/10/19 5371/10/19
f 5366/10/19 5384/10/19 5382/10/19
f 5388/10/32 5387/10/32 5386/10/32
f 5387/10/32 5388/10/32 5389/10/32
f 5392/10/8 5391/10/8 5390/10/8
f 5391/10/8 5392/10/8 5393/10/8
f 5391/10/23 5388/10/23 5386/10/23
f 5388/10/23 5391/10/23 5393/10/23
f 5388/10/7 5392/10/7 5389/10/7
f 5392/10/7 5388/10/7 5393/10/7
f 5392/10/12 5387/10/12 5389/10/12
f 5387/10/12 5392/10/12 5390/10/12
f 5391/10/19 5387/10/19 5390/10/19
f 5387/10/19 5391/10/19 5386/10/19
f 5396/10/8 5395/10/8 5394/10/8
f 5395/10/8 5396/10/8 5397/10/8
f 5394/10/7 5399/10/7 5398/10/7
f 5399/10/7 5394/10/7 5395/10/7
f 5401/10/19 5396/10/19 5400/10/19
f 5396/10/19 5401/10/19 5397/10/19
f 5399/10/32 5400/10/32 5398/10/32
f 5400/10/32 5399/10/32 5401/10/32
f 5403/10/32 5386/10/32 5402/10/32
f 5386/10/32 5403/10/32 5388/10/32
f 5393/10/8 5404/10/8 5391/10/8
f 5404/10/8 5393/10/8 5405/10/8
f 5404/10/23 5403/10/23 5402/10/23
f 5403/10/23 5404/10/23 5405/10/23
f 5403/10/7 5393/10/7 5388/10/7
f 5393/10/7 5403/10/7 5405/10/7
f 5393/10/12 5386/10/12 5388/10/12
f 5386/10/12 5393/10/12 5391/10/12
f 5404/10/19 5386/10/19 5391/10/19
f 5386/10/19 5404/10/19 5402/10/19
f 3524/10/32 5406/10/32 3522/10/32
f 5406/10/32 3524/10/32 5407/10/32
f 5409/10/8 3525/10/8 5408/10/8
f 3525/10/8 5409/10/8 3527/10/8
f 3525/10/23 3524/10/23 3522/10/23
f 3524/10/23 3525/10/23 3527/10/23
f 3524/10/7 5409/10/7 5407/10/7
f 5409/10/7 3524/10/7 3527/10/7
f 5409/10/12 5406/10/12 5407/10/12
f 5406/10/12 5409/10/12 5408/10/12
f 3525/10/19 5406/10/19 5408/10/19
f 5406/10/19 3525/10/19 3522/10/19
f 5412/10/8 5411/10/8 5410/10/8
f 5411/10/8 5412/10/8 5413/10/8
f 5410/10/7 5415/10/7 5414/10/7
f 5415/10/7 5410/10/7 5411/10/7
f 5417/10/19 5412/10/19 5416/10/19
f 5412/10/19 5417/10/19 5413/10/19
f 5415/10/32 5416/10/32 5414/10/32
f 5416/10/32 5415/10/32 5417/10/32
f 5420/7/19 5419/7/19 5418/7/19
f 5419/7/19 5420/7/19 5421/7/19
f 5424/7/7 5423/7/7 5422/7/7
f 5423/7/7 5424/7/7 5425/7/7
f 5420/7/8 5424/7/8 5421/7/8
f 5424/7/8 5420/7/8 5425/7/8
f 5424/7/23 5419/7/23 5421/7/23
f 5419/7/23 5424/7/23 5422/7/23
f 5423/7/12 5420/7/12 5418/7/12
f 5420/7/12 5423/7/12 5425/7/12
f 5423/10/32 5419/10/32 5422/10/32
f 5419/10/32 5423/10/32 5418/10/32
f 5428/10/32 5427/10/32 5426/10/32
f 5427/10/32 5428/10/32 5429/10/32
f 5432/10/8 5431/10/8 5430/10/8
f 5431/10/8 5432/10/8 5433/10/8
f 5431/10/7 5428/10/7 5426/10/7
f 5428/10/7 5431/10/7 5433/10/7
f 5428/10/12 5432/10/12 5429/10/12
f 5432/10/12 5428/10/12 5433/10/12
f 5432/10/19 5427/10/19 5429/10/19
f 5427/10/19 5432/10/19 5430/10/19
f 5431/10/23 5427/10/23 5430/10/23
f 5427/10/23 5431/10/23 5426/10/23
f 5436/10/32 5435/10/32 5434/10/32
f 5435/10/32 5436/10/32 5437/10/32
f 5440/10/8 5439/10/8 5438/10/8
f 5439/10/8 5440/10/8 5441/10/8
f 5439/10/7 5436/10/7 5434/10/7
f 5436/10/7 5439/10/7 5441/10/7
f 5436/10/12 5440/10/12 5437/10/12
f 5440/10/12 5436/10/12 5441/10/12
f 5440/10/19 5435/10/19 5437/10/19
f 5435/10/19 5440/10/19 5438/10/19
f 5439/10/23 5435/10/23 5438/10/23
f 5435/10/23 5439/10/23 5434/10/23
f 5444/10/8 5443/10/8 5442/10/8
f 5443/10/8 5444/10/8 5445/10/8
f 5442/10/12 5447/10/12 5446/10/12
f 5447/10/12 5442/10/12 5443/10/12
f 5449/10/23 5444/10/23 5448/10/23
f 5444/10/23 5449/10/23 5445/10/23
f 5447/10/32 5448/10/32 5446/10/32
f 5448/10/32 5447/10/32 5449/10/32
f 5452/10/32 5451/10/32 5450/10/32
f 5451/10/32 5452/10/32 5453/10/32
f 5456/10/8 5455/10/8 5454/10/8
f 5455/10/8 5456/10/8 5457/10/8
f 5455/10/7 5452/10/7 5450/10/7
f 5452/10/7 5455/10/7 5457/10/7
f 5452/10/12 5456/10/12 5453/10/12
f 5456/10/12 5452/10/12 5457/10/12
f 5456/10/19 5451/10/19 5453/10/19
f 5451/10/19 5456/10/19 5454/10/19
f 5455/10/23 5451/10/23 5454/10/23
f 5451/10/23 5455/10/23 5450/10/23
f 5460/10/32 5459/10/32 5458/10/32
f 5459/10/32 5460/10/32 5461/10/32
f 5464/10/8 5463/10/8 5462/10/8
f 5463/10/8 5464/10/8 5465/10/8
f 5463/10/7 5460/10/7 5458/10/7
f 5460/10/7 5463/10/7 5465/10/7
f 5460/10/12 5464/10/12 5461/10/12
f 5464/10/12 5460/10/12 5465/10/12
f 5464/10/19 5459/10/19 5461/10/19
f 5459/10/19 5464/10/19 5462/10/19
f 5463/10/23 5459/10/23 5462/10/23
f 5459/10/23 5463/10/23 5458/10/23
f 5468/10/8 5467/10/8 5466/10/8
f 5467/10/8 5468/10/8 5469/10/8
f 5466/10/12 5471/10/12 5470/10/12
f 5471/10/12 5466/10/12 5467/10/12
f 5473/10/23 5468/10/23 5472/10/23
f 5468/10/23 5473/10/23 5469/10/23
f 5471/10/32 5472/10/32 5470/10/32
f 5472/10/32 5471/10/32 5473/10/32
f 5476/10/8 5475/10/8 5474/10/8
f 5475/10/8 5476/10/8 5477/10/8
f 5475/10/7 5478/10/7 5474/10/7
f 5478/10/7 5475/10/7 5479/10/7
f 5475/10/12 5480/10/12 5479/10/12
f 5480/10/12 5475/10/12 5477/10/12
f 5480/10/32 5478/10/32 5479/10/32
f 5478/10/32 5480/10/32 5481/10/32
f 5480/10/19 5476/10/19 5481/10/19
f 5476/10/19 5480/10/19 5477/10/19
f 5481/10/23 5474/10/23 5478/10/23
f 5474/10/23 5481/10/23 5476/10/23
f 5484/10/8 5483/10/8 5482/10/8
f 5483/10/8 5484/10/8 5485/10/8
f 5483/10/7 5486/10/7 5482/10/7
f 5486/10/7 5483/10/7 5487/10/7
f 5483/10/12 5488/10/12 5487/10/12
f 5488/10/12 5483/10/12 5485/10/12
f 5488/10/32 5486/10/32 5487/10/32
f 5486/10/32 5488/10/32 5489/10/32
f 5488/10/19 5484/10/19 5489/10/19
f 5484/10/19 5488/10/19 5485/10/19
f 5489/10/23 5482/10/23 5486/10/23
f 5482/10/23 5489/10/23 5484/10/23
f 5492/10/7 5491/10/7 5490/10/7
f 5491/10/7 5492/10/7 5493/10/7
f 5492/10/8 5494/10/8 5493/10/8
f 5494/10/8 5492/10/8 5495/10/8
f 5496/10/32 5490/10/32 5491/10/32
f 5490/10/32 5496/10/32 5497/10/32
f 5496/10/19 5495/10/19 5497/10/19
f 5495/10/19 5496/10/19 5494/10/19
f 5500/10/7 5499/10/7 5498/10/7
f 5499/10/7 5500/10/7 5501/10/7
f 5500/10/8 5502/10/8 5501/10/8
f 5502/10/8 5500/10/8 5503/10/8
f 5504/10/32 5498/10/32 5499/10/32
f 5498/10/32 5504/10/32 5505/10/32
f 5504/10/19 5503/10/19 5505/10/19
f 5503/10/19 5504/10/19 5502/10/19
f 5508/10/8 5507/10/8 5506/10/8
f 5507/10/8 5508/10/8 5509/10/8
f 5507/10/19 5511/10/19 5510/10/19
f 5511/10/19 5507/10/19 5509/10/19
f 5513/10/7 5506/10/7 5512/10/7
f 5506/10/7 5513/10/7 5508/10/7
f 5511/10/32 5512/10/32 5510/10/32
f 5512/10/32 5511/10/32 5513/10/32
f 5516/10/8 5515/10/8 5514/10/8
f 5515/10/8 5516/10/8 5517/10/8
f 5515/10/19 5519/10/19 5518/10/19
f 5519/10/19 5515/10/19 5517/10/19
f 5521/10/7 5514/10/7 5520/10/7
f 5514/10/7 5521/10/7 5516/10/7
f 5518/10/32 5521/10/32 5520/10/32
f 5521/10/32 5518/10/32 5519/10/32
f 5524/7/23 5523/7/23 5522/7/23
f 5523/7/23 5524/7/23 5525/7/23
f 5528/7/12 5527/7/12 5526/7/12
f 5527/7/12 5528/7/12 5529/7/12
f 5524/7/8 5528/7/8 5525/7/8
f 5528/7/8 5524/7/8 5529/7/8
f 5528/7/7 5523/7/7 5525/7/7
f 5523/7/7 5528/7/7 5526/7/7
f 5527/7/19 5524/7/19 5522/7/19
f 5524/7/19 5527/7/19 5529/7/19
f 5527/10/32 5523/10/32 5526/10/32
f 5523/10/32 5527/10/32 5522/10/32
f 5532/8/322 5531/8/323 5530/8/324
f 5531/8/323 5532/8/322 5533/8/325
f 5536/8/326 5535/8/327 5534/8/328
f 5535/8/327 5536/8/326 5537/8/329
f 5540/8/330 5539/8/331 5538/8/332
f 5539/8/331 5540/8/330 5541/8/333
f 5544/8/334 5543/8/335 5542/8/336
f 5543/8/335 5544/8/334 5545/8/337
f 5548/8/338 5547/8/339 5546/8/340
f 5547/8/339 5548/8/338 5549/8/341
f 5552/8/342 5551/8/343 5550/8/344
f 5551/8/343 5552/8/342 5553/8/345
f 5555/8/346 5530/8/324 5554/8/347
f 5530/8/324 5555/8/346 5532/8/322
f 5530/8/324 5556/8/348 5554/8/347
f 5556/8/348 5530/8/324 5531/8/323
f 5531/8/323 5557/8/349 5556/8/348
f 5557/8/349 5531/8/323 5533/8/325
f 5555/8/346 5533/8/325 5532/8/322
f 5533/8/325 5555/8/346 5557/8/349
f 5550/8/344 5559/8/350 5558/8/351
f 5559/8/350 5550/8/344 5551/8/343
f 5551/8/343 5554/8/352 5559/8/350
f 5554/8/352 5551/8/343 5553/8/345
f 5555/8/353 5550/8/344 5558/8/351
f 5550/8/344 5555/8/353 5552/8/342
f 5555/8/353 5553/8/345 5552/8/342
f 5553/8/345 5555/8/353 5554/8/352
f 5561/8/354 5546/8/340 5560/8/355
f 5546/8/340 5561/8/354 5548/8/338
f 5546/8/340 5559/8/356 5560/8/355
f 5559/8/356 5546/8/340 5547/8/339
f 5547/8/339 5558/8/357 5559/8/356
f 5558/8/357 5547/8/339 5549/8/341
f 5561/8/354 5549/8/341 5548/8/338
f 5549/8/341 5561/8/354 5558/8/357
f 5535/8/327 5557/8/358 5561/8/359
f 5557/8/358 5535/8/327 5537/8/329
f 5556/8/360 5534/8/328 5560/8/772
f 5534/8/328 5556/8/360 5536/8/326
f 5560/8/772 5535/8/327 5561/8/359
f 5535/8/327 5560/8/772 5534/8/328
f 5556/8/360 5537/8/329 5536/8/326
f 5537/8/329 5556/8/360 5557/8/358
f 5561/8/362 5545/8/337 5544/8/334
f 5545/8/337 5561/8/362 5557/8/363
f 5542/8/336 5555/8/364 5558/8/365
f 5555/8/364 5542/8/336 5543/8/335
f 5561/8/362 5542/8/336 5558/8/365
f 5542/8/336 5561/8/362 5544/8/334
f 5543/8/335 5557/8/363 5555/8/364
f 5557/8/363 5543/8/335 5545/8/337
f 5554/8/366 5539/8/331 5559/8/773
f 5539/8/331 5554/8/366 5538/8/332
f 5556/8/368 5541/8/333 5540/8/330
f 5541/8/333 5556/8/368 5560/8/369
f 5539/8/331 5560/8/369 5559/8/773
f 5560/8/369 5539/8/331 5541/8/333
f 5556/8/368 5538/8/332 5554/8/366
f 5538/8/332 5556/8/368 5540/8/330
f 5564/4/424 5563/4/275 5562/4/276
f 5563/4/275 5564/4/424 5565/4/277
f 5568/4/774 5567/4/279 5566/4/280
f 5567/4/279 5568/4/774 5569/4/775
f 5572/4/282 5571/4/283 5570/4/284
f 5571/4/283 5572/4/282 5573/4/285
f 5576/4/286 5575/4/287 5574/4/288
f 5575/4/287 5576/4/286 5577/4/289
f 5580/4/425 5579/4/291 5578/4/426
f 5579/4/291 5580/4/425 5581/4/293
f 5584/4/294 5583/4/478 5582/4/479
f 5583/4/478 5584/4/294 5585/4/297
f 5587/4/298 5562/4/276 5586/4/299
f 5562/4/276 5587/4/298 5564/4/424
f 5562/4/276 5588/4/488 5586/4/299
f 5588/4/488 5562/4/276 5563/4/275
f 5563/4/275 5589/4/668 5588/4/488
f 5589/4/668 5563/4/275 5565/4/277
f 5587/4/298 5565/4/277 5564/4/424
f 5565/4/277 5587/4/298 5589/4/668
f 5582/4/479 5591/4/480 5590/4/489
f 5591/4/480 5582/4/479 5583/4/478
f 5583/4/478 5586/4/669 5591/4/480
f 5586/4/669 5583/4/478 5585/4/297
f 5587/4/305 5582/4/479 5590/4/489
f 5582/4/479 5587/4/305 5584/4/294
f 5587/4/305 5585/4/297 5584/4/294
f 5585/4/297 5587/4/305 5586/4/669
f 5593/4/306 5578/4/426 5592/4/307
f 5578/4/426 5593/4/306 5580/4/425
f 5578/4/426 5591/4/427 5592/4/307
f 5591/4/427 5578/4/426 5579/4/291
f 5579/4/291 5590/4/428 5591/4/427
f 5590/4/428 5579/4/291 5581/4/293
f 5593/4/306 5581/4/293 5580/4/425
f 5581/4/293 5593/4/306 5590/4/428
f 5567/4/279 5589/4/310 5593/4/429
f 5589/4/310 5567/4/279 5569/4/775
f 5588/4/312 5566/4/280 5592/4/500
f 5566/4/280 5588/4/312 5568/4/774
f 5592/4/500 5567/4/279 5593/4/429
f 5567/4/279 5592/4/500 5566/4/280
f 5588/4/312 5569/4/775 5568/4/774
f 5569/4/775 5588/4/312 5589/4/310
f 5593/4/314 5577/4/289 5576/4/286
f 5577/4/289 5593/4/314 5589/4/315
f 5574/4/288 5587/4/316 5590/4/317
f 5587/4/316 5574/4/288 5575/4/287
f 5593/4/314 5574/4/288 5590/4/317
f 5574/4/288 5593/4/314 5576/4/286
f 5575/4/287 5589/4/315 5587/4/316
f 5589/4/315 5575/4/287 5577/4/289
f 5586/4/318 5571/4/283 5591/4/319
f 5571/4/283 5586/4/318 5570/4/284
f 5588/4/320 5573/4/285 5572/4/282
f 5573/4/285 5588/4/320 5592/4/321
f 5571/4/283 5592/4/321 5591/4/319
f 5592/4/321 5571/4/283 5573/4/285
f 5588/4/320 5570/4/284 5586/4/318
f 5570/4/284 5588/4/320 5572/4/282
f 5596/10/32 5595/10/32 5594/10/32
f 5595/10/32 5596/10/32 5597/10/32
f 5600/10/8 5599/10/8 5598/10/8
f 5599/10/8 5600/10/8 5601/10/8
f 5599/10/23 5596/10/23 5594/10/23
f 5596/10/23 5599/10/23 5601/10/23
f 5596/10/7 5600/10/7 5597/10/7
f 5600/10/7 5596/10/7 5601/10/7
f 5600/10/12 5595/10/12 5597/10/12
f 5595/10/12 5600/10/12 5598/10/12
f 5599/10/19 5595/10/19 5598/10/19
f 5595/10/19 5599/10/19 5594/10/19
f 5604/10/32 5603/10/32 5602/10/32
f 5603/10/32 5604/10/32 5605/10/32
f 5608/10/8 5607/10/8 5606/10/8
f 5607/10/8 5608/10/8 5609/10/8
f 5607/10/23 5604/10/23 5602/10/23
f 5604/10/23 5607/10/23 5609/10/23
f 5604/10/7 5608/10/7 5605/10/7
f 5608/10/7 5604/10/7 5609/10/7
f 5608/10/12 5603/10/12 5605/10/12
f 5603/10/12 5608/10/12 5606/10/12
f 5607/10/19 5603/10/19 5606/10/19
f 5603/10/19 5607/10/19 5602/10/19
f 5612/10/8 5611/10/8 5610/10/8
f 5611/10/8 5612/10/8 5613/10/8
f 5610/10/7 5615/10/7 5614/10/7
f 5615/10/7 5610/10/7 5611/10/7
f 5617/10/19 5612/10/19 5616/10/19
f 5612/10/19 5617/10/19 5613/10/19
f 5615/10/32 5616/10/32 5614/10/32
f 5616/10/32 5615/10/32 5617/10/32
f 5620/10/32 5619/10/32 5618/10/32
f 5619/10/32 5620/10/32 5621/10/32
f 5624/10/8 5623/10/8 5622/10/8
f 5623/10/8 5624/10/8 5625/10/8
f 5623/10/7 5620/10/7 5618/10/7
f 5620/10/7 5623/10/7 5625/10/7
f 5620/10/12 5624/10/12 5621/10/12
f 5624/10/12 5620/10/12 5625/10/12
f 5624/10/19 5619/10/19 5621/10/19
f 5619/10/19 5624/10/19 5622/10/19
f 5623/10/23 5619/10/23 5622/10/23
f 5619/10/23 5623/10/23 5618/10/23
f 5628/10/32 5627/10/32 5626/10/32
f 5627/10/32 5628/10/32 5629/10/32
f 5632/10/8 5631/10/8 5630/10/8
f 5631/10/8 5632/10/8 5633/10/8
f 5631/10/7 5628/10/7 5626/10/7
f 5628/10/7 5631/10/7 5633/10/7
f 5628/10/12 5632/10/12 5629/10/12
f 5632/10/12 5628/10/12 5633/10/12
f 5632/10/19 5627/10/19 5629/10/19
f 5627/10/19 5632/10/19 5630/10/19
f 5631/10/23 5627/10/23 5630/10/23
f 5627/10/23 5631/10/23 5626/10/23
f 5636/10/8 5635/10/8 5634/10/8
f 5635/10/8 5636/10/8 5637/10/8
f 5634/10/12 5639/10/12 5638/10/12
f 5639/10/12 5634/10/12 5635/10/12
f 5641/10/23 5636/10/23 5640/10/23
f 5636/10/23 5641/10/23 5637/10/23
f 5639/10/32 5640/10/32 5638/10/32
f 5640/10/32 5639/10/32 5641/10/32
f 5644/10/32 5643/10/32 5642/10/32
f 5643/10/32 5644/10/32 5645/10/32
f 5648/10/8 5647/10/8 5646/10/8
f 5647/10/8 5648/10/8 5649/10/8
f 5647/10/7 5644/10/7 5642/10/7
f 5644/10/7 5647/10/7 5649/10/7
f 5644/10/12 5648/10/12 5645/10/12
f 5648/10/12 5644/10/12 5649/10/12
f 5648/10/19 5643/10/19 5645/10/19
f 5643/10/19 5648/10/19 5646/10/19
f 5647/10/23 5643/10/23 5646/10/23
f 5643/10/23 5647/10/23 5642/10/23
f 5652/10/32 5651/10/32 5650/10/32
f 5651/10/32 5652/10/32 5653/10/32
f 5656/10/8 5655/10/8 5654/10/8
f 5655/10/8 5656/10/8 5657/10/8
f 5655/10/7 5652/10/7 5650/10/7
f 5652/10/7 5655/10/7 5657/10/7
f 5652/10/12 5656/10/12 5653/10/12
f 5656/10/12 5652/10/12 5657/10/12
f 5656/10/19 5651/10/19 5653/10/19
f 5651/10/19 5656/10/19 5654/10/19
f 5655/10/23 5651/10/23 5654/10/23
f 5651/10/23 5655/10/23 5650/10/23
f 5660/10/8 5659/10/8 5658/10/8
f 5659/10/8 5660/10/8 5661/10/8
f 5658/10/12 5663/10/12 5662/10/12
f 5663/10/12 5658/10/12 5659/10/12
f 5665/10/23 5660/10/23 5664/10/23
f 5660/10/23 5665/10/23 5661/10/23
f 5663/10/32 5664/10/32 5662/10/32
f 5664/10/32 5663/10/32 5665/10/32
f 5668/10/32 5667/10/32 5666/10/32
f 5667/10/32 5668/10/32 5669/10/32
f 5672/10/8 5671/10/8 5670/10/8
f 5671/10/8 5672/10/8 5673/10/8
f 5671/10/7 5668/10/7 5666/10/7
f 5668/10/7 5671/10/7 5673/10/7
f 5668/10/12 5672/10/12 5669/10/12
f 5672/10/12 5668/10/12 5673/10/12
f 5672/10/19 5667/10/19 5669/10/19
f 5667/10/19 5672/10/19 5670/10/19
f 5671/10/23 5667/10/23 5670/10/23
f 5667/10/23 5671/10/23 5666/10/23
f 5676/10/32 5675/10/32 5674/10/32
f 5675/10/32 5676/10/32 5677/10/32
f 5680/10/8 5679/10/8 5678/10/8
f 5679/10/8 5680/10/8 5681/10/8
f 5679/10/7 5676/10/7 5674/10/7
f 5676/10/7 5679/10/7 5681/10/7
f 5676/10/12 5680/10/12 5677/10/12
f 5680/10/12 5676/10/12 5681/10/12
f 5680/10/19 5675/10/19 5677/10/19
f 5675/10/19 5680/10/19 5678/10/19
f 5679/10/23 5675/10/23 5678/10/23
f 5675/10/23 5679/10/23 5674/10/23
f 5684/10/8 5683/10/8 5682/10/8
f 5683/10/8 5684/10/8 5685/10/8
f 5682/10/12 5687/10/12 5686/10/12
f 5687/10/12 5682/10/12 5683/10/12
f 5689/10/23 5684/10/23 5688/10/23
f 5684/10/23 5689/10/23 5685/10/23
f 5687/10/32 5688/10/32 5686/10/32
f 5688/10/32 5687/10/32 5689/10/32
f 5692/12/776 5691/12/776 5690/12/776
f 5691/12/776 5692/12/776 5693/12/776
f 5695/12/777 5692/12/777 5694/12/777
f 5692/12/777 5695/12/777 5696/12/777
f 5694/12/778 5690/12/778 5697/12/778
f 5690/12/778 5694/12/778 5692/12/778
f 5694/12/32 5698/12/32 5695/12/32
f 5698/12/32 5694/12/32 5697/12/32
f 5690/12/779 5698/12/779 5697/12/779
f 5698/12/779 5690/12/779 5699/12/779
f 5691/12/8 5701/12/8 5700/12/8
f 5701/12/8 5691/12/8 5693/12/8
f 5699/12/780 5695/12/780 5698/12/780
f 5695/12/780 5699/12/780 5696/12/780
f 5691/12/781 5699/12/781 5690/12/781
f 5699/12/781 5691/12/781 5700/12/781
f 5696/12/782 5693/12/782 5692/12/782
f 5693/12/782 5696/12/782 5701/12/782
f 5700/12/783 5696/12/783 5699/12/783
f 5696/12/783 5700/12/783 5701/12/783
f 5704/7/483 5703/7/34 5702/7/484
f 5703/7/34 5704/7/483 5705/7/36
f 5708/7/504 5707/7/38 5706/7/39
f 5707/7/38 5708/7/504 5709/7/784
f 5712/7/41 5711/7/42 5710/7/43
f 5711/7/42 5712/7/41 5713/7/44
f 5716/7/45 5715/7/46 5714/7/47
f 5715/7/46 5716/7/45 5717/7/48
f 5720/7/49 5719/7/50 5718/7/51
f 5719/7/50 5720/7/49 5721/7/52
f 5724/7/53 5723/7/54 5722/7/55
f 5723/7/54 5724/7/53 5725/7/56
f 5727/7/57 5702/7/484 5726/7/58
f 5702/7/484 5727/7/57 5704/7/483
f 5702/7/484 5728/7/59 5726/7/58
f 5728/7/59 5702/7/484 5703/7/34
f 5703/7/34 5729/7/60 5728/7/59
f 5729/7/60 5703/7/34 5705/7/36
f 5727/7/57 5705/7/36 5704/7/483
f 5705/7/36 5727/7/57 5729/7/60
f 5722/7/55 5731/7/61 5730/7/62
f 5731/7/61 5722/7/55 5723/7/54
f 5723/7/54 5726/7/63 5731/7/61
f 5726/7/63 5723/7/54 5725/7/56
f 5727/7/64 5722/7/55 5730/7/62
f 5722/7/55 5727/7/64 5724/7/53
f 5727/7/64 5725/7/56 5724/7/53
f 5725/7/56 5727/7/64 5726/7/63
f 5733/7/65 5718/7/51 5732/7/66
f 5718/7/51 5733/7/65 5720/7/49
f 5718/7/51 5731/7/67 5732/7/66
f 5731/7/67 5718/7/51 5719/7/50
f 5719/7/50 5730/7/68 5731/7/67
f 5730/7/68 5719/7/50 5721/7/52
f 5733/7/65 5721/7/52 5720/7/49
f 5721/7/52 5733/7/65 5730/7/68
f 5707/7/38 5729/7/69 5733/7/70
f 5729/7/69 5707/7/38 5709/7/784
f 5728/7/71 5706/7/39 5732/7/72
f 5706/7/39 5728/7/71 5708/7/504
f 5732/7/72 5707/7/38 5733/7/70
f 5707/7/38 5732/7/72 5706/7/39
f 5728/7/71 5709/7/784 5708/7/504
f 5709/7/784 5728/7/71 5729/7/69
f 5733/7/73 5717/7/48 5716/7/45
f 5717/7/48 5733/7/73 5729/7/74
f 5714/7/47 5727/7/75 5730/7/76
f 5727/7/75 5714/7/47 5715/7/46
f 5733/7/73 5714/7/47 5730/7/76
f 5714/7/47 5733/7/73 5716/7/45
f 5715/7/46 5729/7/74 5727/7/75
f 5729/7/74 5715/7/46 5717/7/48
f 5726/7/77 5711/7/42 5731/7/78
f 5711/7/42 5726/7/77 5710/7/43
f 5728/7/79 5713/7/44 5712/7/41
f 5713/7/44 5728/7/79 5732/7/80
f 5711/7/42 5732/7/80 5731/7/78
f 5732/7/80 5711/7/42 5713/7/44
f 5728/7/79 5710/7/43 5726/7/77
f 5710/7/43 5728/7/79 5712/7/41
f 5736/4/33 5735/4/34 5734/4/35
f 5735/4/34 5736/4/33 5737/4/36
f 5740/4/504 5739/4/38 5738/4/39
f 5739/4/38 5740/4/504 5741/4/784
f 5744/4/41 5743/4/42 5742/4/43
f 5743/4/42 5744/4/41 5745/4/44
f 5748/4/45 5747/4/46 5746/4/47
f 5747/4/46 5748/4/45 5749/4/48
f 5752/4/49 5751/4/50 5750/4/51
f 5751/4/50 5752/4/49 5753/4/52
f 5756/4/53 5755/4/503 5754/4/502
f 5755/4/503 5756/4/53 5757/4/56
f 5759/4/57 5734/4/35 5758/4/58
f 5734/4/35 5759/4/57 5736/4/33
f 5734/4/35 5760/4/59 5758/4/58
f 5760/4/59 5734/4/35 5735/4/34
f 5735/4/34 5761/4/60 5760/4/59
f 5761/4/60 5735/4/34 5737/4/36
f 5759/4/57 5737/4/36 5736/4/33
f 5737/4/36 5759/4/57 5761/4/60
f 5754/4/502 5763/4/61 5762/4/62
f 5763/4/61 5754/4/502 5755/4/503
f 5755/4/503 5758/4/63 5763/4/61
f 5758/4/63 5755/4/503 5757/4/56
f 5759/4/64 5754/4/502 5762/4/62
f 5754/4/502 5759/4/64 5756/4/53
f 5759/4/64 5757/4/56 5756/4/53
f 5757/4/56 5759/4/64 5758/4/63
f 5765/4/65 5750/4/51 5764/4/66
f 5750/4/51 5765/4/65 5752/4/49
f 5750/4/51 5763/4/67 5764/4/66
f 5763/4/67 5750/4/51 5751/4/50
f 5751/4/50 5762/4/68 5763/4/67
f 5762/4/68 5751/4/50 5753/4/52
f 5765/4/65 5753/4/52 5752/4/49
f 5753/4/52 5765/4/65 5762/4/68
f 5739/4/38 5761/4/69 5765/4/70
f 5761/4/69 5739/4/38 5741/4/784
f 5760/4/71 5738/4/39 5764/4/72
f 5738/4/39 5760/4/71 5740/4/504
f 5764/4/72 5739/4/38 5765/4/70
f 5739/4/38 5764/4/72 5738/4/39
f 5760/4/71 5741/4/784 5740/4/504
f 5741/4/784 5760/4/71 5761/4/69
f 5765/4/73 5749/4/48 5748/4/45
f 5749/4/48 5765/4/73 5761/4/74
f 5746/4/47 5759/4/75 5762/4/76
f 5759/4/75 5746/4/47 5747/4/46
f 5765/4/73 5746/4/47 5762/4/76
f 5746/4/47 5765/4/73 5748/4/45
f 5747/4/46 5761/4/74 5759/4/75
f 5761/4/74 5747/4/46 5749/4/48
f 5758/4/77 5743/4/42 5763/4/78
f 5743/4/42 5758/4/77 5742/4/43
f 5760/4/79 5745/4/44 5744/4/41
f 5745/4/44 5760/4/79 5764/4/80
f 5743/4/42 5764/4/80 5763/4/78
f 5764/4/80 5743/4/42 5745/4/44
f 5760/4/79 5742/4/43 5758/4/77
f 5742/4/43 5760/4/79 5744/4/41
f 5768/10/32 5767/10/32 5766/10/32
f 5767/10/32 5768/10/32 5769/10/32
f 5772/10/8 5771/10/8 5770/10/8
f 5771/10/8 5772/10/8 5773/10/8
f 5771/10/23 5768/10/23 5766/10/23
f 5768/10/23 5771/10/23 5773/10/23
f 5768/10/7 5772/10/7 5769/10/7
f 5772/10/7 5768/10/7 5773/10/7
f 5772/10/12 5767/10/12 5769/10/12
f 5767/10/12 5772/10/12 5770/10/12
f 5771/10/19 5767/10/19 5770/10/19
f 5767/10/19 5771/10/19 5766/10/19
f 5776/10/32 5775/10/32 5774/10/32
f 5775/10/32 5776/10/32 5777/10/32
f 5780/10/8 5779/10/8 5778/10/8
f 5779/10/8 5780/10/8 5781/10/8
f 5779/10/23 5776/10/23 5774/10/23
f 5776/10/23 5779/10/23 5781/10/23
f 5776/10/7 5780/10/7 5777/10/7
f 5780/10/7 5776/10/7 5781/10/7
f 5780/10/12 5775/10/12 5777/10/12
f 5775/10/12 5780/10/12 5778/10/12
f 5779/10/19 5775/10/19 5778/10/19
f 5775/10/19 5779/10/19 5774/10/19
f 5784/10/8 5783/10/8 5782/10/8
f 5783/10/8 5784/10/8 5785/10/8
f 5782/10/7 5787/10/7 5786/10/7
f 5787/10/7 5782/10/7 5783/10/7
f 5789/10/19 5784/10/19 5788/10/19
f 5784/10/19 5789/10/19 5785/10/19
f 5787/10/32 5788/10/32 5786/10/32
f 5788/10/32 5787/10/32 5789/10/32
f 5792/10/32 5791/10/32 5790/10/32
f 5791/10/32 5792/10/32 5793/10/32
f 5796/10/8 5795/10/8 5794/10/8
f 5795/10/8 5796/10/8 5797/10/8
f 5795/10/23 5792/10/23 5790/10/23
f 5792/10/23 5795/10/23 5797/10/23
f 5792/10/7 5796/10/7 5793/10/7
f 5796/10/7 5792/10/7 5797/10/7
f 5796/10/12 5791/10/12 5793/10/12
f 5791/10/12 5796/10/12 5794/10/12
f 5795/10/19 5791/10/19 5794/10/19
f 5791/10/19 5795/10/19 5790/10/19
f 5800/10/32 5799/10/32 5798/10/32
f 5799/10/32 5800/10/32 5801/10/32
f 5804/10/8 5803/10/8 5802/10/8
f 5803/10/8 5804/10/8 5805/10/8
f 5803/10/23 5800/10/23 5798/10/23
f 5800/10/23 5803/10/23 5805/10/23
f 5800/10/7 5804/10/7 5801/10/7
f 5804/10/7 5800/10/7 5805/10/7
f 5804/10/12 5799/10/12 5801/10/12
f 5799/10/12 5804/10/12 5802/10/12
f 5803/10/19 5799/10/19 5802/10/19
f 5799/10/19 5803/10/19 5798/10/19
f 5808/10/8 5807/10/8 5806/10/8
f 5807/10/8 5808/10/8 5809/10/8
f 5806/10/7 5811/10/7 5810/10/7
f 5811/10/7 5806/10/7 5807/10/7
f 5813/10/19 5808/10/19 5812/10/19
f 5808/10/19 5813/10/19 5809/10/19
f 5811/10/32 5812/10/32 5810/10/32
f 5812/10/32 5811/10/32 5813/10/32
f 5816/10/32 5815/10/32 5814/10/32
f 5815/10/32 5816/10/32 5817/10/32
f 5820/10/8 5819/10/8 5818/10/8
f 5819/10/8 5820/10/8 5821/10/8
f 5819/10/7 5816/10/7 5814/10/7
f 5816/10/7 5819/10/7 5821/10/7
f 5816/10/12 5820/10/12 5817/10/12
f 5820/10/12 5816/10/12 5821/10/12
f 5820/10/19 5815/10/19 5817/10/19
f 5815/10/19 5820/10/19 5818/10/19
f 5819/10/23 5815/10/23 5818/10/23
f 5815/10/23 5819/10/23 5814/10/23
f 5824/10/32 5823/10/32 5822/10/32
f 5823/10/32 5824/10/32 5825/10/32
f 5828/10/8 5827/10/8 5826/10/8
f 5827/10/8 5828/10/8 5829/10/8
f 5827/10/7 5824/10/7 5822/10/7
f 5824/10/7 5827/10/7 5829/10/7
f 5824/10/12 5828/10/12 5825/10/12
f 5828/10/12 5824/10/12 5829/10/12
f 5828/10/19 5823/10/19 5825/10/19
f 5823/10/19 5828/10/19 5826/10/19
f 5827/10/23 5823/10/23 5826/10/23
f 5823/10/23 5827/10/23 5822/10/23
f 5832/10/8 5831/10/8 5830/10/8
f 5831/10/8 5832/10/8 5833/10/8
f 5830/10/12 5835/10/12 5834/10/12
f 5835/10/12 5830/10/12 5831/10/12
f 5837/10/23 5832/10/23 5836/10/23
f 5832/10/23 5837/10/23 5833/10/23
f 5835/10/32 5836/10/32 5834/10/32
f 5836/10/32 5835/10/32 5837/10/32
f 5840/10/32 5839/10/32 5838/10/32
f 5839/10/32 5840/10/32 5841/10/32
f 5844/10/8 5843/10/8 5842/10/8
f 5843/10/8 5844/10/8 5845/10/8
f 5843/10/7 5840/10/7 5838/10/7
f 5840/10/7 5843/10/7 5845/10/7
f 5840/10/12 5844/10/12 5841/10/12
f 5844/10/12 5840/10/12 5845/10/12
f 5844/10/19 5839/10/19 5841/10/19
f 5839/10/19 5844/10/19 5842/10/19
f 5843/10/23 5839/10/23 5842/10/23
f 5839/10/23 5843/10/23 5838/10/23
f 5848/10/32 5847/10/32 5846/10/32
f 5847/10/32 5848/10/32 5849/10/32
f 5852/10/8 5851/10/8 5850/10/8
f 5851/10/8 5852/10/8 5853/10/8
f 5851/10/7 5848/10/7 5846/10/7
f 5848/10/7 5851/10/7 5853/10/7
f 5848/10/12 5852/10/12 5849/10/12
f 5852/10/12 5848/10/12 5853/10/12
f 5852/10/19 5847/10/19 5849/10/19
f 5847/10/19 5852/10/19 5850/10/19
f 5851/10/23 5847/10/23 5850/10/23
f 5847/10/23 5851/10/23 5846/10/23
f 5856/10/8 5855/10/8 5854/10/8
f 5855/10/8 5856/10/8 5857/10/8
f 5854/10/12 5859/10/12 5858/10/12
f 5859/10/12 5854/10/12 5855/10/12
f 5861/10/23 5856/10/23 5860/10/23
f 5856/10/23 5861/10/23 5857/10/23
f 5859/10/32 5860/10/32 5858/10/32
f 5860/10/32 5859/10/32 5861/10/32
f 5864/12/785 5863/12/785 5862/12/785
f 5863/12/785 5864/12/785 5865/12/785
f 5867/12/786 5864/12/786 5866/12/786
f 5864/12/786 5867/12/786 5868/12/786
f 5866/12/787 5862/12/787 5869/12/787
f 5862/12/787 5866/12/787 5864/12/787
f 5866/12/32 5870/12/32 5867/12/32
f 5870/12/32 5866/12/32 5869/12/32
f 5862/12/788 5870/12/788 5869/12/788
f 5870/12/788 5862/12/788 5871/12/788
f 5863/12/8 5873/12/8 5872/12/8
f 5873/12/8 5863/12/8 5865/12/8
f 5871/12/789 5867/12/789 5870/12/789
f 5867/12/789 5871/12/789 5868/12/789
f 5863/12/790 5871/12/790 5862/12/790
f 5871/12/790 5863/12/790 5872/12/790
f 5868/12/791 5865/12/791 5864/12/791
f 5865/12/791 5868/12/791 5873/12/791
f 5872/12/792 5868/12/792 5871/12/792
f 5868/12/792 5872/12/792 5873/12/792
f 5876/10/32 5875/10/32 5874/10/32
f 5875/10/32 5876/10/32 5877/10/32
f 5880/10/8 5879/10/8 5878/10/8
f 5879/10/8 5880/10/8 5881/10/8
f 5879/10/23 5876/10/23 5874/10/23
f 5876/10/23 5879/10/23 5881/10/23
f 5876/10/7 5880/10/7 5877/10/7
f 5880/10/7 5876/10/7 5881/10/7
f 5880/10/12 5875/10/12 5877/10/12
f 5875/10/12 5880/10/12 5878/10/12
f 5879/10/19 5875/10/19 5878/10/19
f 5875/10/19 5879/10/19 5874/10/19
f 5884/10/32 5883/10/32 5882/10/32
f 5883/10/32 5884/10/32 5885/10/32
f 5888/10/8 5887/10/8 5886/10/8
f 5887/10/8 5888/10/8 5889/10/8
f 5887/10/23 5884/10/23 5882/10/23
f 5884/10/23 5887/10/23 5889/10/23
f 5884/10/7 5888/10/7 5885/10/7
f 5888/10/7 5884/10/7 5889/10/7
f 5888/10/12 5883/10/12 5885/10/12
f 5883/10/12 5888/10/12 5886/10/12
f 5887/10/19 5883/10/19 5886/10/19
f 5883/10/19 5887/10/19 5882/10/19
f 5892/10/8 5891/10/8 5890/10/8
f 5891/10/8 5892/10/8 5893/10/8
f 5890/10/7 5895/10/7 5894/10/7
f 5895/10/7 5890/10/7 5891/10/7
f 5897/10/19 5892/10/19 5896/10/19
f 5892/10/19 5897/10/19 5893/10/19
f 5895/10/32 5896/10/32 5894/10/32
f 5896/10/32 5895/10/32 5897/10/32
f 5900/10/32 5899/10/32 5898/10/32
f 5899/10/32 5900/10/32 5901/10/32
f 5904/10/8 5903/10/8 5902/10/8
f 5903/10/8 5904/10/8 5905/10/8
f 5903/10/7 5900/10/7 5898/10/7
f 5900/10/7 5903/10/7 5905/10/7
f 5900/10/12 5904/10/12 5901/10/12
f 5904/10/12 5900/10/12 5905/10/12
f 5904/10/19 5899/10/19 5901/10/19
f 5899/10/19 5904/10/19 5902/10/19
f 5903/10/23 5899/10/23 5902/10/23
f 5899/10/23 5903/10/23 5898/10/23
f 5908/10/32 5907/10/32 5906/10/32
f 5907/10/32 5908/10/32 5909/10/32
f 5912/10/8 5911/10/8 5910/10/8
f 5911/10/8 5912/10/8 5913/10/8
f 5911/10/7 5908/10/7 5906/10/7
f 5908/10/7 5911/10/7 5913/10/7
f 5908/10/12 5912/10/12 5909/10/12
f 5912/10/12 5908/10/12 5913/10/12
f 5912/10/19 5907/10/19 5909/10/19
f 5907/10/19 5912/10/19 5910/10/19
f 5911/10/23 5907/10/23 5910/10/23
f 5907/10/23 5911/10/23 5906/10/23
f 5916/10/8 5915/10/8 5914/10/8
f 5915/10/8 5916/10/8 5917/10/8
f 5914/10/12 5919/10/12 5918/10/12
f 5919/10/12 5914/10/12 5915/10/12
f 5921/10/23 5916/10/23 5920/10/23
f 5916/10/23 5921/10/23 5917/10/23
f 5919/10/32 5920/10/32 5918/10/32
f 5920/10/32 5919/10/32 5921/10/32
f 5924/4/33 5923/4/34 5922/4/35
f 5923/4/34 5924/4/33 5925/4/36
f 5928/4/37 5927/4/38 5926/4/39
f 5927/4/38 5928/4/37 5929/4/784
f 5932/4/41 5931/4/42 5930/4/43
f 5931/4/42 5932/4/41 5933/4/44
f 5936/4/45 5935/4/46 5934/4/47
f 5935/4/46 5936/4/45 5937/4/48
f 5940/4/485 5939/4/50 5938/4/51
f 5939/4/50 5940/4/485 5941/4/52
f 5944/4/53 5943/4/54 5942/4/55
f 5943/4/54 5944/4/53 5945/4/56
f 5947/4/57 5922/4/35 5946/4/58
f 5922/4/35 5947/4/57 5924/4/33
f 5922/4/35 5948/4/59 5946/4/58
f 5948/4/59 5922/4/35 5923/4/34
f 5923/4/34 5949/4/60 5948/4/59
f 5949/4/60 5923/4/34 5925/4/36
f 5947/4/57 5925/4/36 5924/4/33
f 5925/4/36 5947/4/57 5949/4/60
f 5942/4/55 5951/4/61 5950/4/62
f 5951/4/61 5942/4/55 5943/4/54
f 5943/4/54 5946/4/63 5951/4/61
f 5946/4/63 5943/4/54 5945/4/56
f 5947/4/64 5942/4/55 5950/4/62
f 5942/4/55 5947/4/64 5944/4/53
f 5947/4/64 5945/4/56 5944/4/53
f 5945/4/56 5947/4/64 5946/4/63
f 5953/4/65 5938/4/51 5952/4/66
f 5938/4/51 5953/4/65 5940/4/485
f 5938/4/51 5951/4/67 5952/4/66
f 5951/4/67 5938/4/51 5939/4/50
f 5939/4/50 5950/4/68 5951/4/67
f 5950/4/68 5939/4/50 5941/4/52
f 5953/4/65 5941/4/52 5940/4/485
f 5941/4/52 5953/4/65 5950/4/68
f 5927/4/38 5949/4/69 5953/4/70
f 5949/4/69 5927/4/38 5929/4/784
f 5948/4/71 5926/4/39 5952/4/72
f 5926/4/39 5948/4/71 5928/4/37
f 5952/4/72 5927/4/38 5953/4/70
f 5927/4/38 5952/4/72 5926/4/39
f 5948/4/71 5929/4/784 5928/4/37
f 5929/4/784 5948/4/71 5949/4/69
f 5953/4/73 5937/4/48 5936/4/45
f 5937/4/48 5953/4/73 5949/4/74
f 5934/4/47 5947/4/75 5950/4/76
f 5947/4/75 5934/4/47 5935/4/46
f 5953/4/73 5934/4/47 5950/4/76
f 5934/4/47 5953/4/73 5936/4/45
f 5935/4/46 5949/4/74 5947/4/75
f 5949/4/74 5935/4/46 5937/4/48
f 5946/4/77 5931/4/42 5951/4/78
f 5931/4/42 5946/4/77 5930/4/43
f 5948/4/79 5933/4/44 5932/4/41
f 5933/4/44 5948/4/79 5952/4/80
f 5931/4/42 5952/4/80 5951/4/78
f 5952/4/80 5931/4/42 5933/4/44
f 5948/4/79 5930/4/43 5946/4/77
f 5930/4/43 5948/4/79 5932/4/41
f 5956/10/32 5955/10/32 5954/10/32
f 5955/10/32 5956/10/32 5957/10/32
f 5960/10/8 5959/10/8 5958/10/8
f 5959/10/8 5960/10/8 5961/10/8
f 5959/10/23 5956/10/23 5954/10/23
f 5956/10/23 5959/10/23 5961/10/23
f 5956/10/7 5960/10/7 5957/10/7
f 5960/10/7 5956/10/7 5961/10/7
f 5960/10/12 5955/10/12 5957/10/12
f 5955/10/12 5960/10/12 5958/10/12
f 5959/10/19 5955/10/19 5958/10/19
f 5955/10/19 5959/10/19 5954/10/19
f 5964/10/32 5963/10/32 5962/10/32
f 5963/10/32 5964/10/32 5965/10/32
f 5968/10/8 5967/10/8 5966/10/8
f 5967/10/8 5968/10/8 5969/10/8
f 5967/10/23 5964/10/23 5962/10/23
f 5964/10/23 5967/10/23 5969/10/23
f 5964/10/7 5968/10/7 5965/10/7
f 5968/10/7 5964/10/7 5969/10/7
f 5968/10/12 5963/10/12 5965/10/12
f 5963/10/12 5968/10/12 5966/10/12
f 5967/10/19 5963/10/19 5966/10/19
f 5963/10/19 5967/10/19 5962/10/19
f 5972/10/8 5971/10/8 5970/10/8
f 5971/10/8 5972/10/8 5973/10/8
f 5970/10/7 5975/10/7 5974/10/7
f 5975/10/7 5970/10/7 5971/10/7
f 5977/10/19 5972/10/19 5976/10/19
f 5972/10/19 5977/10/19 5973/10/19
f 5975/10/32 5976/10/32 5974/10/32
f 5976/10/32 5975/10/32 5977/10/32
f 5980/10/32 5979/10/32 5978/10/32
f 5979/10/32 5980/10/32 5981/10/32
f 5984/10/8 5983/10/8 5982/10/8
f 5983/10/8 5984/10/8 5985/10/8
f 5983/10/7 5980/10/7 5978/10/7
f 5980/10/7 5983/10/7 5985/10/7
f 5980/10/12 5984/10/12 5981/10/12
f 5984/10/12 5980/10/12 5985/10/12
f 5984/10/19 5979/10/19 5981/10/19
f 5979/10/19 5984/10/19 5982/10/19
f 5983/10/23 5979/10/23 5982/10/23
f 5979/10/23 5983/10/23 5978/10/23
f 5988/10/32 5987/10/32 5986/10/32
f 5987/10/32 5988/10/32 5989/10/32
f 5992/10/8 5991/10/8 5990/10/8
f 5991/10/8 5992/10/8 5993/10/8
f 5991/10/7 5988/10/7 5986/10/7
f 5988/10/7 5991/10/7 5993/10/7
f 5988/10/12 5992/10/12 5989/10/12
f 5992/10/12 5988/10/12 5993/10/12
f 5992/10/19 5987/10/19 5989/10/19
f 5987/10/19 5992/10/19 5990/10/19
f 5991/10/23 5987/10/23 5990/10/23
f 5987/10/23 5991/10/23 5986/10/23
f 5996/10/8 5995/10/8 5994/10/8
f 5995/10/8 5996/10/8 5997/10/8
f 5994/10/12 5999/10/12 5998/10/12
f 5999/10/12 5994/10/12 5995/10/12
f 6001/10/23 5996/10/23 6000/10/23
f 5996/10/23 6001/10/23 5997/10/23
f 5999/10/32 6000/10/32 5998/10/32
f 6000/10/32 5999/10/32 6001/10/32
f 6004/10/32 6003/10/32 6002/10/32
f 6003/10/32 6004/10/32 6005/10/32
f 6008/10/8 6007/10/8 6006/10/8
f 6007/10/8 6008/10/8 6009/10/8
f 6007/10/7 6004/10/7 6002/10/7
f 6004/10/7 6007/10/7 6009/10/7
f 6004/10/12 6008/10/12 6005/10/12
f 6008/10/12 6004/10/12 6009/10/12
f 6008/10/19 6003/10/19 6005/10/19
f 6003/10/19 6008/10/19 6006/10/19
f 6007/10/23 6003/10/23 6006/10/23
f 6003/10/23 6007/10/23 6002/10/23
f 6012/10/32 6011/10/32 6010/10/32
f 6011/10/32 6012/10/32 6013/10/32
f 6016/10/8 6015/10/8 6014/10/8
f 6015/10/8 6016/10/8 6017/10/8
f 6015/10/7 6012/10/7 6010/10/7
f 6012/10/7 6015/10/7 6017/10/7
f 6012/10/12 6016/10/12 6013/10/12
f 6016/10/12 6012/10/12 6017/10/12
f 6016/10/19 6011/10/19 6013/10/19
f 6011/10/19 6016/10/19 6014/10/19
f 6015/10/23 6011/10/23 6014/10/23
f 6011/10/23 6015/10/23 6010/10/23
f 6020/10/8 6019/10/8 6018/10/8
f 6019/10/8 6020/10/8 6021/10/8
f 6018/10/12 6023/10/12 6022/10/12
f 6023/10/12 6018/10/12 6019/10/12
f 6025/10/23 6020/10/23 6024/10/23
f 6020/10/23 6025/10/23 6021/10/23
f 6023/10/32 6024/10/32 6022/10/32
f 6024/10/32 6023/10/32 6025/10/32
f 6028/12/785 6027/12/785 6026/12/785
f 6027/12/785 6028/12/785 6029/12/785
f 6031/12/786 6028/12/786 6030/12/786
f 6028/12/786 6031/12/786 6032/12/786
f 6030/12/787 6026/12/787 6033/12/787
f 6026/12/787 6030/12/787 6028/12/787
f 6030/12/32 6034/12/32 6031/12/32
f 6034/12/32 6030/12/32 6033/12/32
f 6026/12/788 6034/12/788 6033/12/788
f 6034/12/788 6026/12/788 6035/12/788
f 6027/12/8 6037/12/8 6036/12/8
f 6037/12/8 6027/12/8 6029/12/8
f 6035/12/789 6031/12/789 6034/12/789
f 6031/12/789 6035/12/789 6032/12/789
f 6027/12/790 6035/12/790 6026/12/790
f 6035/12/790 6027/12/790 6036/12/790
f 6032/12/791 6029/12/791 6028/12/791
f 6029/12/791 6032/12/791 6037/12/791
f 6036/12/792 6032/12/792 6035/12/792
f 6032/12/792 6036/12/792 6037/12/792
f 6040/1/1 6039/1/2 6038/1/2
f 6039/1/2 6040/1/1 6041/1/1
f 6044/1/3 6043/1/4 6042/1/4
f 6043/1/4 6044/1/3 6045/1/3
f 6048/1/487 6047/1/6 6046/1/5
f 6047/1/6 6048/1/487 6049/1/6
f 6051/1/7 6047/1/7 6050/1/7
f 6051/1/7 6046/1/7 6047/1/7
f 6052/1/7 6046/1/7 6051/1/7
f 6052/1/7 6053/1/7 6046/1/7
f 6044/1/7 6053/1/7 6052/1/7
f 6042/1/7 6053/1/7 6044/1/7
f 6042/1/7 6054/1/7 6053/1/7
f 6055/1/7 6054/1/7 6042/1/7
f 6056/1/7 6054/1/7 6055/1/7
f 6054/1/7 6056/1/7 6041/1/7
f 6057/1/7 6041/1/7 6056/1/7
f 6057/1/7 6039/1/7 6041/1/7
f 6057/1/7 6058/1/7 6039/1/7
f 6058/1/7 6057/1/7 6059/1/7
f 6047/1/6 6061/1/8 6060/1/8
f 6061/1/8 6047/1/6 6062/1/8
f 6062/1/8 6047/1/6 6049/1/6
f 6062/1/8 6049/1/6 6063/1/8
f 6042/1/4 6064/1/9 6055/1/9
f 6064/1/9 6042/1/4 6043/1/4
f 6065/1/10 6046/1/5 6053/1/10
f 6046/1/5 6065/1/10 6048/1/487
f 6055/1/9 6066/1/11 6056/1/11
f 6066/1/11 6055/1/9 6064/1/9
f 6061/1/12 6068/1/12 6067/1/12
f 6068/1/12 6061/1/12 6062/1/12
f 6050/1/13 6069/1/710 6051/1/14
f 6069/1/710 6050/1/13 6070/1/13
f 6038/1/2 6058/1/15 6071/1/15
f 6058/1/15 6038/1/2 6039/1/2
f 6060/1/16 6050/1/17 6047/1/17
f 6050/1/17 6060/1/16 6072/1/16
f 6073/1/18 6053/1/10 6054/1/18
f 6053/1/10 6073/1/18 6065/1/10
f 6068/1/19 6063/1/20 6074/1/20
f 6063/1/20 6068/1/19 6062/1/19
f 6061/1/7 6072/1/16 6060/1/16
f 6072/1/16 6061/1/7 6067/1/7
f 6051/1/14 6075/1/21 6052/1/21
f 6075/1/21 6051/1/14 6069/1/710
f 6077/1/19 6071/1/19 6076/1/19
f 6071/1/19 6077/1/19 6038/1/19
f 6038/1/19 6077/1/19 6040/1/19
f 6040/1/19 6077/1/19 6066/1/19
f 6040/1/19 6066/1/19 6073/1/19
f 6073/1/19 6066/1/19 6064/1/19
f 6073/1/19 6064/1/19 6043/1/19
f 6073/1/19 6043/1/19 6065/1/19
f 6065/1/19 6043/1/19 6045/1/19
f 6065/1/19 6045/1/19 6075/1/19
f 6065/1/19 6075/1/19 6048/1/19
f 6048/1/19 6075/1/19 6069/1/19
f 6048/1/19 6069/1/19 6049/1/19
f 6049/1/19 6069/1/19 6070/1/19
f 6056/1/12 6077/1/12 6057/1/12
f 6077/1/12 6056/1/12 6066/1/12
f 6070/1/22 6063/1/20 6049/1/22
f 6063/1/20 6070/1/22 6074/1/20
f 6052/1/21 6045/1/3 6044/1/3
f 6045/1/3 6052/1/21 6075/1/21
f 6073/1/18 6041/1/1 6040/1/1
f 6041/1/1 6073/1/18 6054/1/18
f 6071/1/23 6059/1/23 6076/1/23
f 6059/1/23 6071/1/23 6058/1/23
f 6079/2/24 6076/2/25 6078/2/24
f 6076/2/25 6079/2/24 6077/2/25
f 6059/2/26 6081/2/27 6080/2/27
f 6081/2/27 6059/2/26 6057/2/26
f 6078/2/28 6083/2/23 6082/2/23
f 6083/2/23 6078/2/28 6080/2/28
f 6057/2/29 6079/2/30 6081/2/30
f 6079/2/30 6057/2/29 6077/2/29
f 6084/2/19 6078/2/24 6082/2/19
f 6078/2/24 6084/2/19 6079/2/24
f 6081/2/27 6083/2/7 6080/2/27
f 6083/2/7 6081/2/27 6085/2/7
f 6076/2/31 6080/2/28 6078/2/28
f 6080/2/28 6076/2/31 6059/2/31
f 6085/2/32 6082/2/32 6083/2/32
f 6082/2/32 6085/2/32 6084/2/32
f 6081/2/30 6084/2/12 6085/2/12
f 6084/2/12 6081/2/30 6079/2/30
f 6067/3/32 6050/3/32 6072/3/32
f 6050/3/32 6067/3/32 6068/3/32
f 6050/3/32 6068/3/32 6070/3/32
f 6070/3/32 6068/3/32 6074/3/32
f 6088/4/226 6087/4/227 6086/4/228
f 6087/4/227 6088/4/226 6089/4/229
f 6092/4/230 6091/4/231 6090/4/232
f 6091/4/231 6092/4/230 6093/4/233
f 6096/4/234 6095/4/235 6094/4/236
f 6095/4/235 6096/4/234 6097/4/237
f 6100/4/238 6099/4/239 6098/4/793
f 6099/4/239 6100/4/238 6101/4/241
f 6104/4/242 6103/4/243 6102/4/244
f 6103/4/243 6104/4/242 6105/4/245
f 6108/4/246 6107/4/247 6106/4/248
f 6107/4/247 6108/4/246 6109/4/249
f 6111/4/250 6086/4/228 6110/4/251
f 6086/4/228 6111/4/250 6088/4/226
f 6086/4/228 6112/4/252 6110/4/251
f 6112/4/252 6086/4/228 6087/4/227
f 6087/4/227 6113/4/253 6112/4/252
f 6113/4/253 6087/4/227 6089/4/229
f 6111/4/250 6089/4/229 6088/4/226
f 6089/4/229 6111/4/250 6113/4/253
f 6106/4/248 6115/4/254 6114/4/255
f 6115/4/254 6106/4/248 6107/4/247
f 6107/4/247 6110/4/256 6115/4/254
f 6110/4/256 6107/4/247 6109/4/249
f 6111/4/257 6106/4/248 6114/4/255
f 6106/4/248 6111/4/257 6108/4/246
f 6111/4/257 6109/4/249 6108/4/246
f 6109/4/249 6111/4/257 6110/4/256
f 6117/4/258 6102/4/244 6116/4/259
f 6102/4/244 6117/4/258 6104/4/242
f 6102/4/244 6115/4/260 6116/4/259
f 6115/4/260 6102/4/244 6103/4/243
f 6103/4/243 6114/4/261 6115/4/260
f 6114/4/261 6103/4/243 6105/4/245
f 6117/4/258 6105/4/245 6104/4/242
f 6105/4/245 6117/4/258 6114/4/261
f 6091/4/231 6113/4/262 6117/4/263
f 6113/4/262 6091/4/231 6093/4/233
f 6112/4/264 6090/4/232 6116/4/265
f 6090/4/232 6112/4/264 6092/4/230
f 6116/4/265 6091/4/231 6117/4/263
f 6091/4/231 6116/4/265 6090/4/232
f 6112/4/264 6093/4/233 6092/4/230
f 6093/4/233 6112/4/264 6113/4/262
f 6117/4/266 6101/4/241 6100/4/238
f 6101/4/241 6117/4/266 6113/4/267
f 6098/4/793 6111/4/268 6114/4/269
f 6111/4/268 6098/4/793 6099/4/239
f 6117/4/266 6098/4/793 6114/4/269
f 6098/4/793 6117/4/266 6100/4/238
f 6099/4/239 6113/4/267 6111/4/268
f 6113/4/267 6099/4/239 6101/4/241
f 6110/4/270 6095/4/235 6115/4/271
f 6095/4/235 6110/4/270 6094/4/236
f 6112/4/272 6097/4/237 6096/4/234
f 6097/4/237 6112/4/272 6116/4/273
f 6095/4/235 6116/4/273 6115/4/271
f 6116/4/273 6095/4/235 6097/4/237
f 6112/4/272 6094/4/236 6110/4/270
f 6094/4/236 6112/4/272 6096/4/234
f 6120/4/424 6119/4/275 6118/4/276
f 6119/4/275 6120/4/424 6121/4/277
f 6124/4/278 6123/4/279 6122/4/280
f 6123/4/279 6124/4/278 6125/4/281
f 6128/4/282 6127/4/283 6126/4/284
f 6127/4/283 6128/4/282 6129/4/285
f 6132/4/286 6131/4/287 6130/4/288
f 6131/4/287 6132/4/286 6133/4/289
f 6136/4/425 6135/4/291 6134/4/426
f 6135/4/291 6136/4/425 6137/4/293
f 6140/4/294 6139/4/295 6138/4/296
f 6139/4/295 6140/4/294 6141/4/297
f 6143/4/298 6118/4/276 6142/4/299
f 6118/4/276 6143/4/298 6120/4/424
f 6118/4/276 6144/4/488 6142/4/299
f 6144/4/488 6118/4/276 6119/4/275
f 6119/4/275 6145/4/668 6144/4/488
f 6145/4/668 6119/4/275 6121/4/277
f 6143/4/298 6121/4/277 6120/4/424
f 6121/4/277 6143/4/298 6145/4/668
f 6138/4/296 6147/4/499 6146/4/489
f 6147/4/499 6138/4/296 6139/4/295
f 6139/4/295 6142/4/304 6147/4/499
f 6142/4/304 6139/4/295 6141/4/297
f 6143/4/482 6138/4/296 6146/4/489
f 6138/4/296 6143/4/482 6140/4/294
f 6143/4/482 6141/4/297 6140/4/294
f 6141/4/297 6143/4/482 6142/4/304
f 6149/4/306 6134/4/426 6148/4/307
f 6134/4/426 6149/4/306 6136/4/425
f 6134/4/426 6147/4/427 6148/4/307
f 6147/4/427 6134/4/426 6135/4/291
f 6135/4/291 6146/4/428 6147/4/427
f 6146/4/428 6135/4/291 6137/4/293
f 6149/4/306 6137/4/293 6136/4/425
f 6137/4/293 6149/4/306 6146/4/428
f 6123/4/279 6145/4/310 6149/4/311
f 6145/4/310 6123/4/279 6125/4/281
f 6144/4/312 6122/4/280 6148/4/313
f 6122/4/280 6144/4/312 6124/4/278
f 6148/4/313 6123/4/279 6149/4/311
f 6123/4/279 6148/4/313 6122/4/280
f 6144/4/312 6125/4/281 6124/4/278
f 6125/4/281 6144/4/312 6145/4/310
f 6149/4/314 6133/4/289 6132/4/286
f 6133/4/289 6149/4/314 6145/4/315
f 6130/4/288 6143/4/316 6146/4/317
f 6143/4/316 6130/4/288 6131/4/287
f 6149/4/314 6130/4/288 6146/4/317
f 6130/4/288 6149/4/314 6132/4/286
f 6131/4/287 6145/4/315 6143/4/316
f 6145/4/315 6131/4/287 6133/4/289
f 6142/4/318 6127/4/283 6147/4/319
f 6127/4/283 6142/4/318 6126/4/284
f 6144/4/320 6129/4/285 6128/4/282
f 6129/4/285 6144/4/320 6148/4/321
f 6127/4/283 6148/4/321 6147/4/319
f 6148/4/321 6127/4/283 6129/4/285
f 6144/4/320 6126/4/284 6142/4/318
f 6126/4/284 6144/4/320 6128/4/282
f 6152/7/627 6151/7/626 6150/7/624
f 6151/7/626 6152/7/627 6153/7/625
f 6156/7/638 6155/7/639 6154/7/637
f 6155/7/639 6156/7/638 6157/7/636
f 6160/7/631 6159/7/630 6158/7/628
f 6159/7/630 6160/7/631 6161/7/629
f 6164/7/634 6163/7/635 6162/7/633
f 6163/7/635 6164/7/634 6165/7/632
f 6168/7/642 6167/7/643 6166/7/641
f 6167/7/643 6168/7/642 6169/7/640
f 6172/7/623 6171/7/622 6170/7/620
f 6171/7/622 6172/7/623 6173/7/621
f 6175/7/656 6150/7/624 6174/7/658
f 6150/7/624 6175/7/656 6152/7/627
f 6150/7/624 6176/7/659 6174/7/658
f 6176/7/659 6150/7/624 6151/7/626
f 6151/7/626 6177/7/657 6176/7/659
f 6177/7/657 6151/7/626 6153/7/625
f 6175/7/656 6153/7/625 6152/7/627
f 6153/7/625 6175/7/656 6177/7/657
f 6170/7/620 6179/7/645 6178/7/644
f 6179/7/645 6170/7/620 6171/7/622
f 6171/7/622 6174/7/646 6179/7/645
f 6174/7/646 6171/7/622 6173/7/621
f 6175/7/647 6170/7/620 6178/7/644
f 6170/7/620 6175/7/647 6172/7/623
f 6175/7/647 6173/7/621 6172/7/623
f 6173/7/621 6175/7/647 6174/7/646
f 6181/7/649 6166/7/641 6180/7/648
f 6166/7/641 6181/7/649 6168/7/642
f 6166/7/641 6179/7/650 6180/7/648
f 6179/7/650 6166/7/641 6167/7/643
f 6167/7/643 6178/7/651 6179/7/650
f 6178/7/651 6167/7/643 6169/7/640
f 6181/7/649 6169/7/640 6168/7/642
f 6169/7/640 6181/7/649 6178/7/651
f 6155/7/639 6177/7/652 6181/7/655
f 6177/7/652 6155/7/639 6157/7/636
f 6176/7/653 6154/7/637 6180/7/654
f 6154/7/637 6176/7/653 6156/7/638
f 6180/7/654 6155/7/639 6181/7/655
f 6155/7/639 6180/7/654 6154/7/637
f 6176/7/653 6157/7/636 6156/7/638
f 6157/7/636 6176/7/653 6177/7/652
f 6181/7/663 6165/7/632 6164/7/634
f 6165/7/632 6181/7/663 6177/7/660
f 6162/7/633 6175/7/661 6178/7/662
f 6175/7/661 6162/7/633 6163/7/635
f 6181/7/663 6162/7/633 6178/7/662
f 6162/7/633 6181/7/663 6164/7/634
f 6163/7/635 6177/7/660 6175/7/661
f 6177/7/660 6163/7/635 6165/7/632
f 6174/7/666 6159/7/630 6179/7/664
f 6159/7/630 6174/7/666 6158/7/628
f 6176/7/667 6161/7/629 6160/7/631
f 6161/7/629 6176/7/667 6180/7/665
f 6159/7/630 6180/7/665 6179/7/664
f 6180/7/665 6159/7/630 6161/7/629
f 6176/7/667 6158/7/628 6174/7/666
f 6158/7/628 6176/7/667 6160/7/631
f 6184/6/32 6183/6/32 6182/6/32
f 6183/6/32 6184/6/32 6185/6/32
f 6188/6/8 6187/6/8 6186/6/8
f 6187/6/8 6188/6/8 6189/6/8
f 6187/6/12 6184/6/12 6182/6/12
f 6184/6/12 6187/6/12 6189/6/12
f 6184/6/19 6188/6/19 6185/6/19
f 6188/6/19 6184/6/19 6189/6/19
f 6188/6/23 6183/6/23 6185/6/23
f 6183/6/23 6188/6/23 6186/6/23
f 6187/6/7 6183/6/7 6186/6/7
f 6183/6/7 6187/6/7 6182/6/7
f 6192/6/32 6191/6/32 6190/6/32
f 6191/6/32 6192/6/32 6193/6/32
f 6196/6/8 6195/6/8 6194/6/8
f 6195/6/8 6196/6/8 6197/6/8
f 6195/6/12 6192/6/12 6190/6/12
f 6192/6/12 6195/6/12 6197/6/12
f 6192/6/19 6196/6/19 6193/6/19
f 6196/6/19 6192/6/19 6197/6/19
f 6196/6/23 6191/6/23 6193/6/23
f 6191/6/23 6196/6/23 6194/6/23
f 6195/6/7 6191/6/7 6194/6/7
f 6191/6/7 6195/6/7 6190/6/7
f 6200/6/8 6199/6/8 6198/6/8
f 6199/6/8 6200/6/8 6201/6/8
f 6198/6/19 6203/6/19 6202/6/19
f 6203/6/19 6198/6/19 6199/6/19
f 6205/6/7 6200/6/7 6204/6/7
f 6200/6/7 6205/6/7 6201/6/7
f 6203/6/32 6204/6/32 6202/6/32
f 6204/6/32 6203/6/32 6205/6/32
f 6208/6/7 6207/6/7 6206/6/7
f 6207/6/7 6208/6/7 6209/6/7
f 6208/6/114 6210/6/114 6209/6/114
f 6210/6/114 6208/6/114 6211/6/114
f 6213/6/115 6207/6/115 6212/6/115
f 6207/6/115 6213/6/115 6206/6/115
f 6213/6/116 6208/6/116 6206/6/116
f 6208/6/116 6213/6/116 6211/6/116
f 6210/6/117 6207/6/117 6209/6/117
f 6207/6/117 6210/6/117 6212/6/117
f 6210/6/19 6213/6/19 6212/6/19
f 6213/6/19 6210/6/19 6211/6/19
f 6216/6/7 6215/6/7 6214/6/7
f 6215/6/7 6216/6/7 6217/6/7
f 6216/6/118 6218/6/118 6217/6/118
f 6218/6/118 6216/6/118 6219/6/118
f 6221/6/119 6215/6/119 6220/6/119
f 6215/6/119 6221/6/119 6214/6/119
f 6221/6/120 6216/6/120 6214/6/120
f 6216/6/120 6221/6/120 6219/6/120
f 6218/6/121 6215/6/121 6217/6/121
f 6215/6/121 6218/6/121 6220/6/121
f 6218/6/19 6221/6/19 6220/6/19
f 6221/6/19 6218/6/19 6219/6/19
f 6224/6/7 6223/6/7 6222/6/7
f 6223/6/7 6224/6/7 6225/6/7
f 6224/6/122 6226/6/122 6225/6/122
f 6226/6/122 6224/6/122 6227/6/122
f 6229/6/123 6223/6/123 6228/6/123
f 6223/6/123 6229/6/123 6222/6/123
f 6229/6/124 6224/6/124 6222/6/124
f 6224/6/124 6229/6/124 6227/6/124
f 6226/6/125 6223/6/125 6225/6/125
f 6223/6/125 6226/6/125 6228/6/125
f 6226/6/19 6229/6/19 6228/6/19
f 6229/6/19 6226/6/19 6227/6/19
f 6232/6/8 6231/6/8 6230/6/8
f 6231/6/8 6232/6/8 6233/6/8
f 6230/6/19 6235/6/19 6234/6/19
f 6235/6/19 6230/6/19 6231/6/19
f 6237/6/7 6232/6/7 6236/6/7
f 6232/6/7 6237/6/7 6233/6/7
f 6235/6/32 6236/6/32 6234/6/32
f 6236/6/32 6235/6/32 6237/6/32
f 6240/6/7 6239/6/7 6238/6/7
f 6239/6/7 6240/6/7 6241/6/7
f 6240/6/126 6242/6/126 6241/6/126
f 6242/6/126 6240/6/126 6243/6/126
f 6245/6/127 6239/6/127 6244/6/127
f 6239/6/127 6245/6/127 6238/6/127
f 6245/6/128 6240/6/128 6238/6/128
f 6240/6/128 6245/6/128 6243/6/128
f 6242/6/129 6239/6/129 6241/6/129
f 6239/6/129 6242/6/129 6244/6/129
f 6242/6/19 6245/6/19 6244/6/19
f 6245/6/19 6242/6/19 6243/6/19
f 6248/6/7 6247/6/7 6246/6/7
f 6247/6/7 6248/6/7 6249/6/7
f 6248/6/12 6250/6/12 6249/6/12
f 6250/6/12 6248/6/12 6251/6/12
f 6253/6/23 6247/6/23 6252/6/23
f 6247/6/23 6253/6/23 6246/6/23
f 6253/6/8 6248/6/8 6246/6/8
f 6248/6/8 6253/6/8 6251/6/8
f 6250/6/32 6247/6/32 6249/6/32
f 6247/6/32 6250/6/32 6252/6/32
f 6250/6/19 6253/6/19 6252/6/19
f 6253/6/19 6250/6/19 6251/6/19
f 6256/10/32 6255/10/32 6254/10/32
f 6255/10/32 6256/10/32 6257/10/32
f 6260/10/8 6259/10/8 6258/10/8
f 6259/10/8 6260/10/8 6261/10/8
f 6259/10/23 6256/10/23 6254/10/23
f 6256/10/23 6259/10/23 6261/10/23
f 6256/10/7 6260/10/7 6257/10/7
f 6260/10/7 6256/10/7 6261/10/7
f 6260/10/12 6255/10/12 6257/10/12
f 6255/10/12 6260/10/12 6258/10/12
f 6259/10/19 6255/10/19 6258/10/19
f 6255/10/19 6259/10/19 6254/10/19
f 6264/10/32 6263/10/32 6262/10/32
f 6263/10/32 6264/10/32 6265/10/32
f 6268/10/8 6267/10/8 6266/10/8
f 6267/10/8 6268/10/8 6269/10/8
f 6267/10/23 6264/10/23 6262/10/23
f 6264/10/23 6267/10/23 6269/10/23
f 6264/10/7 6268/10/7 6265/10/7
f 6268/10/7 6264/10/7 6269/10/7
f 6268/10/12 6263/10/12 6265/10/12
f 6263/10/12 6268/10/12 6266/10/12
f 6267/10/19 6263/10/19 6266/10/19
f 6263/10/19 6267/10/19 6262/10/19
f 6272/10/8 6271/10/8 6270/10/8
f 6271/10/8 6272/10/8 6273/10/8
f 6270/10/7 6275/10/7 6274/10/7
f 6275/10/7 6270/10/7 6271/10/7
f 6277/10/19 6272/10/19 6276/10/19
f 6272/10/19 6277/10/19 6273/10/19
f 6275/10/32 6276/10/32 6274/10/32
f 6276/10/32 6275/10/32 6277/10/32
f 6280/10/32 6279/10/32 6278/10/32
f 6279/10/32 6280/10/32 6281/10/32
f 6284/10/8 6283/10/8 6282/10/8
f 6283/10/8 6284/10/8 6285/10/8
f 6283/10/7 6280/10/7 6278/10/7
f 6280/10/7 6283/10/7 6285/10/7
f 6280/10/12 6284/10/12 6281/10/12
f 6284/10/12 6280/10/12 6285/10/12
f 6284/10/19 6279/10/19 6281/10/19
f 6279/10/19 6284/10/19 6282/10/19
f 6283/10/23 6279/10/23 6282/10/23
f 6279/10/23 6283/10/23 6278/10/23
f 6288/10/32 6287/10/32 6286/10/32
f 6287/10/32 6288/10/32 6289/10/32
f 6292/10/8 6291/10/8 6290/10/8
f 6291/10/8 6292/10/8 6293/10/8
f 6291/10/7 6288/10/7 6286/10/7
f 6288/10/7 6291/10/7 6293/10/7
f 6288/10/12 6292/10/12 6289/10/12
f 6292/10/12 6288/10/12 6293/10/12
f 6292/10/19 6287/10/19 6289/10/19
f 6287/10/19 6292/10/19 6290/10/19
f 6291/10/23 6287/10/23 6290/10/23
f 6287/10/23 6291/10/23 6286/10/23
f 6296/10/8 6295/10/8 6294/10/8
f 6295/10/8 6296/10/8 6297/10/8
f 6294/10/12 6299/10/12 6298/10/12
f 6299/10/12 6294/10/12 6295/10/12
f 6301/10/23 6296/10/23 6300/10/23
f 6296/10/23 6301/10/23 6297/10/23
f 6299/10/32 6300/10/32 6298/10/32
f 6300/10/32 6299/10/32 6301/10/32
f 6304/6/32 6303/6/32 6302/6/32
f 6303/6/32 6304/6/32 6305/6/32
f 6308/6/8 6307/6/8 6306/6/8
f 6307/6/8 6308/6/8 6309/6/8
f 6307/6/19 6304/6/19 6302/6/19
f 6304/6/19 6307/6/19 6309/6/19
f 6304/6/23 6308/6/23 6305/6/23
f 6308/6/23 6304/6/23 6309/6/23
f 6308/6/7 6303/6/7 6305/6/7
f 6303/6/7 6308/6/7 6306/6/7
f 6307/6/12 6303/6/12 6306/6/12
f 6303/6/12 6307/6/12 6302/6/12
f 6312/6/32 6311/6/32 6310/6/32
f 6311/6/32 6312/6/32 6313/6/32
f 6316/6/8 6315/6/8 6314/6/8
f 6315/6/8 6316/6/8 6317/6/8
f 6315/6/19 6312/6/19 6310/6/19
f 6312/6/19 6315/6/19 6317/6/19
f 6312/6/23 6316/6/23 6313/6/23
f 6316/6/23 6312/6/23 6317/6/23
f 6316/6/7 6311/6/7 6313/6/7
f 6311/6/7 6316/6/7 6314/6/7
f 6315/6/12 6311/6/12 6314/6/12
f 6311/6/12 6315/6/12 6310/6/12
f 6320/6/8 6319/6/8 6318/6/8
f 6319/6/8 6320/6/8 6321/6/8
f 6318/6/23 6323/6/23 6322/6/23
f 6323/6/23 6318/6/23 6319/6/23
f 6325/6/12 6320/6/12 6324/6/12
f 6320/6/12 6325/6/12 6321/6/12
f 6323/6/32 6324/6/32 6322/6/32
f 6324/6/32 6323/6/32 6325/6/32
f 6328/6/12 6327/6/12 6326/6/12
f 6327/6/12 6328/6/12 6329/6/12
f 6328/6/81 6330/6/81 6329/6/81
f 6330/6/81 6328/6/81 6331/6/81
f 6333/6/82 6327/6/82 6332/6/82
f 6327/6/82 6333/6/82 6326/6/82
f 6333/6/84 6328/6/84 6326/6/84
f 6328/6/84 6333/6/84 6331/6/84
f 6330/6/85 6327/6/85 6329/6/85
f 6327/6/85 6330/6/85 6332/6/85
f 6330/6/23 6333/6/23 6332/6/23
f 6333/6/23 6330/6/23 6331/6/23
f 6336/6/12 6335/6/12 6334/6/12
f 6335/6/12 6336/6/12 6337/6/12
f 6336/6/86 6338/6/86 6337/6/86
f 6338/6/86 6336/6/86 6339/6/86
f 6341/6/87 6335/6/87 6340/6/87
f 6335/6/87 6341/6/87 6334/6/87
f 6341/6/88 6336/6/88 6334/6/88
f 6336/6/88 6341/6/88 6339/6/88
f 6338/6/89 6335/6/89 6337/6/89
f 6335/6/89 6338/6/89 6340/6/89
f 6338/6/23 6341/6/23 6340/6/23
f 6341/6/23 6338/6/23 6339/6/23
f 6344/6/12 6343/6/12 6342/6/12
f 6343/6/12 6344/6/12 6345/6/12
f 6344/6/90 6346/6/90 6345/6/90
f 6346/6/90 6344/6/90 6347/6/90
f 6349/6/91 6343/6/91 6348/6/91
f 6343/6/91 6349/6/91 6342/6/91
f 6349/6/92 6344/6/92 6342/6/92
f 6344/6/92 6349/6/92 6347/6/92
f 6346/6/93 6343/6/93 6345/6/93
f 6343/6/93 6346/6/93 6348/6/93
f 6346/6/23 6349/6/23 6348/6/23
f 6349/6/23 6346/6/23 6347/6/23
f 6352/6/8 6351/6/8 6350/6/8
f 6351/6/8 6352/6/8 6353/6/8
f 6350/6/23 6355/6/23 6354/6/23
f 6355/6/23 6350/6/23 6351/6/23
f 6357/6/12 6352/6/12 6356/6/12
f 6352/6/12 6357/6/12 6353/6/12
f 6355/6/32 6356/6/32 6354/6/32
f 6356/6/32 6355/6/32 6357/6/32
f 6360/6/12 6359/6/12 6358/6/12
f 6359/6/12 6360/6/12 6361/6/12
f 6360/6/94 6362/6/94 6361/6/94
f 6362/6/94 6360/6/94 6363/6/94
f 6365/6/95 6359/6/95 6364/6/95
f 6359/6/95 6365/6/95 6358/6/95
f 6365/6/96 6360/6/96 6358/6/96
f 6360/6/96 6365/6/96 6363/6/96
f 6362/6/97 6359/6/97 6361/6/97
f 6359/6/97 6362/6/97 6364/6/97
f 6362/6/23 6365/6/23 6364/6/23
f 6365/6/23 6362/6/23 6363/6/23
f 6368/6/12 6367/6/12 6366/6/12
f 6367/6/12 6368/6/12 6369/6/12
f 6368/6/19 6370/6/19 6369/6/19
f 6370/6/19 6368/6/19 6371/6/19
f 6373/6/7 6367/6/7 6372/6/7
f 6367/6/7 6373/6/7 6366/6/7
f 6373/6/8 6368/6/8 6366/6/8
f 6368/6/8 6373/6/8 6371/6/8
f 6370/6/32 6367/6/32 6369/6/32
f 6367/6/32 6370/6/32 6372/6/32
f 6370/6/23 6373/6/23 6372/6/23
f 6373/6/23 6370/6/23 6371/6/23
f 6376/4/424 6375/4/275 6374/4/276
f 6375/4/275 6376/4/424 6377/4/277
f 6380/4/278 6379/4/279 6378/4/280
f 6379/4/279 6380/4/278 6381/4/281
f 6384/4/282 6383/4/283 6382/4/284
f 6383/4/283 6384/4/282 6385/4/285
f 6388/4/286 6387/4/287 6386/4/288
f 6387/4/287 6388/4/286 6389/4/289
f 6392/4/425 6391/4/291 6390/4/426
f 6391/4/291 6392/4/425 6393/4/293
f 6396/4/294 6395/4/295 6394/4/296
f 6395/4/295 6396/4/294 6397/4/297
f 6399/4/298 6374/4/276 6398/4/299
f 6374/4/276 6399/4/298 6376/4/424
f 6374/4/276 6400/4/488 6398/4/299
f 6400/4/488 6374/4/276 6375/4/275
f 6375/4/275 6401/4/668 6400/4/488
f 6401/4/668 6375/4/275 6377/4/277
f 6399/4/298 6377/4/277 6376/4/424
f 6377/4/277 6399/4/298 6401/4/668
f 6394/4/296 6403/4/499 6402/4/489
f 6403/4/499 6394/4/296 6395/4/295
f 6395/4/295 6398/4/304 6403/4/499
f 6398/4/304 6395/4/295 6397/4/297
f 6399/4/482 6394/4/296 6402/4/489
f 6394/4/296 6399/4/482 6396/4/294
f 6399/4/482 6397/4/297 6396/4/294
f 6397/4/297 6399/4/482 6398/4/304
f 6405/4/306 6390/4/426 6404/4/307
f 6390/4/426 6405/4/306 6392/4/425
f 6390/4/426 6403/4/427 6404/4/307
f 6403/4/427 6390/4/426 6391/4/291
f 6391/4/291 6402/4/428 6403/4/427
f 6402/4/428 6391/4/291 6393/4/293
f 6405/4/306 6393/4/293 6392/4/425
f 6393/4/293 6405/4/306 6402/4/428
f 6379/4/279 6401/4/310 6405/4/429
f 6401/4/310 6379/4/279 6381/4/281
f 6400/4/312 6378/4/280 6404/4/313
f 6378/4/280 6400/4/312 6380/4/278
f 6404/4/313 6379/4/279 6405/4/429
f 6379/4/279 6404/4/313 6378/4/280
f 6400/4/312 6381/4/281 6380/4/278
f 6381/4/281 6400/4/312 6401/4/310
f 6405/4/314 6389/4/289 6388/4/286
f 6389/4/289 6405/4/314 6401/4/315
f 6386/4/288 6399/4/316 6402/4/317
f 6399/4/316 6386/4/288 6387/4/287
f 6405/4/314 6386/4/288 6402/4/317
f 6386/4/288 6405/4/314 6388/4/286
f 6387/4/287 6401/4/315 6399/4/316
f 6401/4/315 6387/4/287 6389/4/289
f 6398/4/318 6383/4/283 6403/4/319
f 6383/4/283 6398/4/318 6382/4/284
f 6400/4/320 6385/4/285 6384/4/282
f 6385/4/285 6400/4/320 6404/4/321
f 6383/4/283 6404/4/321 6403/4/319
f 6404/4/321 6383/4/283 6385/4/285
f 6400/4/320 6382/4/284 6398/4/318
f 6382/4/284 6400/4/320 6384/4/282
f 6408/10/32 6407/10/32 6406/10/32
f 6407/10/32 6408/10/32 6409/10/32
f 6412/10/8 6411/10/8 6410/10/8
f 6411/10/8 6412/10/8 6413/10/8
f 6411/10/7 6408/10/7 6406/10/7
f 6408/10/7 6411/10/7 6413/10/7
f 6408/10/12 6412/10/12 6409/10/12
f 6412/10/12 6408/10/12 6413/10/12
f 6412/10/19 6407/10/19 6409/10/19
f 6407/10/19 6412/10/19 6410/10/19
f 6411/10/23 6407/10/23 6410/10/23
f 6407/10/23 6411/10/23 6406/10/23
f 6416/10/32 6415/10/32 6414/10/32
f 6415/10/32 6416/10/32 6417/10/32
f 6420/10/8 6419/10/8 6418/10/8
f 6419/10/8 6420/10/8 6421/10/8
f 6419/10/7 6416/10/7 6414/10/7
f 6416/10/7 6419/10/7 6421/10/7
f 6416/10/12 6420/10/12 6417/10/12
f 6420/10/12 6416/10/12 6421/10/12
f 6420/10/19 6415/10/19 6417/10/19
f 6415/10/19 6420/10/19 6418/10/19
f 6419/10/23 6415/10/23 6418/10/23
f 6415/10/23 6419/10/23 6414/10/23
f 6424/10/8 6423/10/8 6422/10/8
f 6423/10/8 6424/10/8 6425/10/8
f 6422/10/12 6427/10/12 6426/10/12
f 6427/10/12 6422/10/12 6423/10/12
f 6429/10/23 6424/10/23 6428/10/23
f 6424/10/23 6429/10/23 6425/10/23
f 6427/10/32 6428/10/32 6426/10/32
f 6428/10/32 6427/10/32 6429/10/32
f 6432/8/178 6431/8/179 6430/8/180
f 6431/8/179 6432/8/178 6433/8/181
f 6436/8/794 6435/8/183 6434/8/184
f 6435/8/183 6436/8/794 6437/8/185
f 6440/8/186 6439/8/187 6438/8/188
f 6439/8/187 6440/8/186 6441/8/795
f 6444/8/190 6443/8/191 6442/8/192
f 6443/8/191 6444/8/190 6445/8/193
f 6448/8/194 6447/8/195 6446/8/196
f 6447/8/195 6448/8/194 6449/8/197
f 6452/8/796 6451/8/199 6450/8/200
f 6451/8/199 6452/8/796 6453/8/201
f 6455/8/202 6430/8/180 6454/8/203
f 6430/8/180 6455/8/202 6432/8/178
f 6430/8/180 6456/8/204 6454/8/203
f 6456/8/204 6430/8/180 6431/8/179
f 6431/8/179 6457/8/205 6456/8/204
f 6457/8/205 6431/8/179 6433/8/181
f 6455/8/202 6433/8/181 6432/8/178
f 6433/8/181 6455/8/202 6457/8/205
f 6450/8/200 6459/8/206 6458/8/207
f 6459/8/206 6450/8/200 6451/8/199
f 6451/8/199 6454/8/208 6459/8/206
f 6454/8/208 6451/8/199 6453/8/201
f 6455/8/209 6450/8/200 6458/8/207
f 6450/8/200 6455/8/209 6452/8/796
f 6455/8/209 6453/8/201 6452/8/796
f 6453/8/201 6455/8/209 6454/8/208
f 6461/8/210 6446/8/196 6460/8/211
f 6446/8/196 6461/8/210 6448/8/194
f 6446/8/196 6459/8/212 6460/8/211
f 6459/8/212 6446/8/196 6447/8/195
f 6447/8/195 6458/8/213 6459/8/212
f 6458/8/213 6447/8/195 6449/8/197
f 6461/8/210 6449/8/197 6448/8/194
f 6449/8/197 6461/8/210 6458/8/213
f 6435/8/183 6457/8/214 6461/8/215
f 6457/8/214 6435/8/183 6437/8/185
f 6456/8/216 6434/8/184 6460/8/217
f 6434/8/184 6456/8/216 6436/8/794
f 6460/8/217 6435/8/183 6461/8/215
f 6435/8/183 6460/8/217 6434/8/184
f 6456/8/216 6437/8/185 6436/8/794
f 6437/8/185 6456/8/216 6457/8/214
f 6461/8/218 6445/8/193 6444/8/190
f 6445/8/193 6461/8/218 6457/8/219
f 6442/8/192 6455/8/220 6458/8/221
f 6455/8/220 6442/8/192 6443/8/191
f 6461/8/218 6442/8/192 6458/8/221
f 6442/8/192 6461/8/218 6444/8/190
f 6443/8/191 6457/8/219 6455/8/220
f 6457/8/219 6443/8/191 6445/8/193
f 6454/8/222 6439/8/187 6459/8/797
f 6439/8/187 6454/8/222 6438/8/188
f 6456/8/224 6441/8/795 6440/8/186
f 6441/8/795 6456/8/224 6460/8/225
f 6439/8/187 6460/8/225 6459/8/797
f 6460/8/225 6439/8/187 6441/8/795
f 6456/8/224 6438/8/188 6454/8/222
f 6438/8/188 6456/8/224 6440/8/186
f 6464/13/7 6463/13/7 6462/13/7
f 4577/13/32 6463/13/32 6464/13/32
f 6463/13/32 4577/13/32 4576/13/32
f 6467/12/714 6466/12/714 6465/12/714
f 6466/12/714 6467/12/714 6468/12/714
f 6466/12/713 6470/12/713 6469/12/713
f 6470/12/713 6466/12/713 6468/12/713
f 6466/12/7 6471/12/7 6465/12/7
f 6471/12/7 6466/12/7 6472/12/7
f 6472/12/7 6466/12/7 6469/12/7
f 6472/12/7 6469/12/7 6473/12/7
f 6473/12/712 6470/12/712 6474/12/712
f 6470/12/712 6473/12/712 6469/12/712
f 6467/12/711 6471/12/711 6475/12/711
f 6471/12/711 6467/12/711 6465/12/711
f 6462/12/712 6463/12/712 6472/12/712
f 6463/12/712 6471/12/712 6472/12/712
f 6471/12/712 6463/12/712 6475/12/712
f 6475/12/712 6463/12/712 4576/12/712
f 6475/12/712 4576/12/712 6476/12/712
f 6476/12/712 4576/12/712 4575/12/712
f 6475/12/19 6468/12/19 6467/12/19
f 6468/12/19 6475/12/19 6476/12/19
f 6468/12/19 6476/12/19 6474/12/19
f 6468/12/19 6474/12/19 6470/12/19
f 4575/12/711 6474/12/711 6476/12/711
f 4577/12/711 6474/12/711 4575/12/711
f 6464/12/711 6474/12/711 4577/12/711
f 6464/12/711 6473/12/711 6474/12/711
f 6473/12/711 6464/12/711 6472/12/711
f 6462/12/711 6472/12/711 6464/12/711
f 6478/13/7 6463/13/7 6477/13/7
f 6480/13/19 6479/13/19 4576/13/19
f 6478/13/32 6479/13/32 6480/13/32
f 6479/13/32 6478/13/32 6477/13/32
f 6463/12/12 6479/13/12 6477/13/12
f 6479/13/12 6463/12/12 4576/12/12
f 6483/12/19 6482/12/19 6481/12/19
f 6482/12/19 6483/12/19 6484/12/19
f 6463/12/712 6486/12/712 6485/12/712
f 6478/12/712 6486/12/712 6463/12/712
f 6480/12/712 6486/12/712 6478/12/712
f 6480/12/712 6484/12/712 6486/12/712
f 6484/12/712 6480/12/712 6482/12/712
f 4576/12/712 6482/12/712 6480/12/712
f 6483/12/711 6486/12/711 6484/12/711
f 6486/12/711 6483/12/711 6487/12/711
f 6486/12/7 6488/12/7 6485/12/7
f 6488/12/7 6486/12/7 6487/12/7
f 6488/12/12 6463/12/12 6485/12/12
f 6463/12/12 6488/12/12 4576/12/12
f 4576/12/12 6488/12/12 6482/12/12
f 6482/12/12 6488/12/12 6481/12/12
f 6488/12/714 6483/12/714 6481/12/714
f 6483/12/714 6488/12/714 6487/12/714
f 6490/13/32 6477/13/32 6489/13/32
f 6477/13/32 6490/13/32 6479/13/32
f 6490/13/19 4576/13/19 6479/13/19
f 4576/13/19 6490/13/19 4577/13/19
f 4576/13/23 6477/13/23 6479/13/23
f 6477/13/23 4576/13/23 6463/13/23
f 6464/13/12 6490/13/12 6489/13/12
f 6490/13/12 6464/13/12 4577/13/12
f 6464/13/7 6477/13/7 6463/13/7
f 6477/13/7 6464/13/7 6489/13/7
f 4576/13/8 6464/13/8 6463/13/8
f 6464/13/8 4576/13/8 4577/13/8
f 6493/10/32 6492/10/32 6491/10/32
f 6492/10/32 6493/10/32 6494/10/32
f 6497/10/8 6496/10/8 6495/10/8
f 6496/10/8 6497/10/8 6498/10/8
f 6496/10/7 6493/10/7 6491/10/7
f 6493/10/7 6496/10/7 6498/10/7
f 6493/10/12 6497/10/12 6494/10/12
f 6497/10/12 6493/10/12 6498/10/12
f 6497/10/19 6492/10/19 6494/10/19
f 6492/10/19 6497/10/19 6495/10/19
f 6496/10/23 6492/10/23 6495/10/23
f 6492/10/23 6496/10/23 6491/10/23
f 6501/10/32 6500/10/32 6499/10/32
f 6500/10/32 6501/10/32 6502/10/32
f 6505/10/8 6504/10/8 6503/10/8
f 6504/10/8 6505/10/8 6506/10/8
f 6504/10/7 6501/10/7 6499/10/7
f 6501/10/7 6504/10/7 6506/10/7
f 6501/10/12 6505/10/12 6502/10/12
f 6505/10/12 6501/10/12 6506/10/12
f 6505/10/19 6500/10/19 6502/10/19
f 6500/10/19 6505/10/19 6503/10/19
f 6504/10/23 6500/10/23 6503/10/23
f 6500/10/23 6504/10/23 6499/10/23
f 6509/10/8 6508/10/8 6507/10/8
f 6508/10/8 6509/10/8 6510/10/8
f 6507/10/12 6512/10/12 6511/10/12
f 6512/10/12 6507/10/12 6508/10/12
f 6514/10/23 6509/10/23 6513/10/23
f 6509/10/23 6514/10/23 6510/10/23
f 6512/10/32 6513/10/32 6511/10/32
f 6513/10/32 6512/10/32 6514/10/32
f 4422/13/19 4421/13/19 4406/13/19
f 6480/13/32 4421/13/32 4422/13/32
f 4421/13/32 6480/13/32 6479/13/32
f 4576/12/12 4421/13/12 6479/13/12
f 4421/13/12 4576/12/12 4406/12/12
f 6517/12/19 6516/12/19 6515/12/19
f 6516/12/19 6517/12/19 6518/12/19
f 4576/12/712 6520/12/712 6519/12/712
f 6480/12/712 6520/12/712 4576/12/712
f 4422/12/712 6520/12/712 6480/12/712
f 4422/12/712 6518/12/712 6520/12/712
f 6518/12/712 4422/12/712 6516/12/712
f 4406/12/712 6516/12/712 4422/12/712
f 6517/12/711 6520/12/711 6518/12/711
f 6520/12/711 6517/12/711 6521/12/711
f 6520/12/7 6522/12/7 6519/12/7
f 6522/12/7 6520/12/7 6521/12/7
f 6522/12/12 4576/12/12 6519/12/12
f 4576/12/12 6522/12/12 4406/12/12
f 4406/12/12 6522/12/12 6516/12/12
f 6516/12/12 6522/12/12 6515/12/12
f 6522/12/714 6517/12/714 6515/12/714
f 6517/12/714 6522/12/714 6521/12/714
f 6525/10/32 6524/10/32 6523/10/32
f 6524/10/32 6525/10/32 6526/10/32
f 6529/10/8 6528/10/8 6527/10/8
f 6528/10/8 6529/10/8 6530/10/8
f 6528/10/23 6525/10/23 6523/10/23
f 6525/10/23 6528/10/23 6530/10/23
f 6525/10/7 6529/10/7 6526/10/7
f 6529/10/7 6525/10/7 6530/10/7
f 6529/10/12 6524/10/12 6526/10/12
f 6524/10/12 6529/10/12 6527/10/12
f 6528/10/19 6524/10/19 6527/10/19
f 6524/10/19 6528/10/19 6523/10/19
f 6533/10/32 6532/10/32 6531/10/32
f 6532/10/32 6533/10/32 6534/10/32
f 6537/10/8 6536/10/8 6535/10/8
f 6536/10/8 6537/10/8 6538/10/8
f 6536/10/23 6533/10/23 6531/10/23
f 6533/10/23 6536/10/23 6538/10/23
f 6533/10/7 6537/10/7 6534/10/7
f 6537/10/7 6533/10/7 6538/10/7
f 6537/10/12 6532/10/12 6534/10/12
f 6532/10/12 6537/10/12 6535/10/12
f 6536/10/19 6532/10/19 6535/10/19
f 6532/10/19 6536/10/19 6531/10/19
f 6541/10/8 6540/10/8 6539/10/8
f 6540/10/8 6541/10/8 6542/10/8
f 6539/10/7 6544/10/7 6543/10/7
f 6544/10/7 6539/10/7 6540/10/7
f 6546/10/19 6541/10/19 6545/10/19
f 6541/10/19 6546/10/19 6542/10/19
f 6544/10/32 6545/10/32 6543/10/32
f 6545/10/32 6544/10/32 6546/10/32
f 6549/10/32 6548/10/32 6547/10/32
f 6548/10/32 6549/10/32 6550/10/32
f 6553/10/8 6552/10/8 6551/10/8
f 6552/10/8 6553/10/8 6554/10/8
f 6552/10/23 6549/10/23 6547/10/23
f 6549/10/23 6552/10/23 6554/10/23
f 6549/10/7 6553/10/7 6550/10/7
f 6553/10/7 6549/10/7 6554/10/7
f 6553/10/12 6548/10/12 6550/10/12
f 6548/10/12 6553/10/12 6551/10/12
f 6552/10/19 6548/10/19 6551/10/19
f 6548/10/19 6552/10/19 6547/10/19
f 6557/10/32 6556/10/32 6555/10/32
f 6556/10/32 6557/10/32 6558/10/32
f 6561/10/8 6560/10/8 6559/10/8
f 6560/10/8 6561/10/8 6562/10/8
f 6560/10/23 6557/10/23 6555/10/23
f 6557/10/23 6560/10/23 6562/10/23
f 6557/10/7 6561/10/7 6558/10/7
f 6561/10/7 6557/10/7 6562/10/7
f 6561/10/12 6556/10/12 6558/10/12
f 6556/10/12 6561/10/12 6559/10/12
f 6560/10/19 6556/10/19 6559/10/19
f 6556/10/19 6560/10/19 6555/10/19
f 6565/10/8 6564/10/8 6563/10/8
f 6564/10/8 6565/10/8 6566/10/8
f 6563/10/7 6568/10/7 6567/10/7
f 6568/10/7 6563/10/7 6564/10/7
f 6570/10/19 6565/10/19 6569/10/19
f 6565/10/19 6570/10/19 6566/10/19
f 6568/10/32 6569/10/32 6567/10/32
f 6569/10/32 6568/10/32 6570/10/32
f 6573/10/32 6572/10/32 6571/10/32
f 6572/10/32 6573/10/32 6574/10/32
f 6577/10/8 6576/10/8 6575/10/8
f 6576/10/8 6577/10/8 6578/10/8
f 6576/10/23 6573/10/23 6571/10/23
f 6573/10/23 6576/10/23 6578/10/23
f 6573/10/7 6577/10/7 6574/10/7
f 6577/10/7 6573/10/7 6578/10/7
f 6577/10/12 6572/10/12 6574/10/12
f 6572/10/12 6577/10/12 6575/10/12
f 6576/10/19 6572/10/19 6575/10/19
f 6572/10/19 6576/10/19 6571/10/19
f 6581/10/32 6580/10/32 6579/10/32
f 6580/10/32 6581/10/32 6582/10/32
f 6585/10/8 6584/10/8 6583/10/8
f 6584/10/8 6585/10/8 6586/10/8
f 6584/10/23 6581/10/23 6579/10/23
f 6581/10/23 6584/10/23 6586/10/23
f 6581/10/7 6585/10/7 6582/10/7
f 6585/10/7 6581/10/7 6586/10/7
f 6585/10/12 6580/10/12 6582/10/12
f 6580/10/12 6585/10/12 6583/10/12
f 6584/10/19 6580/10/19 6583/10/19
f 6580/10/19 6584/10/19 6579/10/19
f 6589/10/8 6588/10/8 6587/10/8
f 6588/10/8 6589/10/8 6590/10/8
f 6587/10/7 6592/10/7 6591/10/7
f 6592/10/7 6587/10/7 6588/10/7
f 6594/10/19 6589/10/19 6593/10/19
f 6589/10/19 6594/10/19 6590/10/19
f 6592/10/32 6593/10/32 6591/10/32
f 6593/10/32 6592/10/32 6594/10/32
f 6597/10/32 6596/10/32 6595/10/32
f 6596/10/32 6597/10/32 6598/10/32
f 6601/10/8 6600/10/8 6599/10/8
f 6600/10/8 6601/10/8 6602/10/8
f 6600/10/23 6597/10/23 6595/10/23
f 6597/10/23 6600/10/23 6602/10/23
f 6597/10/7 6601/10/7 6598/10/7
f 6601/10/7 6597/10/7 6602/10/7
f 6601/10/12 6596/10/12 6598/10/12
f 6596/10/12 6601/10/12 6599/10/12
f 6600/10/19 6596/10/19 6599/10/19
f 6596/10/19 6600/10/19 6595/10/19
f 6574/10/32 6603/10/32 6572/10/32
f 6603/10/32 6574/10/32 6604/10/32
f 6606/10/8 6575/10/8 6605/10/8
f 6575/10/8 6606/10/8 6577/10/8
f 6575/10/23 6574/10/23 6572/10/23
f 6574/10/23 6575/10/23 6577/10/23
f 6574/10/7 6606/10/7 6604/10/7
f 6606/10/7 6574/10/7 6577/10/7
f 6606/10/12 6603/10/12 6604/10/12
f 6603/10/12 6606/10/12 6605/10/12
f 6575/10/19 6603/10/19 6605/10/19
f 6603/10/19 6575/10/19 6572/10/19
f 6609/10/8 6608/10/8 6607/10/8
f 6608/10/8 6609/10/8 6610/10/8
f 6607/10/7 6612/10/7 6611/10/7
f 6612/10/7 6607/10/7 6608/10/7
f 6614/10/19 6609/10/19 6613/10/19
f 6609/10/19 6614/10/19 6610/10/19
f 6612/10/32 6613/10/32 6611/10/32
f 6613/10/32 6612/10/32 6614/10/32
f 6617/9/23 6616/9/23 6615/9/23
f 6616/9/23 6617/9/23 6618/9/23
f 6620/9/737 6619/9/737 6615/9/737
f 6619/9/737 6620/9/737 6621/9/737
f 6623/9/12 6619/9/12 6622/9/12
f 6619/9/12 6623/9/12 6624/9/12
f 6626/9/743 6622/9/743 6625/9/743
f 6622/9/743 6626/9/743 6616/9/743
f 6625/9/7 6627/9/7 6626/9/7
f 6627/9/7 6625/9/7 6628/9/7
f 6620/9/23 6627/9/23 6629/9/23
f 6627/9/23 6620/9/23 6626/9/23
f 6619/9/19 6617/9/19 6615/9/19
f 6617/9/19 6619/9/19 6624/9/19
f 6618/9/7 6622/9/7 6616/9/7
f 6622/9/7 6618/9/7 6623/9/7
f 6622/9/713 6621/9/713 6625/9/713
f 6621/9/713 6622/9/713 6619/9/713
f 6625/9/12 6630/9/12 6628/9/12
f 6630/9/12 6625/9/12 6621/9/12
f 6630/9/19 6620/9/19 6629/9/19
f 6620/9/19 6630/9/19 6621/9/19
f 6633/9/8 6632/9/8 6631/9/8
f 6632/9/8 6633/9/8 6634/9/8
f 6630/9/32 6627/9/32 6628/9/32
f 6627/9/32 6630/9/32 6629/9/32
f 6631/9/12 6636/9/12 6635/9/12
f 6636/9/12 6631/9/12 6632/9/12
f 6620/9/714 6616/9/714 6626/9/714
f 6616/9/714 6620/9/714 6615/9/714
f 6639/9/798 6638/9/798 6637/9/798
f 6638/9/798 6639/9/798 6640/9/798
f 6634/9/23 6640/9/23 6639/9/23
f 6640/9/23 6634/9/23 6633/9/23
f 6631/9/7 6640/9/7 6633/9/7
f 6640/9/7 6631/9/7 6635/9/7
f 6635/9/799 6638/9/799 6640/9/799
f 6638/9/799 6635/9/799 6641/9/799
f 6636/9/19 6634/9/19 6639/9/19
f 6634/9/19 6636/9/19 6632/9/19
f 6637/9/800 6636/9/800 6639/9/800
f 6636/9/800 6637/9/800 6642/9/800
f 6635/9/801 6642/9/801 6641/9/801
f 6642/9/801 6635/9/801 6636/9/801
f 6637/9/23 6618/9/23 6617/9/23
f 6618/9/23 6637/9/23 6638/9/23
f 6641/9/7 6618/9/7 6638/9/7
f 6618/9/7 6641/9/7 6623/9/7
f 6641/9/12 6624/9/12 6623/9/12
f 6624/9/12 6641/9/12 6642/9/12
f 6624/9/19 6637/9/19 6617/9/19
f 6637/9/19 6624/9/19 6642/9/19
f 6645/9/23 6644/9/23 6643/9/23
f 6644/9/23 6645/9/23 6646/9/23
f 6649/9/12 6648/9/12 6647/9/12
f 6648/9/12 6649/9/12 6650/9/12
f 6649/9/7 6644/9/7 6646/9/7
f 6644/9/7 6649/9/7 6647/9/7
f 6648/9/19 6645/9/19 6643/9/19
f 6645/9/19 6648/9/19 6650/9/19
f 6651/9/802 6648/9/802 6643/9/803
f 6648/9/802 6651/9/802 6652/9/802
f 6644/9/804 6654/9/804 6653/9/804
f 6654/9/804 6644/9/804 6647/9/805
f 6654/9/7 6655/9/7 6653/9/7
f 6655/9/7 6654/9/7 6656/9/7
f 6651/9/23 6655/9/23 6657/9/23
f 6655/9/23 6651/9/23 6653/9/23
f 6647/9/806 6652/9/806 6654/9/806
f 6652/9/806 6647/9/806 6648/9/807
f 6654/9/12 6658/9/12 6656/9/12
f 6658/9/12 6654/9/12 6652/9/12
f 6658/9/19 6651/9/19 6657/9/19
f 6651/9/19 6658/9/19 6652/9/19
f 6661/9/8 6660/9/8 6659/9/8
f 6660/9/8 6661/9/8 6662/9/8
f 6658/9/32 6655/9/32 6656/9/32
f 6655/9/32 6658/9/32 6657/9/32
f 6659/9/12 6664/9/12 6663/9/12
f 6664/9/12 6659/9/12 6660/9/12
f 6651/9/808 6644/9/809 6653/9/808
f 6644/9/809 6651/9/808 6643/9/808
f 6665/9/810 6646/9/810 6645/9/810
f 6646/9/810 6665/9/810 6666/9/811
f 6662/9/23 6666/9/23 6665/9/23
f 6666/9/23 6662/9/23 6661/9/23
f 6659/9/7 6666/9/7 6661/9/7
f 6666/9/7 6659/9/7 6663/9/7
f 6663/9/812 6646/9/813 6666/9/813
f 6646/9/813 6663/9/812 6649/9/813
f 6664/9/19 6662/9/19 6665/9/19
f 6662/9/19 6664/9/19 6660/9/19
f 6645/9/814 6664/9/814 6665/9/815
f 6664/9/814 6645/9/814 6650/9/814
f 6663/9/816 6650/9/816 6649/9/816
f 6650/9/816 6663/9/816 6664/9/817
f 6669/12/785 6668/12/785 6667/12/785
f 6668/12/785 6669/12/785 6670/12/785
f 6672/12/786 6669/12/786 6671/12/786
f 6669/12/786 6672/12/786 6673/12/786
f 6671/12/787 6667/12/787 6674/12/787
f 6667/12/787 6671/12/787 6669/12/787
f 6671/12/32 6675/12/32 6672/12/32
f 6675/12/32 6671/12/32 6674/12/32
f 6667/12/788 6675/12/788 6674/12/788
f 6675/12/788 6667/12/788 6676/12/788
f 6668/12/8 6678/12/8 6677/12/8
f 6678/12/8 6668/12/8 6670/12/8
f 6676/12/789 6672/12/789 6675/12/789
f 6672/12/789 6676/12/789 6673/12/789
f 6668/12/790 6676/12/790 6667/12/790
f 6676/12/790 6668/12/790 6677/12/790
f 6673/12/791 6670/12/791 6669/12/791
f 6670/12/791 6673/12/791 6678/12/791
f 6677/12/792 6673/12/792 6676/12/792
f 6673/12/792 6677/12/792 6678/12/792
f 6681/10/32 6680/10/32 6679/10/32
f 6680/10/32 6681/10/32 6682/10/32
f 6685/10/8 6684/10/8 6683/10/8
f 6684/10/8 6685/10/8 6686/10/8
f 6684/10/7 6681/10/7 6679/10/7
f 6681/10/7 6684/10/7 6686/10/7
f 6681/10/12 6685/10/12 6682/10/12
f 6685/10/12 6681/10/12 6686/10/12
f 6685/10/19 6680/10/19 6682/10/19
f 6680/10/19 6685/10/19 6683/10/19
f 6684/10/23 6680/10/23 6683/10/23
f 6680/10/23 6684/10/23 6679/10/23
f 6689/10/32 6688/10/32 6687/10/32
f 6688/10/32 6689/10/32 6690/10/32
f 6693/10/8 6692/10/8 6691/10/8
f 6692/10/8 6693/10/8 6694/10/8
f 6692/10/7 6689/10/7 6687/10/7
f 6689/10/7 6692/10/7 6694/10/7
f 6689/10/12 6693/10/12 6690/10/12
f 6693/10/12 6689/10/12 6694/10/12
f 6693/10/19 6688/10/19 6690/10/19
f 6688/10/19 6693/10/19 6691/10/19
f 6692/10/23 6688/10/23 6691/10/23
f 6688/10/23 6692/10/23 6687/10/23
f 6697/10/8 6696/10/8 6695/10/8
f 6696/10/8 6697/10/8 6698/10/8
f 6695/10/12 6700/10/12 6699/10/12
f 6700/10/12 6695/10/12 6696/10/12
f 6702/10/23 6697/10/23 6701/10/23
f 6697/10/23 6702/10/23 6698/10/23
f 6700/10/32 6701/10/32 6699/10/32
f 6701/10/32 6700/10/32 6702/10/32
f 6705/10/32 6704/10/32 6703/10/32
f 6704/10/32 6705/10/32 6706/10/32
f 6709/10/8 6708/10/8 6707/10/8
f 6708/10/8 6709/10/8 6710/10/8
f 6708/10/23 6705/10/23 6703/10/23
f 6705/10/23 6708/10/23 6710/10/23
f 6705/10/7 6709/10/7 6706/10/7
f 6709/10/7 6705/10/7 6710/10/7
f 6709/10/12 6704/10/12 6706/10/12
f 6704/10/12 6709/10/12 6707/10/12
f 6708/10/19 6704/10/19 6707/10/19
f 6704/10/19 6708/10/19 6703/10/19
f 6713/10/32 6712/10/32 6711/10/32
f 6712/10/32 6713/10/32 6714/10/32
f 6717/10/8 6716/10/8 6715/10/8
f 6716/10/8 6717/10/8 6718/10/8
f 6716/10/23 6713/10/23 6711/10/23
f 6713/10/23 6716/10/23 6718/10/23
f 6713/10/7 6717/10/7 6714/10/7
f 6717/10/7 6713/10/7 6718/10/7
f 6717/10/12 6712/10/12 6714/10/12
f 6712/10/12 6717/10/12 6715/10/12
f 6716/10/19 6712/10/19 6715/10/19
f 6712/10/19 6716/10/19 6711/10/19
f 6721/10/8 6720/10/8 6719/10/8
f 6720/10/8 6721/10/8 6722/10/8
f 6719/10/7 6724/10/7 6723/10/7
f 6724/10/7 6719/10/7 6720/10/7
f 6726/10/19 6721/10/19 6725/10/19
f 6721/10/19 6726/10/19 6722/10/19
f 6724/10/32 6725/10/32 6723/10/32
f 6725/10/32 6724/10/32 6726/10/32
f 6729/10/32 6728/10/32 6727/10/32
f 6728/10/32 6729/10/32 6730/10/32
f 6733/10/8 6732/10/8 6731/10/8
f 6732/10/8 6733/10/8 6734/10/8
f 6732/10/7 6729/10/7 6727/10/7
f 6729/10/7 6732/10/7 6734/10/7
f 6729/10/12 6733/10/12 6730/10/12
f 6733/10/12 6729/10/12 6734/10/12
f 6733/10/19 6728/10/19 6730/10/19
f 6728/10/19 6733/10/19 6731/10/19
f 6732/10/23 6728/10/23 6731/10/23
f 6728/10/23 6732/10/23 6727/10/23
f 6737/10/32 6736/10/32 6735/10/32
f 6736/10/32 6737/10/32 6738/10/32
f 6741/10/8 6740/10/8 6739/10/8
f 6740/10/8 6741/10/8 6742/10/8
f 6740/10/7 6737/10/7 6735/10/7
f 6737/10/7 6740/10/7 6742/10/7
f 6737/10/12 6741/10/12 6738/10/12
f 6741/10/12 6737/10/12 6742/10/12
f 6741/10/19 6736/10/19 6738/10/19
f 6736/10/19 6741/10/19 6739/10/19
f 6740/10/23 6736/10/23 6739/10/23
f 6736/10/23 6740/10/23 6735/10/23
f 6745/10/8 6744/10/8 6743/10/8
f 6744/10/8 6745/10/8 6746/10/8
f 6743/10/12 6748/10/12 6747/10/12
f 6748/10/12 6743/10/12 6744/10/12
f 6750/10/23 6745/10/23 6749/10/23
f 6745/10/23 6750/10/23 6746/10/23
f 6748/10/32 6749/10/32 6747/10/32
f 6749/10/32 6748/10/32 6750/10/32
f 6753/10/32 6752/10/32 6751/10/32
f 6752/10/32 6753/10/32 6754/10/32
f 6757/10/8 6756/10/8 6755/10/8
f 6756/10/8 6757/10/8 6758/10/8
f 6756/10/23 6753/10/23 6751/10/23
f 6753/10/23 6756/10/23 6758/10/23
f 6753/10/7 6757/10/7 6754/10/7
f 6757/10/7 6753/10/7 6758/10/7
f 6757/10/12 6752/10/12 6754/10/12
f 6752/10/12 6757/10/12 6755/10/12
f 6756/10/19 6752/10/19 6755/10/19
f 6752/10/19 6756/10/19 6751/10/19
f 6761/10/32 6760/10/32 6759/10/32
f 6760/10/32 6761/10/32 6762/10/32
f 6765/10/8 6764/10/8 6763/10/8
f 6764/10/8 6765/10/8 6766/10/8
f 6764/10/23 6761/10/23 6759/10/23
f 6761/10/23 6764/10/23 6766/10/23
f 6761/10/7 6765/10/7 6762/10/7
f 6765/10/7 6761/10/7 6766/10/7
f 6765/10/12 6760/10/12 6762/10/12
f 6760/10/12 6765/10/12 6763/10/12
f 6764/10/19 6760/10/19 6763/10/19
f 6760/10/19 6764/10/19 6759/10/19
f 6769/10/8 6768/10/8 6767/10/8
f 6768/10/8 6769/10/8 6770/10/8
f 6767/10/7 6772/10/7 6771/10/7
f 6772/10/7 6767/10/7 6768/10/7
f 6774/10/19 6769/10/19 6773/10/19
f 6769/10/19 6774/10/19 6770/10/19
f 6772/10/32 6773/10/32 6771/10/32
f 6773/10/32 6772/10/32 6774/10/32
f 6777/4/33 6776/4/34 6775/4/35
f 6776/4/34 6777/4/33 6778/4/36
f 6781/4/504 6780/4/38 6779/4/39
f 6780/4/38 6781/4/504 6782/4/784
f 6785/4/41 6784/4/42 6783/4/43
f 6784/4/42 6785/4/41 6786/4/44
f 6789/4/45 6788/4/46 6787/4/47
f 6788/4/46 6789/4/45 6790/4/48
f 6793/4/49 6792/4/50 6791/4/51
f 6792/4/50 6793/4/49 6794/4/52
f 6797/4/53 6796/4/54 6795/4/55
f 6796/4/54 6797/4/53 6798/4/56
f 6800/4/57 6775/4/35 6799/4/58
f 6775/4/35 6800/4/57 6777/4/33
f 6775/4/35 6801/4/59 6799/4/58
f 6801/4/59 6775/4/35 6776/4/34
f 6776/4/34 6802/4/60 6801/4/59
f 6802/4/60 6776/4/34 6778/4/36
f 6800/4/57 6778/4/36 6777/4/33
f 6778/4/36 6800/4/57 6802/4/60
f 6795/4/55 6804/4/61 6803/4/62
f 6804/4/61 6795/4/55 6796/4/54
f 6796/4/54 6799/4/63 6804/4/61
f 6799/4/63 6796/4/54 6798/4/56
f 6800/4/64 6795/4/55 6803/4/62
f 6795/4/55 6800/4/64 6797/4/53
f 6800/4/64 6798/4/56 6797/4/53
f 6798/4/56 6800/4/64 6799/4/63
f 6806/4/65 6791/4/51 6805/4/66
f 6791/4/51 6806/4/65 6793/4/49
f 6791/4/51 6804/4/67 6805/4/66
f 6804/4/67 6791/4/51 6792/4/50
f 6792/4/50 6803/4/68 6804/4/67
f 6803/4/68 6792/4/50 6794/4/52
f 6806/4/65 6794/4/52 6793/4/49
f 6794/4/52 6806/4/65 6803/4/68
f 6780/4/38 6802/4/69 6806/4/70
f 6802/4/69 6780/4/38 6782/4/784
f 6801/4/71 6779/4/39 6805/4/72
f 6779/4/39 6801/4/71 6781/4/504
f 6805/4/72 6780/4/38 6806/4/70
f 6780/4/38 6805/4/72 6779/4/39
f 6801/4/71 6782/4/784 6781/4/504
f 6782/4/784 6801/4/71 6802/4/69
f 6806/4/73 6790/4/48 6789/4/45
f 6790/4/48 6806/4/73 6802/4/74
f 6787/4/47 6800/4/75 6803/4/76
f 6800/4/75 6787/4/47 6788/4/46
f 6806/4/73 6787/4/47 6803/4/76
f 6787/4/47 6806/4/73 6789/4/45
f 6788/4/46 6802/4/74 6800/4/75
f 6802/4/74 6788/4/46 6790/4/48
f 6799/4/77 6784/4/42 6804/4/78
f 6784/4/42 6799/4/77 6783/4/43
f 6801/4/79 6786/4/44 6785/4/41
f 6786/4/44 6801/4/79 6805/4/80
f 6784/4/42 6805/4/80 6804/4/78
f 6805/4/80 6784/4/42 6786/4/44
f 6801/4/79 6783/4/43 6799/4/77
f 6783/4/43 6801/4/79 6785/4/41
f 6809/12/785 6808/12/785 6807/12/785
f 6808/12/785 6809/12/785 6810/12/785
f 6812/12/786 6809/12/786 6811/12/786
f 6809/12/786 6812/12/786 6813/12/786
f 6811/12/787 6807/12/787 6814/12/787
f 6807/12/787 6811/12/787 6809/12/787
f 6811/12/32 6815/12/32 6812/12/32
f 6815/12/32 6811/12/32 6814/12/32
f 6807/12/788 6815/12/788 6814/12/788
f 6815/12/788 6807/12/788 6816/12/788
f 6808/12/8 6818/12/8 6817/12/8
f 6818/12/8 6808/12/8 6810/12/8
f 6816/12/789 6812/12/789 6815/12/789
f 6812/12/789 6816/12/789 6813/12/789
f 6808/12/790 6816/12/790 6807/12/790
f 6816/12/790 6808/12/790 6817/12/790
f 6813/12/791 6810/12/791 6809/12/791
f 6810/12/791 6813/12/791 6818/12/791
f 6817/12/792 6813/12/792 6816/12/792
f 6813/12/792 6817/12/792 6818/12/792
f 6821/10/32 6820/10/32 6819/10/32
f 6820/10/32 6821/10/32 6822/10/32
f 6825/10/8 6824/10/8 6823/10/8
f 6824/10/8 6825/10/8 6826/10/8
f 6824/10/23 6821/10/23 6819/10/23
f 6821/10/23 6824/10/23 6826/10/23
f 6821/10/7 6825/10/7 6822/10/7
f 6825/10/7 6821/10/7 6826/10/7
f 6825/10/12 6820/10/12 6822/10/12
f 6820/10/12 6825/10/12 6823/10/12
f 6824/10/19 6820/10/19 6823/10/19
f 6820/10/19 6824/10/19 6819/10/19
f 6829/10/32 6828/10/32 6827/10/32
f 6828/10/32 6829/10/32 6830/10/32
f 6833/10/8 6832/10/8 6831/10/8
f 6832/10/8 6833/10/8 6834/10/8
f 6832/10/23 6829/10/23 6827/10/23
f 6829/10/23 6832/10/23 6834/10/23
f 6829/10/7 6833/10/7 6830/10/7
f 6833/10/7 6829/10/7 6834/10/7
f 6833/10/12 6828/10/12 6830/10/12
f 6828/10/12 6833/10/12 6831/10/12
f 6832/10/19 6828/10/19 6831/10/19
f 6828/10/19 6832/10/19 6827/10/19
f 6837/10/8 6836/10/8 6835/10/8
f 6836/10/8 6837/10/8 6838/10/8
f 6835/10/7 6840/10/7 6839/10/7
f 6840/10/7 6835/10/7 6836/10/7
f 6842/10/19 6837/10/19 6841/10/19
f 6837/10/19 6842/10/19 6838/10/19
f 6840/10/32 6841/10/32 6839/10/32
f 6841/10/32 6840/10/32 6842/10/32
f 6845/10/32 6844/10/32 6843/10/32
f 6844/10/32 6845/10/32 6846/10/32
f 6849/10/8 6848/10/8 6847/10/8
f 6848/10/8 6849/10/8 6850/10/8
f 6848/10/7 6845/10/7 6843/10/7
f 6845/10/7 6848/10/7 6850/10/7
f 6845/10/12 6849/10/12 6846/10/12
f 6849/10/12 6845/10/12 6850/10/12
f 6849/10/19 6844/10/19 6846/10/19
f 6844/10/19 6849/10/19 6847/10/19
f 6848/10/23 6844/10/23 6847/10/23
f 6844/10/23 6848/10/23 6843/10/23
f 6853/10/32 6852/10/32 6851/10/32
f 6852/10/32 6853/10/32 6854/10/32
f 6857/10/8 6856/10/8 6855/10/8
f 6856/10/8 6857/10/8 6858/10/8
f 6856/10/7 6853/10/7 6851/10/7
f 6853/10/7 6856/10/7 6858/10/7
f 6853/10/12 6857/10/12 6854/10/12
f 6857/10/12 6853/10/12 6858/10/12
f 6857/10/19 6852/10/19 6854/10/19
f 6852/10/19 6857/10/19 6855/10/19
f 6856/10/23 6852/10/23 6855/10/23
f 6852/10/23 6856/10/23 6851/10/23
f 6861/10/8 6860/10/8 6859/10/8
f 6860/10/8 6861/10/8 6862/10/8
f 6859/10/12 6864/10/12 6863/10/12
f 6864/10/12 6859/10/12 6860/10/12
f 6866/10/23 6861/10/23 6865/10/23
f 6861/10/23 6866/10/23 6862/10/23
f 6864/10/32 6865/10/32 6863/10/32
f 6865/10/32 6864/10/32 6866/10/32
f 6869/10/32 6868/10/32 6867/10/32
f 6868/10/32 6869/10/32 6870/10/32
f 6873/10/8 6872/10/8 6871/10/8
f 6872/10/8 6873/10/8 6874/10/8
f 6872/10/23 6869/10/23 6867/10/23
f 6869/10/23 6872/10/23 6874/10/23
f 6869/10/7 6873/10/7 6870/10/7
f 6873/10/7 6869/10/7 6874/10/7
f 6873/10/12 6868/10/12 6870/10/12
f 6868/10/12 6873/10/12 6871/10/12
f 6872/10/19 6868/10/19 6871/10/19
f 6868/10/19 6872/10/19 6867/10/19
f 6877/10/32 6876/10/32 6875/10/32
f 6876/10/32 6877/10/32 6878/10/32
f 6881/10/8 6880/10/8 6879/10/8
f 6880/10/8 6881/10/8 6882/10/8
f 6880/10/23 6877/10/23 6875/10/23
f 6877/10/23 6880/10/23 6882/10/23
f 6877/10/7 6881/10/7 6878/10/7
f 6881/10/7 6877/10/7 6882/10/7
f 6881/10/12 6876/10/12 6878/10/12
f 6876/10/12 6881/10/12 6879/10/12
f 6880/10/19 6876/10/19 6879/10/19
f 6876/10/19 6880/10/19 6875/10/19
f 6885/10/8 6884/10/8 6883/10/8
f 6884/10/8 6885/10/8 6886/10/8
f 6883/10/7 6888/10/7 6887/10/7
f 6888/10/7 6883/10/7 6884/10/7
f 6890/10/19 6885/10/19 6889/10/19
f 6885/10/19 6890/10/19 6886/10/19
f 6888/10/32 6889/10/32 6887/10/32
f 6889/10/32 6888/10/32 6890/10/32
f 6893/10/32 6892/10/32 6891/10/32
f 6892/10/32 6893/10/32 6894/10/32
f 6897/10/8 6896/10/8 6895/10/8
f 6896/10/8 6897/10/8 6898/10/8
f 6896/10/7 6893/10/7 6891/10/7
f 6893/10/7 6896/10/7 6898/10/7
f 6893/10/12 6897/10/12 6894/10/12
f 6897/10/12 6893/10/12 6898/10/12
f 6897/10/19 6892/10/19 6894/10/19
f 6892/10/19 6897/10/19 6895/10/19
f 6896/10/23 6892/10/23 6895/10/23
f 6892/10/23 6896/10/23 6891/10/23
f 6901/10/32 6900/10/32 6899/10/32
f 6900/10/32 6901/10/32 6902/10/32
f 6905/10/8 6904/10/8 6903/10/8
f 6904/10/8 6905/10/8 6906/10/8
f 6904/10/7 6901/10/7 6899/10/7
f 6901/10/7 6904/10/7 6906/10/7
f 6901/10/12 6905/10/12 6902/10/12
f 6905/10/12 6901/10/12 6906/10/12
f 6905/10/19 6900/10/19 6902/10/19
f 6900/10/19 6905/10/19 6903/10/19
f 6904/10/23 6900/10/23 6903/10/23
f 6900/10/23 6904/10/23 6899/10/23
f 6909/10/8 6908/10/8 6907/10/8
f 6908/10/8 6909/10/8 6910/10/8
f 6907/10/12 6912/10/12 6911/10/12
f 6912/10/12 6907/10/12 6908/10/12
f 6914/10/23 6909/10/23 6913/10/23
f 6909/10/23 6914/10/23 6910/10/23
f 6912/10/32 6913/10/32 6911/10/32
f 6913/10/32 6912/10/32 6914/10/32
f 6917/4/33 6916/4/34 6915/4/35
f 6916/4/34 6917/4/33 6918/4/36
f 6921/4/504 6920/4/38 6919/4/39
f 6920/4/38 6921/4/504 6922/4/784
f 6925/4/41 6924/4/42 6923/4/43
f 6924/4/42 6925/4/41 6926/4/44
f 6929/4/45 6928/4/46 6927/4/47
f 6928/4/46 6929/4/45 6930/4/48
f 6933/4/49 6932/4/50 6931/4/51
f 6932/4/50 6933/4/49 6934/4/52
f 6937/4/53 6936/4/54 6935/4/55
f 6936/4/54 6937/4/53 6938/4/56
f 6940/4/57 6915/4/35 6939/4/58
f 6915/4/35 6940/4/57 6917/4/33
f 6915/4/35 6941/4/59 6939/4/58
f 6941/4/59 6915/4/35 6916/4/34
f 6916/4/34 6942/4/60 6941/4/59
f 6942/4/60 6916/4/34 6918/4/36
f 6940/4/57 6918/4/36 6917/4/33
f 6918/4/36 6940/4/57 6942/4/60
f 6935/4/55 6944/4/61 6943/4/62
f 6944/4/61 6935/4/55 6936/4/54
f 6936/4/54 6939/4/63 6944/4/61
f 6939/4/63 6936/4/54 6938/4/56
f 6940/4/64 6935/4/55 6943/4/62
f 6935/4/55 6940/4/64 6937/4/53
f 6940/4/64 6938/4/56 6937/4/53
f 6938/4/56 6940/4/64 6939/4/63
f 6946/4/65 6931/4/51 6945/4/66
f 6931/4/51 6946/4/65 6933/4/49
f 6931/4/51 6944/4/67 6945/4/66
f 6944/4/67 6931/4/51 6932/4/50
f 6932/4/50 6943/4/68 6944/4/67
f 6943/4/68 6932/4/50 6934/4/52
f 6946/4/65 6934/4/52 6933/4/49
f 6934/4/52 6946/4/65 6943/4/68
f 6920/4/38 6942/4/69 6946/4/70
f 6942/4/69 6920/4/38 6922/4/784
f 6941/4/71 6919/4/39 6945/4/72
f 6919/4/39 6941/4/71 6921/4/504
f 6945/4/72 6920/4/38 6946/4/70
f 6920/4/38 6945/4/72 6919/4/39
f 6941/4/71 6922/4/784 6921/4/504
f 6922/4/784 6941/4/71 6942/4/69
f 6946/4/73 6930/4/48 6929/4/45
f 6930/4/48 6946/4/73 6942/4/74
f 6927/4/47 6940/4/75 6943/4/76
f 6940/4/75 6927/4/47 6928/4/46
f 6946/4/73 6927/4/47 6943/4/76
f 6927/4/47 6946/4/73 6929/4/45
f 6928/4/46 6942/4/74 6940/4/75
f 6942/4/74 6928/4/46 6930/4/48
f 6939/4/77 6924/4/42 6944/4/78
f 6924/4/42 6939/4/77 6923/4/43
f 6941/4/79 6926/4/44 6925/4/41
f 6926/4/44 6941/4/79 6945/4/80
f 6924/4/42 6945/4/80 6944/4/78
f 6945/4/80 6924/4/42 6926/4/44
f 6941/4/79 6923/4/43 6939/4/77
f 6923/4/43 6941/4/79 6925/4/41
f 6949/7/627 6948/7/626 6947/7/624
f 6948/7/626 6949/7/627 6950/7/625
f 6953/7/638 6952/7/639 6951/7/637
f 6952/7/639 6953/7/638 6954/7/636
f 6957/7/631 6956/7/630 6955/7/628
f 6956/7/630 6957/7/631 6958/7/629
f 6961/7/634 6960/7/635 6959/7/633
f 6960/7/635 6961/7/634 6962/7/632
f 6965/7/642 6964/7/643 6963/7/641
f 6964/7/643 6965/7/642 6966/7/640
f 6969/7/623 6968/7/622 6967/7/620
f 6968/7/622 6969/7/623 6970/7/621
f 6972/7/656 6947/7/624 6971/7/658
f 6947/7/624 6972/7/656 6949/7/627
f 6947/7/624 6973/7/659 6971/7/658
f 6973/7/659 6947/7/624 6948/7/626
f 6948/7/626 6974/7/657 6973/7/659
f 6974/7/657 6948/7/626 6950/7/625
f 6972/7/656 6950/7/625 6949/7/627
f 6950/7/625 6972/7/656 6974/7/657
f 6967/7/620 6976/7/645 6975/7/644
f 6976/7/645 6967/7/620 6968/7/622
f 6968/7/622 6971/7/646 6976/7/645
f 6971/7/646 6968/7/622 6970/7/621
f 6972/7/647 6967/7/620 6975/7/644
f 6967/7/620 6972/7/647 6969/7/623
f 6972/7/647 6970/7/621 6969/7/623
f 6970/7/621 6972/7/647 6971/7/646
f 6978/7/649 6963/7/641 6977/7/648
f 6963/7/641 6978/7/649 6965/7/642
f 6963/7/641 6976/7/650 6977/7/648
f 6976/7/650 6963/7/641 6964/7/643
f 6964/7/643 6975/7/651 6976/7/650
f 6975/7/651 6964/7/643 6966/7/640
f 6978/7/649 6966/7/640 6965/7/642
f 6966/7/640 6978/7/649 6975/7/651
f 6952/7/639 6974/7/652 6978/7/655
f 6974/7/652 6952/7/639 6954/7/636
f 6973/7/653 6951/7/637 6977/7/654
f 6951/7/637 6973/7/653 6953/7/638
f 6977/7/654 6952/7/639 6978/7/655
f 6952/7/639 6977/7/654 6951/7/637
f 6973/7/653 6954/7/636 6953/7/638
f 6954/7/636 6973/7/653 6974/7/652
f 6978/7/663 6962/7/632 6961/7/634
f 6962/7/632 6978/7/663 6974/7/660
f 6959/7/633 6972/7/661 6975/7/662
f 6972/7/661 6959/7/633 6960/7/635
f 6978/7/663 6959/7/633 6975/7/662
f 6959/7/633 6978/7/663 6961/7/634
f 6960/7/635 6974/7/660 6972/7/661
f 6974/7/660 6960/7/635 6962/7/632
f 6971/7/666 6956/7/630 6976/7/664
f 6956/7/630 6971/7/666 6955/7/628
f 6973/7/667 6958/7/629 6957/7/631
f 6958/7/629 6973/7/667 6977/7/665
f 6956/7/630 6977/7/665 6976/7/664
f 6977/7/665 6956/7/630 6958/7/629
f 6973/7/667 6955/7/628 6971/7/666
f 6955/7/628 6973/7/667 6957/7/631
f 6980/10/32 3385/10/32 6979/10/32
f 3385/10/32 6980/10/32 3387/10/32
f 3392/10/8 6981/10/8 3390/10/8
f 6981/10/8 3392/10/8 6982/10/8
f 6981/10/7 6980/10/7 6979/10/7
f 6980/10/7 6981/10/7 6982/10/7
f 6980/10/12 3392/10/12 3387/10/12
f 3392/10/12 6980/10/12 6982/10/12
f 3392/10/19 3385/10/19 3387/10/19
f 3385/10/19 3392/10/19 3390/10/19
f 6981/10/23 3385/10/23 3390/10/23
f 3385/10/23 6981/10/23 6979/10/23
f 6985/10/32 6984/10/32 6983/10/32
f 6984/10/32 6985/10/32 6986/10/32
f 6989/10/8 6988/10/8 6987/10/8
f 6988/10/8 6989/10/8 6990/10/8
f 6988/10/7 6985/10/7 6983/10/7
f 6985/10/7 6988/10/7 6990/10/7
f 6985/10/12 6989/10/12 6986/10/12
f 6989/10/12 6985/10/12 6990/10/12
f 6989/10/19 6984/10/19 6986/10/19
f 6984/10/19 6989/10/19 6987/10/19
f 6988/10/23 6984/10/23 6987/10/23
f 6984/10/23 6988/10/23 6983/10/23
f 6993/10/8 6992/10/8 6991/10/8
f 6992/10/8 6993/10/8 6994/10/8
f 6991/10/12 6996/10/12 6995/10/12
f 6996/10/12 6991/10/12 6992/10/12
f 6998/10/23 6993/10/23 6997/10/23
f 6993/10/23 6998/10/23 6994/10/23
f 6996/10/32 6997/10/32 6995/10/32
f 6997/10/32 6996/10/32 6998/10/32
f 7000/10/32 6983/10/32 6999/10/32
f 6983/10/32 7000/10/32 6985/10/32
f 6990/10/8 7001/10/8 6988/10/8
f 7001/10/8 6990/10/8 7002/10/8
f 7001/10/7 7000/10/7 6999/10/7
f 7000/10/7 7001/10/7 7002/10/7
f 7000/10/12 6990/10/12 6985/10/12
f 6990/10/12 7000/10/12 7002/10/12
f 6990/10/19 6983/10/19 6985/10/19
f 6983/10/19 6990/10/19 6988/10/19
f 7001/10/23 6983/10/23 6988/10/23
f 6983/10/23 7001/10/23 6999/10/23
f 7005/10/32 7004/10/32 7003/10/32
f 7004/10/32 7005/10/32 7006/10/32
f 7009/10/8 7008/10/8 7007/10/8
f 7008/10/8 7009/10/8 7010/10/8
f 7008/10/7 7005/10/7 7003/10/7
f 7005/10/7 7008/10/7 7010/10/7
f 7005/10/12 7009/10/12 7006/10/12
f 7009/10/12 7005/10/12 7010/10/12
f 7009/10/19 7004/10/19 7006/10/19
f 7004/10/19 7009/10/19 7007/10/19
f 7008/10/23 7004/10/23 7007/10/23
f 7004/10/23 7008/10/23 7003/10/23
f 7013/10/8 7012/10/8 7011/10/8
f 7012/10/8 7013/10/8 7014/10/8
f 7011/10/12 7016/10/12 7015/10/12
f 7016/10/12 7011/10/12 7012/10/12
f 7018/10/23 7013/10/23 7017/10/23
f 7013/10/23 7018/10/23 7014/10/23
f 7016/10/32 7017/10/32 7015/10/32
f 7017/10/32 7016/10/32 7018/10/32
f 7020/10/32 7003/10/32 7019/10/32
f 7003/10/32 7020/10/32 7005/10/32
f 7010/10/8 7021/10/8 7008/10/8
f 7021/10/8 7010/10/8 7022/10/8
f 7021/10/7 7020/10/7 7019/10/7
f 7020/10/7 7021/10/7 7022/10/7
f 7020/10/12 7010/10/12 7005/10/12
f 7010/10/12 7020/10/12 7022/10/12
f 7010/10/19 7003/10/19 7005/10/19
f 7003/10/19 7010/10/19 7008/10/19
f 7021/10/23 7003/10/23 7008/10/23
f 7003/10/23 7021/10/23 7019/10/23
f 7025/10/32 7024/10/32 7023/10/32
f 7024/10/32 7025/10/32 7026/10/32
f 7029/10/8 7028/10/8 7027/10/8
f 7028/10/8 7029/10/8 7030/10/8
f 7028/10/7 7025/10/7 7023/10/7
f 7025/10/7 7028/10/7 7030/10/7
f 7025/10/12 7029/10/12 7026/10/12
f 7029/10/12 7025/10/12 7030/10/12
f 7029/10/19 7024/10/19 7026/10/19
f 7024/10/19 7029/10/19 7027/10/19
f 7028/10/23 7024/10/23 7027/10/23
f 7024/10/23 7028/10/23 7023/10/23
f 7033/10/8 7032/10/8 7031/10/8
f 7032/10/8 7033/10/8 7034/10/8
f 7031/10/12 7036/10/12 7035/10/12
f 7036/10/12 7031/10/12 7032/10/12
f 7038/10/23 7033/10/23 7037/10/23
f 7033/10/23 7038/10/23 7034/10/23
f 7036/10/32 7037/10/32 7035/10/32
f 7037/10/32 7036/10/32 7038/10/32
f 7040/10/32 7023/10/32 7039/10/32
f 7023/10/32 7040/10/32 7025/10/32
f 7030/10/8 7041/10/8 7028/10/8
f 7041/10/8 7030/10/8 7042/10/8
f 7041/10/7 7040/10/7 7039/10/7
f 7040/10/7 7041/10/7 7042/10/7
f 7040/10/12 7030/10/12 7025/10/12
f 7030/10/12 7040/10/12 7042/10/12
f 7030/10/19 7023/10/19 7025/10/19
f 7023/10/19 7030/10/19 7028/10/19
f 7041/10/23 7023/10/23 7028/10/23
f 7023/10/23 7041/10/23 7039/10/23
f 7045/10/32 7044/10/32 7043/10/32
f 7044/10/32 7045/10/32 7046/10/32
f 7049/10/8 7048/10/8 7047/10/8
f 7048/10/8 7049/10/8 7050/10/8
f 7048/10/7 7045/10/7 7043/10/7
f 7045/10/7 7048/10/7 7050/10/7
f 7045/10/12 7049/10/12 7046/10/12
f 7049/10/12 7045/10/12 7050/10/12
f 7049/10/19 7044/10/19 7046/10/19
f 7044/10/19 7049/10/19 7047/10/19
f 7048/10/23 7044/10/23 7047/10/23
f 7044/10/23 7048/10/23 7043/10/23
f 7053/10/8 7052/10/8 7051/10/8
f 7052/10/8 7053/10/8 7054/10/8
f 7051/10/12 7056/10/12 7055/10/12
f 7056/10/12 7051/10/12 7052/10/12
f 7058/10/23 7053/10/23 7057/10/23
f 7053/10/23 7058/10/23 7054/10/23
f 7056/10/32 7057/10/32 7055/10/32
f 7057/10/32 7056/10/32 7058/10/32
f 7060/10/32 7043/10/32 7059/10/32
f 7043/10/32 7060/10/32 7045/10/32
f 7050/10/8 7061/10/8 7048/10/8
f 7061/10/8 7050/10/8 7062/10/8
f 7061/10/7 7060/10/7 7059/10/7
f 7060/10/7 7061/10/7 7062/10/7
f 7060/10/12 7050/10/12 7045/10/12
f 7050/10/12 7060/10/12 7062/10/12
f 7050/10/19 7043/10/19 7045/10/19
f 7043/10/19 7050/10/19 7048/10/19
f 7061/10/23 7043/10/23 7048/10/23
f 7043/10/23 7061/10/23 7059/10/23
f 7065/10/32 7064/10/32 7063/10/32
f 7064/10/32 7065/10/32 7066/10/32
f 7069/10/8 7068/10/8 7067/10/8
f 7068/10/8 7069/10/8 7070/10/8
f 7068/10/7 7065/10/7 7063/10/7
f 7065/10/7 7068/10/7 7070/10/7
f 7065/10/12 7069/10/12 7066/10/12
f 7069/10/12 7065/10/12 7070/10/12
f 7069/10/19 7064/10/19 7066/10/19
f 7064/10/19 7069/10/19 7067/10/19
f 7068/10/23 7064/10/23 7067/10/23
f 7064/10/23 7068/10/23 7063/10/23
f 7073/10/8 7072/10/8 7071/10/8
f 7072/10/8 7073/10/8 7074/10/8
f 7071/10/12 7076/10/12 7075/10/12
f 7076/10/12 7071/10/12 7072/10/12
f 7078/10/23 7073/10/23 7077/10/23
f 7073/10/23 7078/10/23 7074/10/23
f 7076/10/32 7077/10/32 7075/10/32
f 7077/10/32 7076/10/32 7078/10/32
f 7080/10/32 7063/10/32 7079/10/32
f 7063/10/32 7080/10/32 7065/10/32
f 7070/10/8 7081/10/8 7068/10/8
f 7081/10/8 7070/10/8 7082/10/8
f 7081/10/7 7080/10/7 7079/10/7
f 7080/10/7 7081/10/7 7082/10/7
f 7080/10/12 7070/10/12 7065/10/12
f 7070/10/12 7080/10/12 7082/10/12
f 7070/10/19 7063/10/19 7065/10/19
f 7063/10/19 7070/10/19 7068/10/19
f 7081/10/23 7063/10/23 7068/10/23
f 7063/10/23 7081/10/23 7079/10/23
f 7085/10/32 7084/10/32 7083/10/32
f 7084/10/32 7085/10/32 7086/10/32
f 7089/10/8 7088/10/8 7087/10/8
f 7088/10/8 7089/10/8 7090/10/8
f 7088/10/7 7085/10/7 7083/10/7
f 7085/10/7 7088/10/7 7090/10/7
f 7085/10/12 7089/10/12 7086/10/12
f 7089/10/12 7085/10/12 7090/10/12
f 7089/10/19 7084/10/19 7086/10/19
f 7084/10/19 7089/10/19 7087/10/19
f 7088/10/23 7084/10/23 7087/10/23
f 7084/10/23 7088/10/23 7083/10/23
f 7093/10/8 7092/10/8 7091/10/8
f 7092/10/8 7093/10/8 7094/10/8
f 7091/10/12 7096/10/12 7095/10/12
f 7096/10/12 7091/10/12 7092/10/12
f 7098/10/23 7093/10/23 7097/10/23
f 7093/10/23 7098/10/23 7094/10/23
f 7096/10/32 7097/10/32 7095/10/32
f 7097/10/32 7096/10/32 7098/10/32
f 7100/10/32 7083/10/32 7099/10/32
f 7083/10/32 7100/10/32 7085/10/32
f 7090/10/8 7101/10/8 7088/10/8
f 7101/10/8 7090/10/8 7102/10/8
f 7101/10/7 7100/10/7 7099/10/7
f 7100/10/7 7101/10/7 7102/10/7
f 7100/10/12 7090/10/12 7085/10/12
f 7090/10/12 7100/10/12 7102/10/12
f 7090/10/19 7083/10/19 7085/10/19
f 7083/10/19 7090/10/19 7088/10/19
f 7101/10/23 7083/10/23 7088/10/23
f 7083/10/23 7101/10/23 7099/10/23
f 7105/10/32 7104/10/32 7103/10/32
f 7104/10/32 7105/10/32 7106/10/32
f 7109/10/8 7108/10/8 7107/10/8
f 7108/10/8 7109/10/8 7110/10/8
f 7108/10/7 7105/10/7 7103/10/7
f 7105/10/7 7108/10/7 7110/10/7
f 7105/10/12 7109/10/12 7106/10/12
f 7109/10/12 7105/10/12 7110/10/12
f 7109/10/19 7104/10/19 7106/10/19
f 7104/10/19 7109/10/19 7107/10/19
f 7108/10/23 7104/10/23 7107/10/23
f 7104/10/23 7108/10/23 7103/10/23
f 7113/10/8 7112/10/8 7111/10/8
f 7112/10/8 7113/10/8 7114/10/8
f 7111/10/12 7116/10/12 7115/10/12
f 7116/10/12 7111/10/12 7112/10/12
f 7118/10/23 7113/10/23 7117/10/23
f 7113/10/23 7118/10/23 7114/10/23
f 7116/10/32 7117/10/32 7115/10/32
f 7117/10/32 7116/10/32 7118/10/32
f 7121/10/32 7120/10/32 7119/10/32
f 7120/10/32 7121/10/32 7122/10/32
f 7125/10/8 7124/10/8 7123/10/8
f 7124/10/8 7125/10/8 7126/10/8
f 7124/10/7 7121/10/7 7119/10/7
f 7121/10/7 7124/10/7 7126/10/7
f 7121/10/12 7125/10/12 7122/10/12
f 7125/10/12 7121/10/12 7126/10/12
f 7125/10/19 7120/10/19 7122/10/19
f 7120/10/19 7125/10/19 7123/10/19
f 7124/10/23 7120/10/23 7123/10/23
f 7120/10/23 7124/10/23 7119/10/23
f 7129/10/32 7128/10/32 7127/10/32
f 7128/10/32 7129/10/32 7130/10/32
f 7133/10/8 7132/10/8 7131/10/8
f 7132/10/8 7133/10/8 7134/10/8
f 7132/10/7 7129/10/7 7127/10/7
f 7129/10/7 7132/10/7 7134/10/7
f 7129/10/12 7133/10/12 7130/10/12
f 7133/10/12 7129/10/12 7134/10/12
f 7133/10/19 7128/10/19 7130/10/19
f 7128/10/19 7133/10/19 7131/10/19
f 7132/10/23 7128/10/23 7131/10/23
f 7128/10/23 7132/10/23 7127/10/23
f 7137/10/8 7136/10/8 7135/10/8
f 7136/10/8 7137/10/8 7138/10/8
f 7135/10/12 7140/10/12 7139/10/12
f 7140/10/12 7135/10/12 7136/10/12
f 7142/10/23 7137/10/23 7141/10/23
f 7137/10/23 7142/10/23 7138/10/23
f 7140/10/32 7141/10/32 7139/10/32
f 7141/10/32 7140/10/32 7142/10/32
f 7144/10/32 7127/10/32 7143/10/32
f 7127/10/32 7144/10/32 7129/10/32
f 7134/10/8 7145/10/8 7132/10/8
f 7145/10/8 7134/10/8 7146/10/8
f 7145/10/7 7144/10/7 7143/10/7
f 7144/10/7 7145/10/7 7146/10/7
f 7144/10/12 7134/10/12 7129/10/12
f 7134/10/12 7144/10/12 7146/10/12
f 7134/10/19 7127/10/19 7129/10/19
f 7127/10/19 7134/10/19 7132/10/19
f 7145/10/23 7127/10/23 7132/10/23
f 7127/10/23 7145/10/23 7143/10/23
f 7149/10/32 7148/10/32 7147/10/32
f 7148/10/32 7149/10/32 7150/10/32
f 7153/10/8 7152/10/8 7151/10/8
f 7152/10/8 7153/10/8 7154/10/8
f 7152/10/7 7149/10/7 7147/10/7
f 7149/10/7 7152/10/7 7154/10/7
f 7149/10/12 7153/10/12 7150/10/12
f 7153/10/12 7149/10/12 7154/10/12
f 7153/10/19 7148/10/19 7150/10/19
f 7148/10/19 7153/10/19 7151/10/19
f 7152/10/23 7148/10/23 7151/10/23
f 7148/10/23 7152/10/23 7147/10/23
f 7157/10/8 7156/10/8 7155/10/8
f 7156/10/8 7157/10/8 7158/10/8
f 7155/10/12 7160/10/12 7159/10/12
f 7160/10/12 7155/10/12 7156/10/12
f 7162/10/23 7157/10/23 7161/10/23
f 7157/10/23 7162/10/23 7158/10/23
f 7160/10/32 7161/10/32 7159/10/32
f 7161/10/32 7160/10/32 7162/10/32
f 7165/8/627 7164/8/626 7163/8/624
f 7164/8/626 7165/8/627 7166/8/625
f 7169/8/638 7168/8/639 7167/8/637
f 7168/8/639 7169/8/638 7170/8/636
f 7173/8/631 7172/8/630 7171/8/628
f 7172/8/630 7173/8/631 7174/8/629
f 7177/8/634 7176/8/635 7175/8/633
f 7176/8/635 7177/8/634 7178/8/632
f 7181/8/642 7180/8/643 7179/8/641
f 7180/8/643 7181/8/642 7182/8/640
f 7185/8/623 7184/8/622 7183/8/620
f 7184/8/622 7185/8/623 7186/8/621
f 7188/8/656 7163/8/624 7187/8/658
f 7163/8/624 7188/8/656 7165/8/627
f 7163/8/624 7189/8/659 7187/8/658
f 7189/8/659 7163/8/624 7164/8/626
f 7164/8/626 7190/8/657 7189/8/659
f 7190/8/657 7164/8/626 7166/8/625
f 7188/8/656 7166/8/625 7165/8/627
f 7166/8/625 7188/8/656 7190/8/657
f 7183/8/620 7192/8/645 7191/8/644
f 7192/8/645 7183/8/620 7184/8/622
f 7184/8/622 7187/8/646 7192/8/645
f 7187/8/646 7184/8/622 7186/8/621
f 7188/8/647 7183/8/620 7191/8/644
f 7183/8/620 7188/8/647 7185/8/623
f 7188/8/647 7186/8/621 7185/8/623
f 7186/8/621 7188/8/647 7187/8/646
f 7194/8/649 7179/8/641 7193/8/648
f 7179/8/641 7194/8/649 7181/8/642
f 7179/8/641 7192/8/650 7193/8/648
f 7192/8/650 7179/8/641 7180/8/643
f 7180/8/643 7191/8/651 7192/8/650
f 7191/8/651 7180/8/643 7182/8/640
f 7194/8/649 7182/8/640 7181/8/642
f 7182/8/640 7194/8/649 7191/8/651
f 7168/8/639 7190/8/652 7194/8/655
f 7190/8/652 7168/8/639 7170/8/636
f 7189/8/653 7167/8/637 7193/8/654
f 7167/8/637 7189/8/653 7169/8/638
f 7193/8/654 7168/8/639 7194/8/655
f 7168/8/639 7193/8/654 7167/8/637
f 7189/8/653 7170/8/636 7169/8/638
f 7170/8/636 7189/8/653 7190/8/652
f 7194/8/663 7178/8/632 7177/8/634
f 7178/8/632 7194/8/663 7190/8/660
f 7175/8/633 7188/8/661 7191/8/662
f 7188/8/661 7175/8/633 7176/8/635
f 7194/8/663 7175/8/633 7191/8/662
f 7175/8/633 7194/8/663 7177/8/634
f 7176/8/635 7190/8/660 7188/8/661
f 7190/8/660 7176/8/635 7178/8/632
f 7187/8/666 7172/8/630 7192/8/664
f 7172/8/630 7187/8/666 7171/8/628
f 7189/8/667 7174/8/629 7173/8/631
f 7174/8/629 7189/8/667 7193/8/665
f 7172/8/630 7193/8/665 7192/8/664
f 7193/8/665 7172/8/630 7174/8/629
f 7189/8/667 7171/8/628 7187/8/666
f 7171/8/628 7189/8/667 7173/8/631
f 7196/10/32 7147/10/32 7195/10/32
f 7147/10/32 7196/10/32 7149/10/32
f 7154/10/8 7197/10/8 7152/10/8
f 7197/10/8 7154/10/8 7198/10/8
f 7197/10/7 7196/10/7 7195/10/7
f 7196/10/7 7197/10/7 7198/10/7
f 7196/10/12 7154/10/12 7149/10/12
f 7154/10/12 7196/10/12 7198/10/12
f 7154/10/19 7147/10/19 7149/10/19
f 7147/10/19 7154/10/19 7152/10/19
f 7197/10/23 7147/10/23 7152/10/23
f 7147/10/23 7197/10/23 7195/10/23
f 7201/10/32 7200/10/32 7199/10/32
f 7200/10/32 7201/10/32 7202/10/32
f 7205/10/8 7204/10/8 7203/10/8
f 7204/10/8 7205/10/8 7206/10/8
f 7204/10/7 7201/10/7 7199/10/7
f 7201/10/7 7204/10/7 7206/10/7
f 7201/10/12 7205/10/12 7202/10/12
f 7205/10/12 7201/10/12 7206/10/12
f 7205/10/19 7200/10/19 7202/10/19
f 7200/10/19 7205/10/19 7203/10/19
f 7204/10/23 7200/10/23 7203/10/23
f 7200/10/23 7204/10/23 7199/10/23
f 7209/10/8 7208/10/8 7207/10/8
f 7208/10/8 7209/10/8 7210/10/8
f 7207/10/12 7212/10/12 7211/10/12
f 7212/10/12 7207/10/12 7208/10/12
f 7214/10/23 7209/10/23 7213/10/23
f 7209/10/23 7214/10/23 7210/10/23
f 7212/10/32 7213/10/32 7211/10/32
f 7213/10/32 7212/10/32 7214/10/32
f 7217/7/424 7216/7/275 7215/7/276
f 7216/7/275 7217/7/424 7218/7/277
f 7221/7/278 7220/7/279 7219/7/280
f 7220/7/279 7221/7/278 7222/7/281
f 7225/7/282 7224/7/283 7223/7/284
f 7224/7/283 7225/7/282 7226/7/285
f 7229/7/286 7228/7/287 7227/7/288
f 7228/7/287 7229/7/286 7230/7/289
f 7233/7/425 7232/7/291 7231/7/426
f 7232/7/291 7233/7/425 7234/7/293
f 7237/7/294 7236/7/295 7235/7/296
f 7236/7/295 7237/7/294 7238/7/297
f 7240/7/670 7215/7/276 7239/7/299
f 7215/7/276 7240/7/670 7217/7/424
f 7215/7/276 7241/7/300 7239/7/299
f 7241/7/300 7215/7/276 7216/7/275
f 7216/7/275 7242/7/668 7241/7/300
f 7242/7/668 7216/7/275 7218/7/277
f 7240/7/670 7218/7/277 7217/7/424
f 7218/7/277 7240/7/670 7242/7/668
f 7235/7/296 7244/7/302 7243/7/489
f 7244/7/302 7235/7/296 7236/7/295
f 7236/7/295 7239/7/669 7244/7/302
f 7239/7/669 7236/7/295 7238/7/297
f 7240/7/818 7235/7/296 7243/7/489
f 7235/7/296 7240/7/818 7237/7/294
f 7240/7/818 7238/7/297 7237/7/294
f 7238/7/297 7240/7/818 7239/7/669
f 7246/7/306 7231/7/426 7245/7/307
f 7231/7/426 7246/7/306 7233/7/425
f 7231/7/426 7244/7/308 7245/7/307
f 7244/7/308 7231/7/426 7232/7/291
f 7232/7/291 7243/7/428 7244/7/308
f 7243/7/428 7232/7/291 7234/7/293
f 7246/7/306 7234/7/293 7233/7/425
f 7234/7/293 7246/7/306 7243/7/428
f 7220/7/279 7242/7/310 7246/7/429
f 7242/7/310 7220/7/279 7222/7/281
f 7241/7/312 7219/7/280 7245/7/500
f 7219/7/280 7241/7/312 7221/7/278
f 7245/7/500 7220/7/279 7246/7/429
f 7220/7/279 7245/7/500 7219/7/280
f 7241/7/312 7222/7/281 7221/7/278
f 7222/7/281 7241/7/312 7242/7/310
f 7246/7/314 7230/7/289 7229/7/286
f 7230/7/289 7246/7/314 7242/7/315
f 7227/7/288 7240/7/316 7243/7/317
f 7240/7/316 7227/7/288 7228/7/287
f 7246/7/314 7227/7/288 7243/7/317
f 7227/7/288 7246/7/314 7229/7/286
f 7228/7/287 7242/7/315 7240/7/316
f 7242/7/315 7228/7/287 7230/7/289
f 7239/7/318 7224/7/283 7244/7/319
f 7224/7/283 7239/7/318 7223/7/284
f 7241/7/320 7226/7/285 7225/7/282
f 7226/7/285 7241/7/320 7245/7/321
f 7224/7/283 7245/7/321 7244/7/319
f 7245/7/321 7224/7/283 7226/7/285
f 7241/7/320 7223/7/284 7239/7/318
f 7223/7/284 7241/7/320 7225/7/282
f 7248/10/32 7199/10/32 7247/10/32
f 7199/10/32 7248/10/32 7201/10/32
f 7206/10/8 7249/10/8 7204/10/8
f 7249/10/8 7206/10/8 7250/10/8
f 7249/10/7 7248/10/7 7247/10/7
f 7248/10/7 7249/10/7 7250/10/7
f 7248/10/12 7206/10/12 7201/10/12
f 7206/10/12 7248/10/12 7250/10/12
f 7206/10/19 7199/10/19 7201/10/19
f 7199/10/19 7206/10/19 7204/10/19
f 7249/10/23 7199/10/23 7204/10/23
f 7199/10/23 7249/10/23 7247/10/23
f 7253/10/32 7252/10/32 7251/10/32
f 7252/10/32 7253/10/32 7254/10/32
f 7257/10/8 7256/10/8 7255/10/8
f 7256/10/8 7257/10/8 7258/10/8
f 7256/10/7 7253/10/7 7251/10/7
f 7253/10/7 7256/10/7 7258/10/7
f 7253/10/12 7257/10/12 7254/10/12
f 7257/10/12 7253/10/12 7258/10/12
f 7257/10/19 7252/10/19 7254/10/19
f 7252/10/19 7257/10/19 7255/10/19
f 7256/10/23 7252/10/23 7255/10/23
f 7252/10/23 7256/10/23 7251/10/23
f 7261/10/8 7260/10/8 7259/10/8
f 7260/10/8 7261/10/8 7262/10/8
f 7259/10/12 7264/10/12 7263/10/12
f 7264/10/12 7259/10/12 7260/10/12
f 7266/10/23 7261/10/23 7265/10/23
f 7261/10/23 7266/10/23 7262/10/23
f 7264/10/32 7265/10/32 7263/10/32
f 7265/10/32 7264/10/32 7266/10/32
f 7269/8/424 7268/8/275 7267/8/276
f 7268/8/275 7269/8/424 7270/8/277
f 7273/8/278 7272/8/279 7271/8/280
f 7272/8/279 7273/8/278 7274/8/281
f 7277/8/282 7276/8/283 7275/8/284
f 7276/8/283 7277/8/282 7278/8/285
f 7281/8/286 7280/8/287 7279/8/288
f 7280/8/287 7281/8/286 7282/8/289
f 7285/8/425 7284/8/291 7283/8/426
f 7284/8/291 7285/8/425 7286/8/293
f 7289/8/294 7288/8/295 7287/8/296
f 7288/8/295 7289/8/294 7290/8/297
f 7292/8/670 7267/8/276 7291/8/299
f 7267/8/276 7292/8/670 7269/8/424
f 7267/8/276 7293/8/300 7291/8/299
f 7293/8/300 7267/8/276 7268/8/275
f 7268/8/275 7294/8/668 7293/8/300
f 7294/8/668 7268/8/275 7270/8/277
f 7292/8/670 7270/8/277 7269/8/424
f 7270/8/277 7292/8/670 7294/8/668
f 7287/8/296 7296/8/302 7295/8/489
f 7296/8/302 7287/8/296 7288/8/295
f 7288/8/295 7291/8/669 7296/8/302
f 7291/8/669 7288/8/295 7290/8/297
f 7292/8/818 7287/8/296 7295/8/489
f 7287/8/296 7292/8/818 7289/8/294
f 7292/8/818 7290/8/297 7289/8/294
f 7290/8/297 7292/8/818 7291/8/669
f 7298/8/306 7283/8/426 7297/8/307
f 7283/8/426 7298/8/306 7285/8/425
f 7283/8/426 7296/8/308 7297/8/307
f 7296/8/308 7283/8/426 7284/8/291
f 7284/8/291 7295/8/428 7296/8/308
f 7295/8/428 7284/8/291 7286/8/293
f 7298/8/306 7286/8/293 7285/8/425
f 7286/8/293 7298/8/306 7295/8/428
f 7272/8/279 7294/8/310 7298/8/819
f 7294/8/310 7272/8/279 7274/8/281
f 7293/8/312 7271/8/280 7297/8/500
f 7271/8/280 7293/8/312 7273/8/278
f 7297/8/500 7272/8/279 7298/8/819
f 7272/8/279 7297/8/500 7271/8/280
f 7293/8/312 7274/8/281 7273/8/278
f 7274/8/281 7293/8/312 7294/8/310
f 7298/8/314 7282/8/289 7281/8/286
f 7282/8/289 7298/8/314 7294/8/315
f 7279/8/288 7292/8/316 7295/8/317
f 7292/8/316 7279/8/288 7280/8/287
f 7298/8/314 7279/8/288 7295/8/317
f 7279/8/288 7298/8/314 7281/8/286
f 7280/8/287 7294/8/315 7292/8/316
f 7294/8/315 7280/8/287 7282/8/289
f 7291/8/318 7276/8/283 7296/8/319
f 7276/8/283 7291/8/318 7275/8/284
f 7293/8/320 7278/8/285 7277/8/282
f 7278/8/285 7293/8/320 7297/8/321
f 7276/8/283 7297/8/321 7296/8/319
f 7297/8/321 7276/8/283 7278/8/285
f 7293/8/320 7275/8/284 7291/8/318
f 7275/8/284 7293/8/320 7277/8/282
f 7300/10/32 7251/10/32 7299/10/32
f 7251/10/32 7300/10/32 7253/10/32
f 7258/10/8 7301/10/8 7256/10/8
f 7301/10/8 7258/10/8 7302/10/8
f 7301/10/7 7300/10/7 7299/10/7
f 7300/10/7 7301/10/7 7302/10/7
f 7300/10/12 7258/10/12 7253/10/12
f 7258/10/12 7300/10/12 7302/10/12
f 7258/10/19 7251/10/19 7253/10/19
f 7251/10/19 7258/10/19 7256/10/19
f 7301/10/23 7251/10/23 7256/10/23
f 7251/10/23 7301/10/23 7299/10/23
f 7305/10/32 7304/10/32 7303/10/32
f 7304/10/32 7305/10/32 7306/10/32
f 7309/10/8 7308/10/8 7307/10/8
f 7308/10/8 7309/10/8 7310/10/8
f 7308/10/7 7305/10/7 7303/10/7
f 7305/10/7 7308/10/7 7310/10/7
f 7305/10/12 7309/10/12 7306/10/12
f 7309/10/12 7305/10/12 7310/10/12
f 7309/10/19 7304/10/19 7306/10/19
f 7304/10/19 7309/10/19 7307/10/19
f 7308/10/23 7304/10/23 7307/10/23
f 7304/10/23 7308/10/23 7303/10/23
f 7313/10/8 7312/10/8 7311/10/8
f 7312/10/8 7313/10/8 7314/10/8
f 7311/10/12 7316/10/12 7315/10/12
f 7316/10/12 7311/10/12 7312/10/12
f 7318/10/23 7313/10/23 7317/10/23
f 7313/10/23 7318/10/23 7314/10/23
f 7316/10/32 7317/10/32 7315/10/32
f 7317/10/32 7316/10/32 7318/10/32
f 7321/8/627 7320/8/626 7319/8/624
f 7320/8/626 7321/8/627 7322/8/625
f 7325/8/638 7324/8/639 7323/8/637
f 7324/8/639 7325/8/638 7326/8/636
f 7329/8/631 7328/8/630 7327/8/628
f 7328/8/630 7329/8/631 7330/8/629
f 7333/8/634 7332/8/635 7331/8/633
f 7332/8/635 7333/8/634 7334/8/632
f 7337/8/642 7336/8/643 7335/8/641
f 7336/8/643 7337/8/642 7338/8/640
f 7341/8/623 7340/8/622 7339/8/620
f 7340/8/622 7341/8/623 7342/8/621
f 7344/8/656 7319/8/624 7343/8/658
f 7319/8/624 7344/8/656 7321/8/627
f 7319/8/624 7345/8/659 7343/8/658
f 7345/8/659 7319/8/624 7320/8/626
f 7320/8/626 7346/8/657 7345/8/659
f 7346/8/657 7320/8/626 7322/8/625
f 7344/8/656 7322/8/625 7321/8/627
f 7322/8/625 7344/8/656 7346/8/657
f 7339/8/620 7348/8/645 7347/8/644
f 7348/8/645 7339/8/620 7340/8/622
f 7340/8/622 7343/8/646 7348/8/645
f 7343/8/646 7340/8/622 7342/8/621
f 7344/8/647 7339/8/620 7347/8/644
f 7339/8/620 7344/8/647 7341/8/623
f 7344/8/647 7342/8/621 7341/8/623
f 7342/8/621 7344/8/647 7343/8/646
f 7350/8/649 7335/8/641 7349/8/648
f 7335/8/641 7350/8/649 7337/8/642
f 7335/8/641 7348/8/650 7349/8/648
f 7348/8/650 7335/8/641 7336/8/643
f 7336/8/643 7347/8/651 7348/8/650
f 7347/8/651 7336/8/643 7338/8/640
f 7350/8/649 7338/8/640 7337/8/642
f 7338/8/640 7350/8/649 7347/8/651
f 7324/8/639 7346/8/652 7350/8/655
f 7346/8/652 7324/8/639 7326/8/636
f 7345/8/653 7323/8/637 7349/8/654
f 7323/8/637 7345/8/653 7325/8/638
f 7349/8/654 7324/8/639 7350/8/655
f 7324/8/639 7349/8/654 7323/8/637
f 7345/8/653 7326/8/636 7325/8/638
f 7326/8/636 7345/8/653 7346/8/652
f 7350/8/663 7334/8/632 7333/8/634
f 7334/8/632 7350/8/663 7346/8/660
f 7331/8/633 7344/8/661 7347/8/662
f 7344/8/661 7331/8/633 7332/8/635
f 7350/8/663 7331/8/633 7347/8/662
f 7331/8/633 7350/8/663 7333/8/634
f 7332/8/635 7346/8/660 7344/8/661
f 7346/8/660 7332/8/635 7334/8/632
f 7343/8/666 7328/8/630 7348/8/664
f 7328/8/630 7343/8/666 7327/8/628
f 7345/8/667 7330/8/629 7329/8/631
f 7330/8/629 7345/8/667 7349/8/665
f 7328/8/630 7349/8/665 7348/8/664
f 7349/8/665 7328/8/630 7330/8/629
f 7345/8/667 7327/8/628 7343/8/666
f 7327/8/628 7345/8/667 7329/8/631
f 7353/8/627 7352/8/626 7351/8/624
f 7352/8/626 7353/8/627 7354/8/625
f 7357/8/638 7356/8/639 7355/8/637
f 7356/8/639 7357/8/638 7358/8/636
f 7361/8/631 7360/8/630 7359/8/628
f 7360/8/630 7361/8/631 7362/8/629
f 7365/8/634 7364/8/635 7363/8/633
f 7364/8/635 7365/8/634 7366/8/632
f 7369/8/642 7368/8/643 7367/8/641
f 7368/8/643 7369/8/642 7370/8/640
f 7373/8/623 7372/8/622 7371/8/620
f 7372/8/622 7373/8/623 7374/8/621
f 7376/8/656 7351/8/624 7375/8/658
f 7351/8/624 7376/8/656 7353/8/627
f 7351/8/624 7377/8/659 7375/8/658
f 7377/8/659 7351/8/624 7352/8/626
f 7352/8/626 7378/8/657 7377/8/659
f 7378/8/657 7352/8/626 7354/8/625
f 7376/8/656 7354/8/625 7353/8/627
f 7354/8/625 7376/8/656 7378/8/657
f 7371/8/620 7380/8/645 7379/8/644
f 7380/8/645 7371/8/620 7372/8/622
f 7372/8/622 7375/8/646 7380/8/645
f 7375/8/646 7372/8/622 7374/8/621
f 7376/8/647 7371/8/620 7379/8/644
f 7371/8/620 7376/8/647 7373/8/623
f 7376/8/647 7374/8/621 7373/8/623
f 7374/8/621 7376/8/647 7375/8/646
f 7382/8/649 7367/8/641 7381/8/648
f 7367/8/641 7382/8/649 7369/8/642
f 7367/8/641 7380/8/650 7381/8/648
f 7380/8/650 7367/8/641 7368/8/643
f 7368/8/643 7379/8/651 7380/8/650
f 7379/8/651 7368/8/643 7370/8/640
f 7382/8/649 7370/8/640 7369/8/642
f 7370/8/640 7382/8/649 7379/8/651
f 7356/8/639 7378/8/652 7382/8/655
f 7378/8/652 7356/8/639 7358/8/636
f 7377/8/653 7355/8/637 7381/8/654
f 7355/8/637 7377/8/653 7357/8/638
f 7381/8/654 7356/8/639 7382/8/655
f 7356/8/639 7381/8/654 7355/8/637
f 7377/8/653 7358/8/636 7357/8/638
f 7358/8/636 7377/8/653 7378/8/652
f 7382/8/663 7366/8/632 7365/8/634
f 7366/8/632 7382/8/663 7378/8/660
f 7363/8/633 7376/8/661 7379/8/662
f 7376/8/661 7363/8/633 7364/8/635
f 7382/8/663 7363/8/633 7379/8/662
f 7363/8/633 7382/8/663 7365/8/634
f 7364/8/635 7378/8/660 7376/8/661
f 7378/8/660 7364/8/635 7366/8/632
f 7375/8/666 7360/8/630 7380/8/664
f 7360/8/630 7375/8/666 7359/8/628
f 7377/8/667 7362/8/629 7361/8/631
f 7362/8/629 7377/8/667 7381/8/665
f 7360/8/630 7381/8/665 7380/8/664
f 7381/8/665 7360/8/630 7362/8/629
f 7377/8/667 7359/8/628 7375/8/666
f 7359/8/628 7377/8/667 7361/8/631
f 7385/7/424 7384/7/275 7383/7/276
f 7384/7/275 7385/7/424 7386/7/277
f 7389/7/278 7388/7/279 7387/7/280
f 7388/7/279 7389/7/278 7390/7/281
f 7393/7/282 7392/7/283 7391/7/284
f 7392/7/283 7393/7/282 7394/7/285
f 7397/7/286 7396/7/287 7395/7/288
f 7396/7/287 7397/7/286 7398/7/289
f 7401/7/425 7400/7/291 7399/7/426
f 7400/7/291 7401/7/425 7402/7/293
f 7405/7/294 7404/7/295 7403/7/296
f 7404/7/295 7405/7/294 7406/7/297
f 7408/7/298 7383/7/276 7407/7/299
f 7383/7/276 7408/7/298 7385/7/424
f 7383/7/276 7409/7/300 7407/7/299
f 7409/7/300 7383/7/276 7384/7/275
f 7384/7/275 7410/7/301 7409/7/300
f 7410/7/301 7384/7/275 7386/7/277
f 7408/7/298 7386/7/277 7385/7/424
f 7386/7/277 7408/7/298 7410/7/301
f 7403/7/296 7412/7/302 7411/7/489
f 7412/7/302 7403/7/296 7404/7/295
f 7404/7/295 7407/7/304 7412/7/302
f 7407/7/304 7404/7/295 7406/7/297
f 7408/7/305 7403/7/296 7411/7/489
f 7403/7/296 7408/7/305 7405/7/294
f 7408/7/305 7406/7/297 7405/7/294
f 7406/7/297 7408/7/305 7407/7/304
f 7414/7/306 7399/7/426 7413/7/307
f 7399/7/426 7414/7/306 7401/7/425
f 7399/7/426 7412/7/308 7413/7/307
f 7412/7/308 7399/7/426 7400/7/291
f 7400/7/291 7411/7/428 7412/7/308
f 7411/7/428 7400/7/291 7402/7/293
f 7414/7/306 7402/7/293 7401/7/425
f 7402/7/293 7414/7/306 7411/7/428
f 7388/7/279 7410/7/310 7414/7/429
f 7410/7/310 7388/7/279 7390/7/281
f 7409/7/312 7387/7/280 7413/7/500
f 7387/7/280 7409/7/312 7389/7/278
f 7413/7/500 7388/7/279 7414/7/429
f 7388/7/279 7413/7/500 7387/7/280
f 7409/7/312 7390/7/281 7389/7/278
f 7390/7/281 7409/7/312 7410/7/310
f 7414/7/314 7398/7/289 7397/7/286
f 7398/7/289 7414/7/314 7410/7/315
f 7395/7/288 7408/7/316 7411/7/317
f 7408/7/316 7395/7/288 7396/7/287
f 7414/7/314 7395/7/288 7411/7/317
f 7395/7/288 7414/7/314 7397/7/286
f 7396/7/287 7410/7/315 7408/7/316
f 7410/7/315 7396/7/287 7398/7/289
f 7407/7/318 7392/7/283 7412/7/319
f 7392/7/283 7407/7/318 7391/7/284
f 7409/7/320 7394/7/285 7393/7/282
f 7394/7/285 7409/7/320 7413/7/321
f 7392/7/283 7413/7/321 7412/7/319
f 7413/7/321 7392/7/283 7394/7/285
f 7409/7/320 7391/7/284 7407/7/318
f 7391/7/284 7409/7/320 7393/7/282
f 7417/4/627 7416/4/626 7415/4/624
f 7416/4/626 7417/4/627 7418/4/625
f 7421/4/638 7420/4/639 7419/4/637
f 7420/4/639 7421/4/638 7422/4/636
f 7425/4/631 7424/4/630 7423/4/628
f 7424/4/630 7425/4/631 7426/4/629
f 7429/4/634 7428/4/635 7427/4/633
f 7428/4/635 7429/4/634 7430/4/632
f 7433/4/642 7432/4/643 7431/4/641
f 7432/4/643 7433/4/642 7434/4/640
f 7437/4/623 7436/4/622 7435/4/620
f 7436/4/622 7437/4/623 7438/4/621
f 7440/4/656 7415/4/624 7439/4/658
f 7415/4/624 7440/4/656 7417/4/627
f 7415/4/624 7441/4/659 7439/4/658
f 7441/4/659 7415/4/624 7416/4/626
f 7416/4/626 7442/4/657 7441/4/659
f 7442/4/657 7416/4/626 7418/4/625
f 7440/4/656 7418/4/625 7417/4/627
f 7418/4/625 7440/4/656 7442/4/657
f 7435/4/620 7444/4/645 7443/4/644
f 7444/4/645 7435/4/620 7436/4/622
f 7436/4/622 7439/4/646 7444/4/645
f 7439/4/646 7436/4/622 7438/4/621
f 7440/4/647 7435/4/620 7443/4/644
f 7435/4/620 7440/4/647 7437/4/623
f 7440/4/647 7438/4/621 7437/4/623
f 7438/4/621 7440/4/647 7439/4/646
f 7446/4/649 7431/4/641 7445/4/648
f 7431/4/641 7446/4/649 7433/4/642
f 7431/4/641 7444/4/650 7445/4/648
f 7444/4/650 7431/4/641 7432/4/643
f 7432/4/643 7443/4/651 7444/4/650
f 7443/4/651 7432/4/643 7434/4/640
f 7446/4/649 7434/4/640 7433/4/642
f 7434/4/640 7446/4/649 7443/4/651
f 7420/4/639 7442/4/652 7446/4/655
f 7442/4/652 7420/4/639 7422/4/636
f 7441/4/653 7419/4/637 7445/4/654
f 7419/4/637 7441/4/653 7421/4/638
f 7445/4/654 7420/4/639 7446/4/655
f 7420/4/639 7445/4/654 7419/4/637
f 7441/4/653 7422/4/636 7421/4/638
f 7422/4/636 7441/4/653 7442/4/652
f 7446/4/663 7430/4/632 7429/4/634
f 7430/4/632 7446/4/663 7442/4/660
f 7427/4/633 7440/4/661 7443/4/662
f 7440/4/661 7427/4/633 7428/4/635
f 7446/4/663 7427/4/633 7443/4/662
f 7427/4/633 7446/4/663 7429/4/634
f 7428/4/635 7442/4/660 7440/4/661
f 7442/4/660 7428/4/635 7430/4/632
f 7439/4/666 7424/4/630 7444/4/664
f 7424/4/630 7439/4/666 7423/4/628
f 7441/4/667 7426/4/629 7425/4/631
f 7426/4/629 7441/4/667 7445/4/665
f 7424/4/630 7445/4/665 7444/4/664
f 7445/4/665 7424/4/630 7426/4/629
f 7441/4/667 7423/4/628 7439/4/666
f 7423/4/628 7441/4/667 7425/4/631
f 7449/7/424 7448/7/275 7447/7/276
f 7448/7/275 7449/7/424 7450/7/277
f 7453/7/278 7452/7/279 7451/7/280
f 7452/7/279 7453/7/278 7454/7/281
f 7457/7/282 7456/7/283 7455/7/284
f 7456/7/283 7457/7/282 7458/7/285
f 7461/7/286 7460/7/287 7459/7/288
f 7460/7/287 7461/7/286 7462/7/289
f 7465/7/425 7464/7/291 7463/7/426
f 7464/7/291 7465/7/425 7466/7/293
f 7469/7/294 7468/7/295 7467/7/296
f 7468/7/295 7469/7/294 7470/7/297
f 7472/7/298 7447/7/276 7471/7/299
f 7447/7/276 7472/7/298 7449/7/424
f 7447/7/276 7473/7/300 7471/7/299
f 7473/7/300 7447/7/276 7448/7/275
f 7448/7/275 7474/7/301 7473/7/300
f 7474/7/301 7448/7/275 7450/7/277
f 7472/7/298 7450/7/277 7449/7/424
f 7450/7/277 7472/7/298 7474/7/301
f 7467/7/296 7476/7/302 7475/7/489
f 7476/7/302 7467/7/296 7468/7/295
f 7468/7/295 7471/7/669 7476/7/302
f 7471/7/669 7468/7/295 7470/7/297
f 7472/7/305 7467/7/296 7475/7/489
f 7467/7/296 7472/7/305 7469/7/294
f 7472/7/305 7470/7/297 7469/7/294
f 7470/7/297 7472/7/305 7471/7/669
f 7478/7/306 7463/7/426 7477/7/307
f 7463/7/426 7478/7/306 7465/7/425
f 7463/7/426 7476/7/308 7477/7/307
f 7476/7/308 7463/7/426 7464/7/291
f 7464/7/291 7475/7/428 7476/7/308
f 7475/7/428 7464/7/291 7466/7/293
f 7478/7/306 7466/7/293 7465/7/425
f 7466/7/293 7478/7/306 7475/7/428
f 7452/7/279 7474/7/310 7478/7/429
f 7474/7/310 7452/7/279 7454/7/281
f 7473/7/312 7451/7/280 7477/7/500
f 7451/7/280 7473/7/312 7453/7/278
f 7477/7/500 7452/7/279 7478/7/429
f 7452/7/279 7477/7/500 7451/7/280
f 7473/7/312 7454/7/281 7453/7/278
f 7454/7/281 7473/7/312 7474/7/310
f 7478/7/314 7462/7/289 7461/7/286
f 7462/7/289 7478/7/314 7474/7/315
f 7459/7/288 7472/7/316 7475/7/317
f 7472/7/316 7459/7/288 7460/7/287
f 7478/7/314 7459/7/288 7475/7/317
f 7459/7/288 7478/7/314 7461/7/286
f 7460/7/287 7474/7/315 7472/7/316
f 7474/7/315 7460/7/287 7462/7/289
f 7471/7/318 7456/7/283 7476/7/319
f 7456/7/283 7471/7/318 7455/7/284
f 7473/7/320 7458/7/285 7457/7/282
f 7458/7/285 7473/7/320 7477/7/321
f 7456/7/283 7477/7/321 7476/7/319
f 7477/7/321 7456/7/283 7458/7/285
f 7473/7/320 7455/7/284 7471/7/318
f 7455/7/284 7473/7/320 7457/7/282
f 7481/4/424 7480/4/275 7479/4/276
f 7480/4/275 7481/4/424 7482/4/277
f 7485/4/278 7484/4/279 7483/4/280
f 7484/4/279 7485/4/278 7486/4/281
f 7489/4/282 7488/4/283 7487/4/284
f 7488/4/283 7489/4/282 7490/4/285
f 7493/4/286 7492/4/287 7491/4/288
f 7492/4/287 7493/4/286 7494/4/289
f 7497/4/425 7496/4/291 7495/4/426
f 7496/4/291 7497/4/425 7498/4/293
f 7501/4/294 7500/4/295 7499/4/296
f 7500/4/295 7501/4/294 7502/4/297
f 7504/4/298 7479/4/276 7503/4/299
f 7479/4/276 7504/4/298 7481/4/424
f 7479/4/276 7505/4/300 7503/4/299
f 7505/4/300 7479/4/276 7480/4/275
f 7480/4/275 7506/4/301 7505/4/300
f 7506/4/301 7480/4/275 7482/4/277
f 7504/4/298 7482/4/277 7481/4/424
f 7482/4/277 7504/4/298 7506/4/301
f 7499/4/296 7508/4/302 7507/4/489
f 7508/4/302 7499/4/296 7500/4/295
f 7500/4/295 7503/4/669 7508/4/302
f 7503/4/669 7500/4/295 7502/4/297
f 7504/4/305 7499/4/296 7507/4/489
f 7499/4/296 7504/4/305 7501/4/294
f 7504/4/305 7502/4/297 7501/4/294
f 7502/4/297 7504/4/305 7503/4/669
f 7510/4/306 7495/4/426 7509/4/307
f 7495/4/426 7510/4/306 7497/4/425
f 7495/4/426 7508/4/308 7509/4/307
f 7508/4/308 7495/4/426 7496/4/291
f 7496/4/291 7507/4/428 7508/4/308
f 7507/4/428 7496/4/291 7498/4/293
f 7510/4/306 7498/4/293 7497/4/425
f 7498/4/293 7510/4/306 7507/4/428
f 7484/4/279 7506/4/310 7510/4/429
f 7506/4/310 7484/4/279 7486/4/281
f 7505/4/312 7483/4/280 7509/4/500
f 7483/4/280 7505/4/312 7485/4/278
f 7509/4/500 7484/4/279 7510/4/429
f 7484/4/279 7509/4/500 7483/4/280
f 7505/4/312 7486/4/281 7485/4/278
f 7486/4/281 7505/4/312 7506/4/310
f 7510/4/314 7494/4/289 7493/4/286
f 7494/4/289 7510/4/314 7506/4/315
f 7491/4/288 7504/4/316 7507/4/317
f 7504/4/316 7491/4/288 7492/4/287
f 7510/4/314 7491/4/288 7507/4/317
f 7491/4/288 7510/4/314 7493/4/286
f 7492/4/287 7506/4/315 7504/4/316
f 7506/4/315 7492/4/287 7494/4/289
f 7503/4/318 7488/4/283 7508/4/319
f 7488/4/283 7503/4/318 7487/4/284
f 7505/4/320 7490/4/285 7489/4/282
f 7490/4/285 7505/4/320 7509/4/321
f 7488/4/283 7509/4/321 7508/4/319
f 7509/4/321 7488/4/283 7490/4/285
f 7505/4/320 7487/4/284 7503/4/318
f 7487/4/284 7505/4/320 7489/4/282
f 7511/1/820 7512/1/821 7513/1/822
f 7513/1/822 7512/1/821 7514/1/823
f 7517/1/824 7516/1/825 7515/1/826
f 7518/1/827 7516/1/827 7515/1/828
f 7517/1/824 7519/1/829 7516/1/825
f 7519/1/829 7517/1/824 7520/1/830
f 7521/1/831 7519/1/832 7512/1/821
f 7516/1/833 7512/1/821 7519/1/832
f 7522/1/834 7521/1/831 7511/1/820
f 7512/1/821 7511/1/820 7521/1/831
f 7524/1/835 7522/1/836 7523/1/835
f 7511/1/820 7524/1/837 7522/1/834
f 7526/1/838 7527/1/839 7528/1/840
f 7525/1/841 7526/1/842 7527/1/843
f 7531/1/844 7530/1/845 7529/1/846
f 7530/1/845 7531/1/844 7532/1/847
f 7535/1/848 7534/1/849 7533/1/850
f 7534/1/849 7535/1/848 7536/1/848
f 7533/1/851 7520/1/830 7517/1/824
f 7534/1/852 7533/1/853 7520/1/854
f 7537/1/855 7532/1/847 7531/1/844
f 7532/1/847 7537/1/855 7538/1/855
f 7536/1/856 7540/1/857 7539/1/858
f 7534/1/859 7539/1/859 7536/1/860
f 7541/1/861 7542/1/862 7523/1/863
f 7523/1/863 7542/1/862 7522/1/864
f 7543/1/865 7534/1/866 7539/1/858
f 7543/1/867 7534/1/852 7520/1/854
f 7522/1/868 7544/1/869 7542/1/870
f 7522/1/868 7521/1/871 7544/1/869
f 7521/1/871 7545/1/872 7544/1/869
f 7521/1/871 7519/1/873 7545/1/872
f 7546/1/874 7518/1/875 7514/1/876
f 7547/1/877 7546/1/878 7518/1/879
f 7549/1/8 7550/1/880 7551/1/881
f 7549/1/8 7546/1/8 7552/1/882
f 7552/1/882 7546/1/8 7553/1/883
f 7554/1/8 7546/1/8 7555/1/8
f 7548/1/32 7549/1/32 7550/1/32
f 7547/1/877 7551/1/884 7549/1/32
f 7546/1/878 7547/1/877 7549/1/32
f 7554/1/885 7546/1/32 7553/1/886
f 7556/1/32 7555/1/887 7554/1/32
f 7557/1/888 7555/1/887 7556/1/32
f 7558/1/889 7555/1/887 7557/1/888
f 7559/1/890 7558/1/889 7557/1/888
f 7548/1/848 7560/1/891 7550/1/880
f 7561/1/855 7548/1/855 7560/1/892
f 7562/1/893 7554/1/885 7563/1/894
f 7553/1/886 7563/1/894 7554/1/885
f 7564/1/895 7562/1/893 7530/1/896
f 7530/1/896 7562/1/893 7563/1/894
f 7565/1/897 7513/1/822 7558/1/889
f 7555/1/887 7558/1/889 7513/1/822
f 7567/1/898 7528/1/840 7566/1/899
f 7566/1/899 7528/1/840 7527/1/839
f 7568/1/900 7552/1/901 7569/1/902
f 7549/1/848 7569/1/902 7552/1/901
f 7554/1/903 7570/1/904 7562/1/905
f 7570/1/904 7554/1/903 7556/1/906
f 7518/1/907 7551/1/881 7515/1/826
f 7547/1/877 7518/1/879 7551/1/884
f 7564/1/895 7571/1/908 7562/1/893
f 7562/1/893 7571/1/908 7570/1/909
f 7557/1/910 7567/1/898 7566/1/899
f 7559/1/890 7557/1/888 7567/1/835
f 7570/1/909 7527/1/843 7566/1/911
f 7571/1/908 7527/1/843 7570/1/909
f 7550/1/880 7515/1/826 7551/1/881
f 7515/1/826 7550/1/880 7560/1/891
f 7553/1/883 7568/1/853 7552/1/882
f 7563/1/894 7553/1/886 7568/1/851
f 7555/1/912 7514/1/913 7513/1/912
f 7546/1/914 7555/1/915 7514/1/914
f 7556/1/906 7566/1/899 7570/1/904
f 7566/1/899 7556/1/906 7557/1/910
f 7573/1/19 7541/1/19 7572/1/19
f 7541/1/19 7573/1/19 7523/1/19
f 7523/1/19 7573/1/19 7524/1/19
f 7524/1/19 7573/1/19 7526/1/19
f 7526/1/19 7573/1/19 7574/1/19
f 7528/1/19 7524/1/19 7526/1/19
f 7559/1/19 7524/1/19 7528/1/19
f 7524/1/19 7558/1/19 7565/1/19
f 7567/1/7 7528/1/7 7559/1/7
f 7559/1/7 7524/1/7 7558/1/7
f 7568/1/916 7563/1/917 7532/1/847
f 7532/1/847 7563/1/917 7530/1/845
f 7532/1/918 7568/1/900 7538/1/919
f 7538/1/919 7568/1/900 7569/1/902
f 7575/1/920 7574/1/921 7525/1/841
f 7525/1/841 7574/1/921 7526/1/842
f 7518/1/875 7516/1/922 7514/1/876
f 7512/1/821 7516/1/833 7514/1/823
f 7577/1/923 7576/1/924 7529/1/925
f 7578/1/926 7576/1/924 7577/1/923
f 7580/1/927 7577/1/923 7579/1/928
f 7580/1/927 7578/1/926 7577/1/923
f 7571/1/929 7525/1/915 7579/1/930
f 7527/1/843 7571/1/908 7525/1/841
f 7581/1/931 7531/1/844 7529/1/846
f 7529/1/932 7581/1/933 7576/1/932
f 7577/1/934 7564/1/895 7529/1/935
f 7530/1/896 7529/1/935 7564/1/895
f 7531/1/936 7537/1/937 7582/1/937
f 7531/1/936 7582/1/937 7581/1/933
f 7541/1/835 7583/1/938 7572/1/835
f 7583/1/938 7541/1/835 7542/1/836
f 7585/1/939 7544/1/869 7545/1/872
f 7584/1/940 7585/1/905 7544/1/940
f 7584/1/941 7542/1/870 7544/1/869
f 7583/1/915 7584/1/914 7542/1/915
f 7579/1/930 7564/1/905 7571/1/929
f 7577/1/934 7579/1/874 7564/1/895
f 7587/1/942 7580/1/927 7575/1/943
f 7586/1/941 7587/1/912 7580/1/941
f 7586/1/944 7578/1/926 7580/1/927
f 7588/1/945 7586/1/874 7578/1/946
f 7578/1/926 7589/1/947 7576/1/924
f 7588/1/945 7578/1/946 7589/1/948
f 7575/1/943 7580/1/927 7579/1/928
f 7525/1/841 7579/1/949 7575/1/920
f 7590/1/950 7576/1/924 7589/1/947
f 7576/1/924 7590/1/950 7581/1/951
f 7591/1/952 7581/1/951 7590/1/950
f 7581/1/951 7591/1/952 7582/1/953
f 7540/1/857 7592/1/954 7539/1/858
f 7593/1/955 7540/1/855 7592/1/956
f 7575/1/943 7573/1/957 7587/1/942
f 7573/1/957 7575/1/943 7574/1/958
f 7539/1/858 7594/1/959 7543/1/865
f 7594/1/959 7539/1/858 7592/1/954
f 7545/1/960 7585/1/961 7543/1/867
f 7594/1/962 7543/1/867 7585/1/961
f 7561/1/963 7533/1/964 7560/1/964
f 7533/1/965 7535/1/966 7561/1/966
f 7560/1/891 7517/1/824 7515/1/826
f 7560/1/967 7517/1/968 7533/1/969
f 7565/1/897 7511/1/820 7513/1/822
f 7524/1/837 7511/1/820 7565/1/897
f 7545/1/960 7520/1/854 7519/1/970
f 7543/1/867 7520/1/854 7545/1/960
f 7594/1/32 7591/1/952 7585/1/32
f 7585/1/32 7591/1/952 7584/1/32
f 7584/1/32 7591/1/952 7590/1/950
f 7584/1/32 7590/1/950 7589/1/947
f 7584/1/32 7589/1/947 7583/1/32
f 7583/1/32 7589/1/947 7588/1/32
f 7583/1/32 7588/1/32 7586/1/32
f 7583/1/32 7586/1/32 7587/1/32
f 7572/1/32 7587/1/942 7573/1/957
f 7593/1/955 7592/1/956 7591/1/8
f 7594/1/8 7591/1/8 7592/1/956
f 7572/1/8 7587/1/8 7583/1/8
f 7540/1/12 7591/1/12 7593/1/12
f 7582/1/12 7536/1/12 7537/1/12
f 7538/1/12 7535/1/12 7561/1/12
f 7538/1/12 7561/1/12 7569/1/12
f 7569/1/12 7548/1/12 7549/1/12
f 7582/1/23 7540/1/23 7591/1/23
f 7536/1/23 7540/1/23 7582/1/23
f 7535/1/23 7536/1/23 7537/1/23
f 7548/1/23 7561/1/23 7569/1/23
f 7597/1/971 7596/1/972 7595/1/973
f 7598/1/974 7596/1/972 7597/1/971
f 7599/1/975 7600/1/976 7601/1/977
f 7602/1/978 7600/1/976 7599/1/975
f 7601/1/979 7603/1/980 7600/1/980
f 7604/1/981 7601/1/982 7603/1/983
f 7605/1/984 7603/1/985 7596/1/986
f 7600/1/976 7596/1/986 7603/1/985
f 7605/1/987 7595/1/973 7596/1/972
f 7606/1/988 7605/1/984 7595/1/989
f 7608/1/990 7606/1/991 7607/1/990
f 7595/1/989 7608/1/992 7606/1/988
f 7611/1/993 7610/1/994 7609/1/995
f 7610/1/994 7611/1/993 7612/1/994
f 7615/1/996 7614/1/997 7613/1/998
f 7614/1/997 7615/1/996 7616/1/999
f 7618/1/1000 7524/1/1001 7523/1/1001
f 7617/1/1002 7618/1/1002 7524/1/1003
f 7604/1/1004 7617/1/1005 7618/1/1005
f 7601/1/982 7604/1/981 7617/1/1006
f 7526/1/1003 7616/1/999 7615/1/996
f 7616/1/999 7526/1/1003 7528/1/1003
f 7619/1/1007 7541/1/1008 7523/1/1009
f 7618/1/1010 7619/1/1007 7523/1/1009
f 7620/1/1011 7621/1/1012 7607/1/1011
f 7607/1/1011 7621/1/1012 7606/1/988
f 7622/1/1013 7618/1/1010 7604/1/1014
f 7619/1/1007 7618/1/1010 7622/1/1013
f 7621/1/1012 7623/1/1015 7606/1/988
f 7623/1/1015 7605/1/984 7606/1/988
f 7623/1/1015 7624/1/1016 7605/1/984
f 7624/1/1016 7603/1/985 7605/1/984
f 7598/1/1017 7602/1/978 7625/1/1018
f 7626/1/1019 7625/1/1018 7602/1/978
f 7627/1/8 7559/1/1020 7558/1/8
f 7559/1/1020 7627/1/8 7628/1/1021
f 7559/1/1020 7628/1/1021 7626/1/1022
f 7559/1/1020 7626/1/1022 7625/1/8
f 7559/1/1020 7625/1/8 7629/1/1023
f 7633/1/8 7632/1/8 7634/1/8
f 7634/1/1024 7635/1/8 7636/1/1025
f 7630/1/1026 7625/1/1018 7629/1/32
f 7631/1/1027 7625/1/1018 7630/1/1026
f 7632/1/1028 7625/1/1018 7631/1/1027
f 7633/1/1029 7632/1/1028 7631/1/1027
f 7635/1/1030 7632/1/1031 7634/1/32
f 7627/1/1032 7637/1/1033 7558/1/1034
f 7565/1/1035 7558/1/1034 7637/1/1033
f 7638/1/1036 7631/1/1027 7639/1/1037
f 7630/1/1026 7639/1/1037 7631/1/1027
f 7614/1/997 7638/1/1038 7640/1/1039
f 7614/1/1040 7638/1/1036 7639/1/1037
f 7641/1/1041 7597/1/1042 7635/1/1030
f 7632/1/1031 7635/1/1030 7597/1/1042
f 7642/1/1043 7612/1/1044 7643/1/1044
f 7611/1/1045 7612/1/1044 7642/1/1043
f 7567/1/1046 7629/1/1023 7644/1/1047
f 7629/1/1023 7567/1/1046 7559/1/1020
f 7638/1/1036 7645/1/1048 7631/1/1027
f 7633/1/1029 7631/1/1027 7645/1/1048
f 7628/1/1021 7602/1/980 7626/1/1022
f 7599/1/975 7628/1/1049 7602/1/978
f 7640/1/1050 7646/1/1051 7638/1/1036
f 7638/1/1036 7646/1/1051 7645/1/1048
f 7634/1/1024 7643/1/994 7642/1/1052
f 7643/1/994 7634/1/1024 7636/1/1025
f 7642/1/1053 7611/1/993 7645/1/1054
f 7645/1/1054 7611/1/993 7646/1/1055
f 7628/1/1049 7599/1/975 7627/1/1032
f 7637/1/1033 7627/1/1032 7599/1/975
f 7630/1/1056 7644/1/1047 7629/1/1023
f 7639/1/1037 7630/1/1026 7644/1/1057
f 7632/1/1058 7598/1/974 7597/1/971
f 7625/1/1018 7632/1/1028 7598/1/1017
f 7645/1/1048 7642/1/1059 7633/1/1029
f 7634/1/1058 7633/1/1029 7642/1/1059
f 7636/1/12 7608/1/12 7612/1/12
f 7635/1/12 7608/1/12 7636/1/12
f 7608/1/12 7635/1/12 7641/1/1060
f 7647/1/23 7620/1/23 7648/1/23
f 7607/1/23 7648/1/23 7620/1/23
f 7608/1/23 7648/1/23 7607/1/23
f 7610/1/23 7648/1/23 7608/1/23
f 7649/1/23 7648/1/23 7610/1/23
f 7643/1/1061 7612/1/1061 7636/1/1061
f 7644/1/1062 7639/1/1063 7616/1/999
f 7616/1/999 7639/1/1063 7614/1/997
f 7567/1/1046 7644/1/1047 7528/1/1064
f 7616/1/1065 7644/1/1065 7528/1/1066
f 7650/1/1067 7649/1/1068 7609/1/1069
f 7609/1/1069 7649/1/1068 7610/1/1070
f 7596/1/986 7600/1/976 7598/1/1017
f 7598/1/1017 7600/1/976 7602/1/978
f 7652/1/1071 7651/1/1072 7613/1/998
f 7653/1/1073 7651/1/1072 7652/1/1071
f 7654/1/1074 7652/1/1075 7655/1/1076
f 7652/1/1075 7653/1/1077 7655/1/1076
f 7646/1/1055 7609/1/995 7654/1/1078
f 7609/1/995 7646/1/1055 7611/1/993
f 7613/1/1079 7615/1/1080 7656/1/1081
f 7613/1/1079 7656/1/1081 7651/1/1082
f 7613/1/998 7640/1/1039 7652/1/1071
f 7640/1/1039 7613/1/998 7614/1/997
f 7615/1/1080 7526/1/1083 7574/1/1084
f 7615/1/1080 7574/1/1084 7656/1/1081
f 7620/1/990 7657/1/1085 7647/1/1086
f 7657/1/1085 7620/1/990 7621/1/1087
f 7623/1/1088 7659/1/1089 7658/1/1090
f 7624/1/1016 7623/1/1015 7659/1/1019
f 7657/1/1091 7658/1/1092 7621/1/1012
f 7623/1/1015 7621/1/1012 7658/1/1092
f 7640/1/1039 7654/1/1093 7652/1/1071
f 7646/1/1051 7640/1/1050 7654/1/1094
f 7655/1/1095 7661/1/1096 7660/1/1097
f 7661/1/1096 7655/1/1095 7650/1/1098
f 7653/1/1019 7660/1/1099 7662/1/1100
f 7655/1/1076 7653/1/1077 7660/1/1094
f 7662/1/1101 7653/1/1102 7663/1/1103
f 7651/1/1104 7663/1/1103 7653/1/1102
f 7650/1/1098 7655/1/1095 7654/1/1078
f 7650/1/1098 7654/1/1078 7609/1/995
f 7664/1/1105 7651/1/1106 7663/1/1056
f 7651/1/1106 7664/1/1105 7656/1/1107
f 7573/1/1108 7656/1/1107 7664/1/1105
f 7656/1/1107 7573/1/1108 7574/1/1034
f 7541/1/1001 7665/1/1109 7619/1/1110
f 7665/1/1109 7541/1/1001 7572/1/1111
f 7661/1/1087 7648/1/1112 7650/1/1067
f 7649/1/1068 7650/1/1067 7648/1/1112
f 7619/1/1005 7666/1/1113 7622/1/1114
f 7665/1/1006 7619/1/1006 7666/1/1056
f 7622/1/1114 7659/1/1089 7624/1/980
f 7659/1/1089 7622/1/1114 7666/1/1113
f 7565/1/1115 7524/1/1115 7617/1/1116
f 7637/1/1033 7617/1/1117 7565/1/1035
f 7637/1/1118 7601/1/1119 7599/1/1120
f 7617/1/1121 7601/1/1119 7637/1/1118
f 7641/1/1041 7595/1/989 7597/1/1042
f 7608/1/992 7595/1/989 7641/1/1041
f 7603/1/1122 7604/1/1123 7624/1/1122
f 7622/1/1013 7604/1/1014 7624/1/1124
f 7573/1/1108 7665/1/1109 7572/1/1111
f 7665/1/1109 7573/1/1108 7666/1/1113
f 7666/1/1113 7573/1/1108 7659/1/1089
f 7659/1/1089 7573/1/1108 7658/1/1090
f 7658/1/1090 7573/1/1108 7664/1/1105
f 7657/1/32 7663/1/32 7662/1/1100
f 7657/1/32 7662/1/1100 7660/1/1099
f 7657/1/1085 7661/1/32 7647/1/1086
f 7647/1/1086 7661/1/32 7648/1/32
f 7663/1/8 7664/1/8 7658/1/1092
f 7657/1/1091 7663/1/8 7658/1/1092
f 7661/1/8 7660/1/8 7657/1/8
f 7573/1/7 7541/1/7 7574/1/7
f 7574/1/7 7523/1/7 7526/1/7
f 7528/1/7 7524/1/7 7565/1/7
f 7567/1/7 7558/1/7 7559/1/7
f 7523/1/19 7541/1/19 7574/1/19
f 7524/1/19 7523/1/19 7526/1/19
f 7567/1/19 7565/1/19 7528/1/19
f 7558/1/19 7565/1/19 7567/1/19
f 7667/1/1125 7668/1/1126 7669/1/1127
f 7669/1/1127 7668/1/1126 7670/1/1128
f 7671/1/1129 7672/1/1130 7673/1/1131
f 7674/1/1132 7672/1/1130 7671/1/1129
f 7673/1/1133 7675/1/1134 7672/1/1135
f 7675/1/1134 7673/1/1133 7676/1/1136
f 7668/1/1137 7675/1/1134 7677/1/1138
f 7675/1/1134 7668/1/1137 7672/1/1135
f 7678/1/1139 7677/1/1140 7667/1/1125
f 7668/1/1126 7667/1/1125 7677/1/1140
f 7680/1/838 7678/1/1141 7679/1/838
f 7667/1/1125 7680/1/835 7678/1/1139
f 7681/1/1142 7682/1/1143 7683/1/1144
f 7684/1/897 7683/1/1144 7682/1/1143
f 7686/1/1145 7687/1/1146 7688/1/1147
f 7685/1/1148 7686/1/1149 7687/1/1150
f 7608/1/855 7690/1/1151 7689/1/1152
f 7607/1/848 7608/1/848 7690/1/1153
f 7689/1/1152 7676/1/1136 7673/1/1133
f 7676/1/1136 7689/1/1152 7690/1/1151
f 7610/1/848 7688/1/1147 7687/1/1146
f 7688/1/1147 7610/1/848 7612/1/848
f 7607/1/1154 7620/1/1155 7691/1/1156
f 7607/1/1154 7691/1/1156 7690/1/1157
f 7679/1/1158 7693/1/1159 7692/1/1158
f 7679/1/1160 7693/1/1161 7678/1/1139
f 7694/1/1162 7690/1/1163 7676/1/932
f 7691/1/1164 7690/1/1163 7694/1/1162
f 7693/1/1161 7695/1/1165 7678/1/1139
f 7695/1/1165 7677/1/1140 7678/1/1139
f 7677/1/1138 7696/1/1166 7695/1/1167
f 7677/1/1138 7675/1/1134 7696/1/1166
f 7697/1/940 7674/1/1168 7670/1/940
f 7698/1/939 7697/1/1169 7674/1/939
f 7699/1/1170 7636/1/8 7635/1/955
f 7636/1/8 7699/1/1170 7700/1/1171
f 7636/1/8 7700/1/1171 7698/1/1172
f 7636/1/8 7698/1/1172 7697/1/8
f 7701/1/1173 7697/1/8 7702/1/1174
f 7702/1/1174 7697/1/8 7703/1/8
f 7703/1/1175 7704/1/1176 7705/1/1177
f 7705/1/1177 7704/1/1176 7706/1/8
f 7706/1/8 7704/1/1176 7707/1/1178
f 7706/1/8 7707/1/1178 7708/1/8
f 7701/1/1179 7697/1/32 7636/1/1180
f 7704/1/1181 7697/1/1182 7703/1/32
f 7635/1/955 7709/1/1183 7699/1/1170
f 7709/1/1183 7635/1/955 7641/1/1184
f 7710/1/1185 7703/1/1186 7711/1/1187
f 7702/1/962 7711/1/1187 7703/1/1186
f 7712/1/1188 7710/1/1185 7686/1/1149
f 7686/1/1149 7710/1/1185 7711/1/1187
f 7669/1/1189 7707/1/1178 7704/1/1176
f 7713/1/1190 7669/1/1127 7707/1/1191
f 7714/1/1192 7684/1/897 7715/1/1193
f 7683/1/1144 7684/1/897 7714/1/1192
f 7716/1/1194 7701/1/1179 7643/1/1195
f 7636/1/1180 7643/1/1195 7701/1/1179
f 7703/1/1175 7717/1/1196 7710/1/939
f 7717/1/1196 7703/1/1175 7705/1/1177
f 7700/1/1171 7674/1/1197 7698/1/1172
f 7674/1/1197 7700/1/1171 7671/1/1198
f 7712/1/1188 7718/1/1199 7710/1/1185
f 7710/1/1185 7718/1/1199 7717/1/1200
f 7706/1/836 7715/1/1191 7714/1/836
f 7708/1/838 7706/1/1141 7715/1/838
f 7714/1/1201 7683/1/1202 7717/1/1203
f 7717/1/1203 7683/1/1202 7718/1/1204
f 7699/1/1170 7671/1/1198 7700/1/1171
f 7709/1/851 7699/1/851 7671/1/1145
f 7716/1/1205 7702/1/1174 7711/1/1145
f 7702/1/1174 7716/1/1205 7701/1/1173
f 7704/1/1176 7670/1/1206 7669/1/1189
f 7697/1/1182 7704/1/1181 7670/1/941
f 7717/1/914 7714/1/1207 7705/1/1208
f 7706/1/915 7705/1/1208 7714/1/1207
f 7692/1/7 7720/1/7 7679/1/7
f 7679/1/7 7720/1/7 7680/1/7
f 7682/1/7 7720/1/7 7721/1/7
f 7708/1/7 7680/1/7 7684/1/7
f 7708/1/7 7684/1/7 7715/1/7
f 7682/1/19 7720/1/19 7680/1/19
f 7682/1/19 7680/1/19 7684/1/19
f 7708/1/19 7680/1/19 7707/1/19
f 7713/1/19 7707/1/19 7680/1/19
f 7688/1/1209 7711/1/1187 7716/1/1194
f 7686/1/1149 7711/1/1187 7688/1/1209
f 7688/1/1209 7716/1/1194 7612/1/966
f 7612/1/966 7716/1/1194 7643/1/1195
f 7681/1/1210 7721/1/1211 7722/1/1212
f 7681/1/1142 7721/1/861 7682/1/1143
f 7668/1/1126 7672/1/1130 7670/1/1128
f 7670/1/1128 7672/1/1130 7674/1/1132
f 7725/1/1213 7723/1/1214 7724/1/873
f 7685/1/1148 7723/1/1215 7724/1/1216
f 7726/1/1217 7724/1/1216 7727/1/1218
f 7724/1/1216 7725/1/1219 7727/1/1218
f 7726/1/1217 7681/1/1142 7718/1/1199
f 7683/1/1144 7718/1/1199 7681/1/1142
f 7723/1/1214 7728/1/1220 7685/1/1221
f 7685/1/1148 7687/1/1150 7728/1/1222
f 7724/1/1216 7712/1/1188 7685/1/1148
f 7686/1/1149 7685/1/1148 7712/1/1188
f 7687/1/1150 7610/1/1223 7649/1/1224
f 7687/1/1150 7649/1/1224 7728/1/1222
f 7692/1/838 7729/1/1225 7719/1/889
f 7693/1/836 7692/1/835 7729/1/836
f 7695/1/1167 7731/1/1226 7730/1/1227
f 7731/1/1226 7695/1/1167 7696/1/1166
f 7693/1/1228 7730/1/1227 7729/1/1229
f 7730/1/1227 7693/1/1228 7695/1/1167
f 7724/1/1216 7726/1/1217 7712/1/1188
f 7718/1/1199 7712/1/1188 7726/1/1217
f 7727/1/1230 7733/1/1231 7732/1/1232
f 7722/1/915 7727/1/914 7733/1/915
f 7732/1/1232 7725/1/939 7727/1/1230
f 7734/1/1233 7732/1/1234 7725/1/1235
f 7735/1/1236 7725/1/1213 7734/1/1237
f 7725/1/1213 7735/1/1236 7723/1/1214
f 7722/1/1212 7727/1/1238 7726/1/1239
f 7722/1/1212 7726/1/1239 7681/1/1210
f 7736/1/1240 7723/1/1214 7735/1/1236
f 7723/1/1214 7736/1/1240 7728/1/1220
f 7736/1/1241 7728/1/1222 7648/1/1242
f 7649/1/1224 7648/1/1242 7728/1/1222
f 7620/1/1155 7737/1/892 7691/1/1156
f 7647/1/1243 7620/1/848 7737/1/1244
f 7722/1/1212 7720/1/1245 7733/1/1231
f 7720/1/1245 7722/1/1212 7721/1/1211
f 7694/1/1162 7738/1/1246 7691/1/1164
f 7737/1/1244 7691/1/1164 7738/1/1246
f 7696/1/907 7731/1/1247 7694/1/1162
f 7738/1/1246 7694/1/1162 7731/1/1247
f 7641/1/1184 7689/1/1248 7709/1/1183
f 7689/1/918 7608/1/919 7641/1/919
f 7709/1/916 7673/1/1249 7671/1/1249
f 7709/1/1250 7673/1/1251 7689/1/1252
f 7713/1/1253 7667/1/1254 7680/1/1253
f 7713/1/1190 7667/1/1125 7669/1/1127
f 7696/1/1255 7676/1/925 7694/1/1256
f 7696/1/1257 7676/1/1258 7675/1/1259
f 7730/1/1227 7735/1/32 7729/1/1229
f 7729/1/1225 7732/1/1232 7733/1/1231
f 7729/1/1225 7733/1/1231 7719/1/889
f 7719/1/889 7733/1/1231 7720/1/1245
f 7647/1/1243 7737/1/1244 7648/1/1242
f 7738/1/1246 7648/1/1242 7737/1/1244
f 7731/1/1247 7648/1/1242 7738/1/1246
f 7730/1/8 7648/1/1242 7731/1/1247
f 7736/1/1241 7648/1/1242 7730/1/8
f 7735/1/8 7736/1/1241 7730/1/8
f 7734/1/1233 7735/1/8 7729/1/8
f 7732/1/1234 7734/1/1233 7729/1/8
f 7649/1/23 7620/1/23 7607/1/23
f 7649/1/23 7607/1/23 7610/1/23
f 7610/1/23 7607/1/23 7608/1/23
f 7610/1/23 7608/1/23 7612/1/23
f 7612/1/23 7641/1/23 7643/1/23
f 7643/1/23 7641/1/23 7635/1/23
f 7643/1/23 7635/1/23 7636/1/23
f 7649/1/12 7620/1/12 7648/1/12
f 7641/1/12 7608/1/12 7612/1/12
f 7739/1/1260 7740/1/1261 7741/1/1262
f 7741/1/1262 7740/1/1261 7742/1/1263
f 7743/1/1264 7744/1/1265 7745/1/1266
f 7746/1/1267 7744/1/1265 7743/1/1264
f 7745/1/1268 7747/1/1269 7744/1/1270
f 7748/1/1271 7745/1/1272 7747/1/1273
f 7740/1/1274 7747/1/1269 7749/1/1275
f 7747/1/1269 7740/1/1274 7744/1/1270
f 7749/1/1275 7739/1/1276 7740/1/1274
f 7750/1/1058 7749/1/987 7739/1/1058
f 7535/1/1277 7750/1/1278 7536/1/994
f 7750/1/1278 7535/1/1277 7739/1/1279
f 7751/1/1280 7537/1/1281 7752/1/1282
f 7538/1/1041 7752/1/1282 7537/1/1281
f 7755/1/1283 7754/1/1284 7753/1/1285
f 7754/1/1284 7755/1/1283 7756/1/1286
f 7680/1/1287 7758/1/1288 7757/1/1289
f 7758/1/1288 7680/1/1287 7679/1/1290
f 7748/1/1291 7757/1/1289 7758/1/1288
f 7745/1/1272 7748/1/1271 7757/1/1005
f 7682/1/1292 7756/1/1286 7755/1/1283
f 7756/1/1286 7682/1/1292 7684/1/1001
f 7679/1/1290 7692/1/1293 7759/1/1294
f 7679/1/1290 7759/1/1294 7758/1/1288
f 7540/1/1295 7760/1/1296 7536/1/1297
f 7536/1/1297 7760/1/1296 7750/1/1298
f 7748/1/1291 7758/1/1288 7761/1/1299
f 7759/1/1300 7758/1/1301 7761/1/1302
f 7750/1/1303 7762/1/1304 7760/1/1305
f 7750/1/1303 7749/1/1275 7762/1/1304
f 7749/1/1275 7763/1/1306 7762/1/1304
f 7749/1/1275 7747/1/1269 7763/1/1306
f 7742/1/1263 7746/1/1267 7764/1/1307
f 7765/1/1308 7764/1/1307 7746/1/1267
f 7708/1/8 7766/1/1309 7767/1/1310
f 7708/1/8 7765/1/8 7764/1/8
f 7768/1/1311 7764/1/8 7769/1/1312
f 7769/1/1312 7764/1/8 7770/1/8
f 7770/1/8 7764/1/8 7771/1/8
f 7773/1/1313 7548/1/8 7549/1/1314
f 7707/1/1111 7708/1/32 7766/1/1315
f 7765/1/32 7767/1/32 7708/1/32
f 7768/1/32 7764/1/32 7708/1/32
f 7772/1/1316 7771/1/32 7770/1/1317
f 7773/1/32 7771/1/32 7772/1/1316
f 7548/1/32 7771/1/32 7773/1/32
f 7766/1/1315 7774/1/1318 7707/1/1111
f 7713/1/1319 7707/1/1111 7774/1/1318
f 7775/1/1320 7770/1/1317 7776/1/1321
f 7769/1/1268 7776/1/1321 7770/1/1317
f 7777/1/1322 7775/1/1320 7754/1/1323
f 7754/1/1323 7775/1/1320 7776/1/1321
f 7548/1/994 7741/1/1324 7561/1/994
f 7741/1/1324 7548/1/994 7771/1/1325
f 7778/1/1326 7538/1/1041 7569/1/1327
f 7752/1/1282 7538/1/1041 7778/1/1326
f 7768/1/1000 7715/1/1001 7708/1/1001
f 7779/1/1002 7768/1/1002 7715/1/1034
f 7775/1/1320 7780/1/1328 7770/1/1317
f 7772/1/1316 7770/1/1317 7780/1/1328
f 7767/1/1310 7746/1/1329 7765/1/1330
f 7746/1/1329 7767/1/1310 7743/1/1331
f 7777/1/1322 7781/1/1332 7775/1/1320
f 7775/1/1320 7781/1/1332 7780/1/1328
f 7773/1/1313 7569/1/990 7778/1/1333
f 7569/1/990 7773/1/1313 7549/1/1314
f 7780/1/1328 7752/1/1282 7778/1/1326
f 7781/1/1332 7752/1/1282 7780/1/1328
f 7766/1/1309 7743/1/1331 7767/1/1310
f 7743/1/1331 7766/1/1309 7774/1/1334
f 7779/1/1335 7769/1/1312 7776/1/1336
f 7769/1/1312 7779/1/1335 7768/1/1311
f 7771/1/1325 7742/1/1337 7741/1/1324
f 7764/1/1307 7771/1/1058 7742/1/1263
f 7778/1/1333 7772/1/987 7773/1/1313
f 7780/1/1328 7778/1/1326 7772/1/1316
f 7540/1/23 7591/1/23 7536/1/23
f 7549/1/1338 7538/1/1338 7569/1/1338
f 7548/1/23 7535/1/23 7549/1/23
f 7535/1/23 7548/1/23 7561/1/707
f 7535/1/12 7591/1/12 7536/1/12
f 7537/1/12 7591/1/12 7535/1/12
f 7582/1/12 7591/1/12 7537/1/12
f 7537/1/12 7535/1/12 7538/1/12
f 7538/1/12 7535/1/12 7549/1/12
f 7779/1/1335 7776/1/1336 7756/1/1286
f 7756/1/1286 7776/1/1336 7754/1/1284
f 7715/1/1115 7779/1/1116 7684/1/1115
f 7756/1/1117 7779/1/1117 7684/1/1339
f 7751/1/1340 7582/1/1341 7782/1/1342
f 7751/1/1280 7582/1/1343 7537/1/1281
f 7740/1/1261 7744/1/1265 7742/1/1263
f 7742/1/1263 7744/1/1265 7746/1/1267
f 7784/1/1344 7783/1/1345 7753/1/1285
f 7785/1/1346 7783/1/1345 7784/1/1344
f 7786/1/1347 7784/1/1348 7787/1/1349
f 7784/1/1348 7785/1/1350 7787/1/1349
f 7786/1/1097 7751/1/1280 7781/1/1332
f 7752/1/1282 7781/1/1332 7751/1/1280
f 7783/1/1345 7788/1/1351 7753/1/1285
f 7753/1/1352 7755/1/1353 7788/1/1354
f 7753/1/1285 7777/1/1355 7784/1/1344
f 7777/1/1355 7753/1/1285 7754/1/1284
f 7721/1/1356 7682/1/1292 7755/1/1283
f 7755/1/1353 7721/1/1357 7788/1/1354
f 7593/1/1358 7789/1/1359 7540/1/1295
f 7760/1/1296 7540/1/1295 7789/1/1359
f 7762/1/1304 7791/1/1360 7790/1/1361
f 7791/1/1360 7762/1/1304 7763/1/1306
f 7760/1/1305 7790/1/1361 7789/1/1362
f 7790/1/1361 7760/1/1305 7762/1/1304
f 7786/1/1094 7777/1/1308 7781/1/1094
f 7784/1/1348 7786/1/1347 7777/1/1019
f 7787/1/1363 7793/1/1364 7792/1/1365
f 7793/1/1364 7787/1/1363 7782/1/1058
f 7785/1/1346 7792/1/1094 7794/1/1366
f 7787/1/1349 7785/1/1350 7792/1/1367
f 7795/1/1368 7785/1/1346 7794/1/1366
f 7785/1/1346 7795/1/1368 7783/1/1345
f 7782/1/1342 7786/1/1369 7751/1/1340
f 7786/1/1347 7787/1/1349 7782/1/1370
f 7795/1/1056 7783/1/1371 7796/1/1372
f 7788/1/1354 7796/1/1372 7783/1/1371
f 7796/1/1372 7788/1/1354 7720/1/1034
f 7721/1/1357 7720/1/1034 7788/1/1354
f 7692/1/1293 7797/1/1373 7759/1/1294
f 7797/1/1373 7692/1/1293 7719/1/1374
f 7591/1/1112 7782/1/1342 7582/1/1341
f 7793/1/1052 7591/1/1375 7782/1/1052
f 7761/1/1302 7798/1/1376 7759/1/1300
f 7797/1/1005 7759/1/1300 7798/1/1376
f 7763/1/1101 7791/1/1377 7761/1/1302
f 7798/1/1376 7761/1/1302 7791/1/1377
f 7713/1/1378 7680/1/1287 7757/1/1289
f 7713/1/1378 7757/1/1289 7774/1/1379
f 7757/1/1289 7745/1/1380 7774/1/1379
f 7743/1/1264 7745/1/1266 7774/1/1381
f 7561/1/1382 7739/1/1279 7535/1/1277
f 7561/1/1383 7739/1/1260 7741/1/1262
f 7763/1/1384 7748/1/1291 7761/1/1299
f 7763/1/1385 7748/1/1271 7747/1/1273
f 7720/1/32 7797/1/1373 7719/1/1374
f 7797/1/1373 7720/1/32 7798/1/32
f 7798/1/32 7720/1/32 7791/1/1360
f 7791/1/1360 7720/1/32 7790/1/1361
f 7790/1/1361 7720/1/32 7796/1/32
f 7790/1/1361 7796/1/32 7795/1/32
f 7789/1/32 7792/1/1365 7793/1/1364
f 7593/1/32 7793/1/32 7591/1/32
f 7789/1/8 7795/1/8 7790/1/8
f 7794/1/8 7795/1/8 7789/1/8
f 7792/1/8 7794/1/8 7789/1/8
f 7593/1/1358 7793/1/8 7789/1/1359
f 7692/1/19 7720/1/19 7719/1/19
f 7720/1/19 7692/1/19 7721/1/19
f 7684/1/19 7713/1/19 7715/1/19
f 7679/1/7 7692/1/7 7721/1/7
f 7682/1/7 7679/1/7 7721/1/7
f 7680/1/7 7679/1/7 7682/1/7
f 7713/1/7 7680/1/7 7684/1/7
f 7707/1/7 7713/1/7 7715/1/7
f 7708/1/7 7707/1/7 7715/1/7
f 7801/12/8 7800/12/8 7799/12/8
f 7800/12/8 7801/12/8 7802/12/8
f 7800/12/8 7802/12/8 7803/12/8
f 7803/12/8 7802/12/8 7804/12/8
f 7803/12/8 7804/12/8 7805/12/8
f 7805/12/8 7804/12/8 7806/12/8
f 7805/12/8 7806/12/8 7807/12/8
f 7807/12/8 7806/12/8 7808/12/8
f 7807/12/8 7808/12/8 7809/12/8
f 7809/12/8 7808/12/8 7810/12/8
f 7809/12/8 7810/12/8 7811/12/8
f 7811/12/8 7810/12/8 7812/12/8
f 7811/12/8 7812/12/8 7813/12/8
f 7813/12/8 7812/12/8 7814/12/8
f 7813/12/8 7814/12/8 7815/12/8
f 7815/12/8 7814/12/8 7816/12/8
f 7815/12/8 7816/12/8 7817/12/8
f 7817/12/8 7816/12/8 7818/12/8
f 7817/12/8 7818/12/8 7819/12/8
f 7819/12/8 7818/12/8 7820/12/8
f 7819/12/8 7820/12/8 7821/12/8
f 7821/12/8 7820/12/8 7822/12/8
f 7825/12/32 7824/12/32 7823/12/32
f 7824/12/32 7825/12/32 7826/12/32
f 7826/12/32 7825/12/32 7827/12/32
f 7826/12/32 7827/12/32 7828/12/32
f 7828/12/32 7827/12/32 7829/12/32
f 7828/12/32 7829/12/32 7830/12/32
f 7830/12/32 7829/12/32 7831/12/32
f 7830/12/32 7831/12/32 7832/12/32
f 7832/12/32 7831/12/32 7833/12/32
f 7832/12/32 7833/12/32 7834/12/32
f 7834/12/32 7833/12/32 7835/12/32
f 7834/12/32 7835/12/32 7836/12/32
f 7836/12/32 7835/12/32 7837/12/32
f 7836/12/32 7837/12/32 7838/12/32
f 7838/12/32 7837/12/32 7839/12/32
f 7838/12/32 7839/12/32 7840/12/32
f 7840/12/32 7839/12/32 7841/12/32
f 7840/12/32 7841/12/32 7842/12/32
f 7842/12/32 7841/12/32 7843/12/32
f 7842/12/32 7843/12/32 7844/12/32
f 7844/12/32 7843/12/32 7845/12/32
f 7844/12/32 7845/12/32 7846/12/32
f 7849/12/32 7848/12/32 7847/12/32
f 7849/12/32 7850/12/32 7848/12/32
f 7851/12/32 7850/12/32 7849/12/32
f 7852/12/32 7850/12/32 7851/12/32
f 7851/12/32 7853/12/32 7852/12/32
f 7854/12/32 7850/12/32 7852/12/32
f 7855/12/32 7853/12/32 7851/12/32
f 7855/12/32 7856/12/32 7853/12/32
f 7855/12/32 7857/12/32 7856/12/32
f 7858/12/32 7857/12/32 7855/12/32
f 7858/12/32 7859/12/32 7857/12/32
f 7854/12/32 7860/12/32 7850/12/32
f 7861/12/32 7860/12/32 7854/12/32
f 7862/12/32 7860/12/32 7861/12/32
f 7862/12/32 7863/12/32 7860/12/32
f 7864/12/32 7863/12/32 7862/12/32
f 7864/12/32 7865/12/32 7863/12/32
f 7866/12/32 7865/12/32 7864/12/32
f 7867/12/32 7859/12/32 7858/12/32
f 7867/12/32 7868/12/32 7859/12/32
f 7867/12/32 7869/12/32 7868/12/32
f 7870/12/32 7869/12/32 7867/12/32
f 7870/12/32 7871/12/32 7869/12/32
f 7872/12/32 7871/12/32 7870/12/32
f 7872/12/32 7873/12/32 7871/12/32
f 7866/12/32 7874/12/32 7865/12/32
f 7875/12/32 7874/12/32 7866/12/32
f 7876/12/32 7874/12/32 7875/12/32
f 7876/12/32 7877/12/32 7874/12/32
f 7878/12/32 7877/12/32 7876/12/32
f 7879/12/32 7873/12/32 7872/12/32
f 7879/12/32 7880/12/32 7873/12/32
f 7879/12/32 7881/12/32 7880/12/32
f 7878/12/32 7882/12/32 7877/12/32
f 7883/12/32 7882/12/32 7878/12/32
f 7884/12/32 7882/12/32 7883/12/32
f 7885/12/32 7881/12/32 7879/12/32
f 7884/12/32 7886/12/32 7882/12/32
f 7887/12/32 7886/12/32 7884/12/32
f 7885/12/32 7888/12/32 7881/12/32
f 7889/12/32 7886/12/32 7887/12/32
f 7885/12/32 7889/12/32 7888/12/32
f 7886/12/32 7889/12/32 7890/12/32
f 7885/12/32 7890/12/32 7889/12/32
f 7891/12/32 7890/12/32 7885/12/32
f 7891/12/32 7892/12/32 7890/12/32
f 7893/12/32 7892/12/32 7891/12/32
f 7892/12/32 7893/12/32 7894/12/32
f 7897/12/8 7896/12/8 7895/12/8
f 7896/12/8 7897/12/8 7898/12/8
f 7896/12/8 7898/12/8 7899/12/8
f 7899/12/8 7898/12/8 7900/12/8
f 7899/12/8 7900/12/8 7901/12/8
f 7901/12/8 7900/12/8 7902/12/8
f 7905/12/7 7904/12/1386 7903/12/420
f 7904/12/1386 7906/12/12 7903/12/420
f 7904/12/1386 7905/12/7 7907/12/1387
f 7908/12/1388 7907/12/1387 7905/12/7
f 7906/12/12 7904/12/1386 7909/12/1389
f 7909/12/1389 7910/12/421 7906/12/12
f 7907/12/1387 7908/12/1388 7911/12/1390
f 7895/12/1391 7904/12/1386 7907/12/1387
f 7911/12/1390 7895/12/1391 7907/12/1387
f 7904/12/1386 7895/12/1391 7896/12/1392
f 7896/12/1392 7909/12/1389 7904/12/1386
f 7909/12/1389 7896/12/1392 7899/12/1393
f 7895/12/1391 7911/12/1390 7897/12/1394
f 7901/12/1395 7909/12/1389 7899/12/1393
f 7908/12/1388 7912/12/1396 7911/12/1390
f 7912/12/1396 7897/12/1394 7911/12/1390
f 7912/12/1396 7908/12/1388 7913/12/23
f 7897/12/1394 7912/12/1396 7898/12/1397
f 7909/12/1389 7901/12/1395 7914/12/1398
f 7910/12/421 7909/12/1389 7914/12/1398
f 7902/12/1399 7914/12/1398 7901/12/1395
f 7913/12/23 7915/12/1400 7912/12/1396
f 7915/12/1400 7898/12/1397 7912/12/1396
f 7898/12/1397 7915/12/1400 7900/12/1401
f 7915/12/1400 7902/12/1399 7900/12/1401
f 7915/12/1400 7913/12/23 7916/12/1402
f 7917/12/1403 7910/12/421 7914/12/1398
f 7914/12/1398 7902/12/1399 7917/12/1403
f 7902/12/1399 7915/12/1400 7917/12/1403
f 7916/12/1402 7917/12/1403 7915/12/1400
f 7910/12/421 7917/12/1403 7918/12/19
f 7917/12/1403 7916/12/1402 7918/12/19
f 7885/12/1404 7806/12/1405 7804/12/1404
f 7802/12/1406 7885/12/1404 7804/12/1404
f 7806/12/1405 7885/12/1404 7879/12/1407
f 7885/12/1404 7802/12/1406 7891/12/1406
f 7879/12/1407 7808/12/1408 7806/12/1405
f 7801/12/1409 7891/12/1406 7802/12/1406
f 7808/12/1408 7879/12/1407 7872/12/1410
f 7891/12/1406 7801/12/1409 7893/12/1409
f 7872/12/1410 7810/12/1411 7808/12/1408
f 7799/12/1412 7893/12/1409 7801/12/1409
f 7810/12/1411 7872/12/1410 7870/12/1411
f 7893/12/1409 7799/12/1412 7894/12/1412
f 7870/12/1411 7812/12/1413 7810/12/1411
f 7800/12/1414 7894/12/1412 7799/12/1412
f 7812/12/1413 7870/12/1411 7867/12/1415
f 7894/12/1412 7800/12/1414 7892/12/1416
f 7867/12/1415 7814/12/1417 7812/12/1413
f 7803/12/1418 7892/12/1416 7800/12/1414
f 7814/12/1417 7867/12/1415 7858/12/1417
f 7892/12/1416 7803/12/1418 7890/12/1418
f 7858/12/1417 7816/12/1419 7814/12/1417
f 7816/12/1419 7858/12/1417 7855/12/1419
f 7851/12/1420 7816/12/1419 7855/12/1419
f 7816/12/1419 7851/12/1420 7818/12/1420
f 7849/12/1421 7818/12/1420 7851/12/1420
f 7818/12/1420 7849/12/1421 7820/12/1422
f 7847/12/1423 7820/12/1422 7849/12/1421
f 7820/12/1422 7847/12/1423 7822/12/1423
f 7848/12/1424 7822/12/1423 7847/12/1423
f 7822/12/1423 7848/12/1424 7821/12/1425
f 7850/12/1426 7821/12/1425 7848/12/1424
f 7821/12/1425 7850/12/1426 7819/12/1426
f 7860/12/1427 7819/12/1426 7850/12/1426
f 7819/12/1426 7860/12/1427 7817/12/1427
f 7860/12/1427 7815/12/1428 7817/12/1427
f 7815/12/1428 7860/12/1427 7863/12/1428
f 7863/12/1428 7813/12/1429 7815/12/1428
f 7813/12/1429 7863/12/1428 7865/12/1430
f 7865/12/1430 7811/12/1431 7813/12/1429
f 7811/12/1431 7865/12/1430 7874/12/1431
f 7874/12/1431 7809/12/1432 7811/12/1431
f 7809/12/1432 7874/12/1431 7877/12/1433
f 7877/12/1433 7807/12/1434 7809/12/1432
f 7807/12/1434 7877/12/1433 7882/12/1434
f 7882/12/1434 7805/12/1435 7807/12/1434
f 7805/12/1435 7882/12/1434 7886/12/1435
f 7890/12/1418 7805/12/1435 7886/12/1435
f 7805/12/1435 7890/12/1418 7803/12/1418
f 7842/12/1420 7857/12/1419 7840/12/1419
f 7857/12/1419 7838/12/1417 7840/12/1419
f 7857/12/1419 7842/12/1420 7856/12/1420
f 7838/12/1417 7857/12/1419 7859/12/1417
f 7844/12/1436 7856/12/1420 7842/12/1420
f 7859/12/1417 7836/12/1415 7838/12/1417
f 7856/12/1420 7844/12/1436 7853/12/1436
f 7836/12/1415 7859/12/1417 7868/12/1415
f 7846/12/1423 7853/12/1436 7844/12/1436
f 7853/12/1436 7846/12/1423 7852/12/1423
f 7845/12/1424 7852/12/1423 7846/12/1423
f 7852/12/1423 7845/12/1424 7854/12/1425
f 7843/12/1426 7854/12/1425 7845/12/1424
f 7854/12/1425 7843/12/1426 7861/12/1426
f 7868/12/1415 7834/12/1411 7836/12/1415
f 7834/12/1411 7868/12/1415 7869/12/1411
f 7871/12/1410 7834/12/1411 7869/12/1411
f 7834/12/1411 7871/12/1410 7832/12/1410
f 7873/12/1405 7832/12/1410 7871/12/1410
f 7832/12/1410 7873/12/1405 7830/12/1405
f 7880/12/1404 7830/12/1405 7873/12/1405
f 7830/12/1405 7880/12/1404 7828/12/1404
f 7881/12/1406 7828/12/1404 7880/12/1404
f 7828/12/1404 7881/12/1406 7826/12/1406
f 7888/12/1409 7826/12/1406 7881/12/1406
f 7826/12/1406 7888/12/1409 7824/12/1409
f 7889/12/1412 7824/12/1409 7888/12/1409
f 7824/12/1409 7889/12/1412 7823/12/1412
f 7887/12/1437 7823/12/1412 7889/12/1412
f 7823/12/1412 7887/12/1437 7825/12/1437
f 7884/12/1418 7825/12/1437 7887/12/1437
f 7825/12/1437 7884/12/1418 7827/12/1418
f 7883/12/1435 7827/12/1418 7884/12/1418
f 7827/12/1418 7883/12/1435 7829/12/1435
f 7878/12/1434 7829/12/1435 7883/12/1435
f 7829/12/1435 7878/12/1434 7831/12/1434
f 7876/12/1433 7831/12/1434 7878/12/1434
f 7831/12/1434 7876/12/1433 7833/12/1433
f 7876/12/1433 7835/12/1431 7833/12/1433
f 7835/12/1431 7876/12/1433 7875/12/1431
f 7875/12/1431 7837/12/1430 7835/12/1431
f 7837/12/1430 7875/12/1431 7866/12/1430
f 7866/12/1430 7839/12/1428 7837/12/1430
f 7839/12/1428 7866/12/1430 7864/12/1428
f 7864/12/1428 7841/12/1427 7839/12/1428
f 7841/12/1427 7864/12/1428 7862/12/1427
f 7861/12/1426 7841/12/1427 7862/12/1427
f 7841/12/1427 7861/12/1426 7843/12/1426
f 7920/4/23 1210/4/23 7919/4/23
f 1210/4/23 7920/4/23 1212/4/23
f 7923/4/12 7922/4/12 7921/4/12
f 7922/4/12 7923/4/12 7924/4/12
f 7920/4/8 7923/4/8 1212/4/8
f 7923/4/8 7920/4/8 7924/4/8
f 7923/4/7 1210/4/7 1212/4/7
f 1210/4/7 7923/4/7 7921/4/7
f 7922/4/19 7920/4/19 7919/4/19
f 7920/4/19 7922/4/19 7924/4/19
f 7922/10/32 1210/10/32 7921/10/32
f 1210/10/32 7922/10/32 7919/10/32
f 922/11/23 1013/11/23 921/11/23
f 1013/11/23 922/11/23 1014/11/23
f 1212/11/12 7919/11/12 1210/11/12
f 7919/11/12 1212/11/12 7920/11/12
f 922/11/8 1212/11/8 1014/11/8
f 1212/11/8 922/11/8 7920/11/8
f 1212/11/7 1013/11/7 1014/11/7
f 1013/11/7 1212/11/7 1210/11/7
f 7919/11/19 922/11/19 921/11/19
f 922/11/19 7919/11/19 7920/11/19
f 7919/10/32 1013/10/32 1210/10/32
f 1013/10/32 7919/10/32 921/10/32
f 7927/9/23 7926/9/23 7925/9/23
f 7926/9/23 7927/9/23 7928/9/23
f 7931/9/12 7930/9/12 7929/9/12
f 7930/9/12 7931/9/12 7932/9/12
f 7931/9/7 7926/9/7 7928/9/7
f 7926/9/7 7931/9/7 7929/9/7
f 7930/9/19 7927/9/19 7925/9/19
f 7927/9/19 7930/9/19 7932/9/19
f 7933/9/802 7930/9/802 7925/9/803
f 7930/9/802 7933/9/802 7934/9/802
f 7926/9/804 7936/9/804 7935/9/804
f 7936/9/804 7926/9/804 7929/9/805
f 7936/9/7 7937/9/7 7935/9/7
f 7937/9/7 7936/9/7 7938/9/7
f 7933/9/23 7937/9/23 7939/9/23
f 7937/9/23 7933/9/23 7935/9/23
f 7929/9/806 7934/9/806 7936/9/806
f 7934/9/806 7929/9/806 7930/9/807
f 7936/9/12 7940/9/12 7938/9/12
f 7940/9/12 7936/9/12 7934/9/12
f 7940/9/19 7933/9/19 7939/9/19
f 7933/9/19 7940/9/19 7934/9/19
f 7943/9/8 7942/9/8 7941/9/8
f 7942/9/8 7943/9/8 7944/9/8
f 7940/9/32 7937/9/32 7938/9/32
f 7937/9/32 7940/9/32 7939/9/32
f 7941/9/12 7946/9/12 7945/9/12
f 7946/9/12 7941/9/12 7942/9/12
f 7933/9/808 7926/9/809 7935/9/808
f 7926/9/809 7933/9/808 7925/9/808
f 7947/9/810 7928/9/810 7927/9/810
f 7928/9/810 7947/9/810 7948/9/811
f 7944/9/23 7948/9/23 7947/9/23
f 7948/9/23 7944/9/23 7943/9/23
f 7941/9/7 7948/9/7 7943/9/7
f 7948/9/7 7941/9/7 7945/9/7
f 7945/9/812 7928/9/813 7948/9/813
f 7928/9/813 7945/9/812 7931/9/813
f 7946/9/19 7944/9/19 7947/9/19
f 7944/9/19 7946/9/19 7942/9/19
f 7927/9/814 7946/9/814 7947/9/815
f 7946/9/814 7927/9/814 7932/9/814
f 7945/9/816 7932/9/816 7931/9/816
f 7932/9/816 7945/9/816 7946/9/817
f 7951/9/23 7950/9/23 7949/9/23
f 7950/9/23 7951/9/23 7952/9/23
f 7954/9/737 7953/9/737 7949/9/1438
f 7953/9/737 7954/9/737 7955/9/737
f 7957/9/12 7953/9/12 7956/9/12
f 7953/9/12 7957/9/12 7958/9/12
f 7960/9/743 7956/9/743 7959/9/743
f 7956/9/743 7960/9/743 7950/9/743
f 7959/9/7 7961/9/7 7960/9/7
f 7961/9/7 7959/9/7 7962/9/7
f 7954/9/23 7961/9/23 7963/9/23
f 7961/9/23 7954/9/23 7960/9/23
f 7953/9/19 7951/9/19 7949/9/19
f 7951/9/19 7953/9/19 7958/9/19
f 7952/9/7 7956/9/7 7950/9/7
f 7956/9/7 7952/9/7 7957/9/7
f 7956/9/713 7955/9/713 7959/9/713
f 7955/9/713 7956/9/713 7953/9/713
f 7959/9/12 7964/9/12 7962/9/12
f 7964/9/12 7959/9/12 7955/9/12
f 7964/9/19 7954/9/19 7963/9/19
f 7954/9/19 7964/9/19 7955/9/19
f 7967/9/8 7966/9/8 7965/9/8
f 7966/9/8 7967/9/8 7968/9/8
f 7964/9/32 7961/9/32 7962/9/32
f 7961/9/32 7964/9/32 7963/9/32
f 7965/9/12 7970/9/12 7969/9/12
f 7970/9/12 7965/9/12 7966/9/12
f 7954/9/714 7950/9/714 7960/9/714
f 7950/9/714 7954/9/714 7949/9/714
f 7973/9/798 7972/9/798 7971/9/798
f 7972/9/798 7973/9/798 7974/9/798
f 7968/9/23 7974/9/23 7973/9/23
f 7974/9/23 7968/9/23 7967/9/23
f 7965/9/7 7974/9/7 7967/9/7
f 7974/9/7 7965/9/7 7969/9/7
f 7969/9/1439 7972/9/1439 7974/9/1439
f 7972/9/1439 7969/9/1439 7975/9/1439
f 7970/9/19 7968/9/19 7973/9/19
f 7968/9/19 7970/9/19 7966/9/19
f 7971/9/1440 7970/9/1440 7973/9/1440
f 7970/9/1440 7971/9/1440 7976/9/1440
f 7969/9/801 7976/9/801 7975/9/801
f 7976/9/801 7969/9/801 7970/9/801
f 7971/9/23 7952/9/23 7951/9/23
f 7952/9/23 7971/9/23 7972/9/23
f 7975/9/7 7952/9/7 7972/9/7
f 7952/9/7 7975/9/7 7957/9/7
f 7975/9/12 7958/9/12 7957/9/12
f 7958/9/12 7975/9/12 7976/9/12
f 7958/9/19 7971/9/19 7951/9/19
f 7971/9/19 7958/9/19 7976/9/19
f 7979/7/424 7978/7/275 7977/7/276
f 7978/7/275 7979/7/424 7980/7/277
f 7983/7/278 7982/7/279 7981/7/280
f 7982/7/279 7983/7/278 7984/7/281
f 7987/7/282 7986/7/283 7985/7/284
f 7986/7/283 7987/7/282 7988/7/285
f 7991/7/286 7990/7/287 7989/7/288
f 7990/7/287 7991/7/286 7992/7/289
f 7995/7/425 7994/7/291 7993/7/426
f 7994/7/291 7995/7/425 7996/7/293
f 7999/7/294 7998/7/295 7997/7/296
f 7998/7/295 7999/7/294 8000/7/297
f 8002/7/298 7977/7/276 8001/7/299
f 7977/7/276 8002/7/298 7979/7/424
f 7977/7/276 8003/7/300 8001/7/299
f 8003/7/300 7977/7/276 7978/7/275
f 7978/7/275 8004/7/301 8003/7/300
f 8004/7/301 7978/7/275 7980/7/277
f 8002/7/298 7980/7/277 7979/7/424
f 7980/7/277 8002/7/298 8004/7/301
f 7997/7/296 8006/7/302 8005/7/489
f 8006/7/302 7997/7/296 7998/7/295
f 7998/7/295 8001/7/669 8006/7/302
f 8001/7/669 7998/7/295 8000/7/297
f 8002/7/305 7997/7/296 8005/7/489
f 7997/7/296 8002/7/305 7999/7/294
f 8002/7/305 8000/7/297 7999/7/294
f 8000/7/297 8002/7/305 8001/7/669
f 8008/7/306 7993/7/426 8007/7/307
f 7993/7/426 8008/7/306 7995/7/425
f 7993/7/426 8006/7/308 8007/7/307
f 8006/7/308 7993/7/426 7994/7/291
f 7994/7/291 8005/7/428 8006/7/308
f 8005/7/428 7994/7/291 7996/7/293
f 8008/7/306 7996/7/293 7995/7/425
f 7996/7/293 8008/7/306 8005/7/428
f 7982/7/279 8004/7/310 8008/7/429
f 8004/7/310 7982/7/279 7984/7/281
f 8003/7/312 7981/7/280 8007/7/500
f 7981/7/280 8003/7/312 7983/7/278
f 8007/7/500 7982/7/279 8008/7/429
f 7982/7/279 8007/7/500 7981/7/280
f 8003/7/312 7984/7/281 7983/7/278
f 7984/7/281 8003/7/312 8004/7/310
f 8008/7/314 7992/7/289 7991/7/286
f 7992/7/289 8008/7/314 8004/7/315
f 7989/7/288 8002/7/316 8005/7/317
f 8002/7/316 7989/7/288 7990/7/287
f 8008/7/314 7989/7/288 8005/7/317
f 7989/7/288 8008/7/314 7991/7/286
f 7990/7/287 8004/7/315 8002/7/316
f 8004/7/315 7990/7/287 7992/7/289
f 8001/7/318 7986/7/283 8006/7/319
f 7986/7/283 8001/7/318 7985/7/284
f 8003/7/320 7988/7/285 7987/7/282
f 7988/7/285 8003/7/320 8007/7/321
f 7986/7/283 8007/7/321 8006/7/319
f 8007/7/321 7986/7/283 7988/7/285
f 8003/7/320 7985/7/284 8001/7/318
f 7985/7/284 8003/7/320 7987/7/282
f 8011/12/8 8010/12/8 8009/12/8
f 8010/12/8 8011/12/8 8012/12/8
f 8014/12/19 8012/12/19 8013/12/19
f 8012/12/19 8014/12/19 8010/12/19
f 8009/12/12 8014/12/12 8015/12/12
f 8014/12/12 8009/12/12 8010/12/12
f 8011/12/7 8015/12/7 8016/12/7
f 8015/12/7 8011/12/7 8009/12/7
f 8012/12/23 8016/12/23 8013/12/23
f 8016/12/23 8012/12/23 8011/12/23
f 8019/12/32 8018/12/32 8017/12/32
s 0
f 8017/12/706 8018/12/706 8020/12/706
s 1
f 8019/12/32 8021/12/32 8018/12/32
f 8022/12/32 8021/12/32 8019/12/32
s 0
f 8021/12/706 8022/12/706 8023/12/706
s 1
f 8013/12/32 8020/12/32 8018/12/32
f 8013/12/32 8024/12/32 8020/12/32
f 8024/12/32 8016/12/32 8022/12/32
f 8016/12/32 8023/12/32 8022/12/32
f 8016/12/32 8024/12/32 8013/12/32
f 8015/12/32 8023/12/32 8016/12/32
f 8023/12/32 8015/12/32 8014/12/32
f 8023/12/32 8014/12/32 8025/12/32
f 8025/12/32 8014/12/32 8018/12/32
f 8013/12/32 8018/12/32 8026/12/32
f 8013/12/32 8026/12/32 8027/12/32
f 8026/12/32 8018/12/32 8028/12/32
f 8013/12/32 8027/12/32 8029/12/32
f 8013/12/32 8029/12/32 8014/12/32
s 0
f 8030/12/706 8029/12/706 8027/12/706
s 1
f 8031/12/32 8029/12/32 8030/12/32
f 8032/12/32 8014/12/32 8029/12/32
f 8031/12/32 8033/12/32 8029/12/32
f 8028/12/32 8033/12/32 8031/12/32
f 8034/12/32 8014/12/32 8032/12/32
f 8018/12/32 8014/12/32 8034/12/32
s 0
f 8033/12/706 8028/12/706 8034/12/706
s 1
f 8018/12/32 8034/12/32 8028/12/32
f 8034/10/12 8036/10/12 8035/10/12
f 8036/10/12 8034/10/12 8032/10/12
f 8023/10/7 8037/10/7 8021/10/7
f 8037/10/7 8023/10/7 8038/10/7
f 8040/10/19 8027/10/19 8039/10/19
f 8027/10/19 8040/10/19 8030/10/19
f 8036/10/32 8041/10/32 8035/10/32
f 8041/10/32 8036/10/32 8042/10/32
f 8042/10/32 8036/10/32 8043/10/32
f 8046/10/8 8045/10/8 8044/10/8
f 8045/10/8 8046/10/8 8047/10/8
f 8040/10/32 8049/10/32 8048/10/32
f 8049/10/32 8040/10/32 8039/10/32
f 8036/10/19 8029/10/19 8043/10/19
f 8029/10/19 8036/10/19 8032/10/19
f 8023/10/12 8050/10/12 8038/10/12
f 8050/10/12 8023/10/12 8025/10/12
f 8053/10/32 8052/10/32 8051/10/32
f 8052/10/32 8053/10/32 8054/10/32
f 8050/10/32 8037/10/32 8038/10/32
f 8037/10/32 8050/10/32 8055/10/32
f 8055/10/32 8050/10/32 8056/10/32
s 0
f 8030/10/12 8028/10/12 8031/10/12
s 1
f 8030/10/12 8057/10/12 8028/10/12
f 8058/10/708 8028/10/12 8057/10/12
f 8030/10/1060 8054/10/12 8057/10/1441
f 8040/10/12 8054/10/12 8030/10/1060
f 8052/10/1060 8028/10/12 8058/10/708
f 8054/10/12 8040/10/12 8052/10/1060
f 8052/10/1060 8048/10/12 8028/10/12
f 8048/10/12 8052/10/1060 8040/10/12
f 8053/10/19 8057/10/19 8054/10/19
f 8057/10/19 8053/10/19 8059/10/19
f 8020/10/23 8061/10/23 8060/10/23
f 8061/10/23 8020/10/23 8024/10/23
f 8064/10/32 8063/10/32 8062/10/32
f 8063/10/32 8064/10/32 8065/10/32
f 8058/10/8 8059/10/8 8066/10/8
f 8059/10/8 8058/10/8 8057/10/8
f 8069/10/8 8068/10/8 8067/10/8
f 8068/10/8 8069/10/8 8070/10/8
f 8073/10/32 8072/10/32 8071/10/32
f 8072/10/32 8073/10/32 8074/10/32
f 8077/10/32 8076/10/32 8075/10/32
f 8076/10/32 8077/10/32 8078/10/32
f 8018/10/23 8055/10/23 8056/10/23
f 8055/10/23 8018/10/23 8077/10/707
f 8077/10/707 8018/10/23 8068/10/1338
f 8068/10/1338 8018/10/23 8067/10/707
f 8021/10/23 8067/10/707 8018/10/23
f 8075/10/23 8055/10/23 8077/10/707
f 8021/10/23 8075/10/23 8067/10/707
f 8075/10/23 8037/10/23 8055/10/23
f 8037/10/23 8075/10/23 8021/10/23
f 8045/10/12 8064/10/12 8062/10/12
f 8064/10/12 8045/10/12 8047/10/12
f 8022/10/7 8061/10/7 8024/10/7
f 8061/10/7 8022/10/7 8079/10/7
s 0
f 8043/10/23 8041/10/23 8042/10/23
s 1
f 8041/10/23 8043/10/23 8053/10/23
f 8053/10/707 8043/10/707 8029/10/23
f 8051/10/23 8041/10/23 8053/10/23
f 8053/10/707 8029/10/23 8059/10/1338
f 8041/10/23 8051/10/23 8033/10/23
f 8059/10/1338 8029/10/23 8066/10/707
f 8033/10/23 8051/10/23 8066/10/707
f 8033/10/23 8066/10/707 8029/10/23
f 8080/10/12 8073/10/12 8071/10/12
f 8073/10/12 8080/10/12 8081/10/12
f 8077/10/19 8070/10/19 8078/10/19
f 8070/10/19 8077/10/19 8068/10/19
f 8027/10/23 8049/10/23 8039/10/23
f 8049/10/23 8027/10/23 8026/10/23
f 8058/10/7 8051/10/7 8052/10/7
f 8051/10/7 8058/10/7 8066/10/7
f 8083/10/8 8080/10/8 8082/10/8
f 8080/10/8 8083/10/8 8081/10/8
f 8065/10/23 8044/10/23 8063/10/23
f 8044/10/23 8065/10/23 8046/10/23
f 8069/10/7 8075/10/7 8076/10/7
f 8075/10/7 8069/10/7 8067/10/7
f 8084/10/32 8061/10/32 8079/10/32
f 8061/10/32 8084/10/32 8060/10/32
f 8074/10/23 8082/10/23 8072/10/23
f 8082/10/23 8074/10/23 8083/10/23
f 8083/10/7 8034/10/7 8081/10/7
f 8081/10/7 8034/10/7 8073/10/7
f 8083/10/7 8033/10/7 8034/10/7
f 8035/10/7 8073/10/7 8034/10/7
f 8033/10/7 8083/10/7 8041/10/7
f 8035/10/7 8074/10/7 8073/10/7
f 8041/10/7 8074/10/7 8035/10/7
f 8074/10/7 8041/10/7 8083/10/7
f 8079/10/12 8076/10/1060 8084/10/12
f 8076/10/1060 8079/10/12 8022/10/12
f 8078/10/12 8084/10/12 8076/10/1060
f 8076/10/1060 8022/10/12 8069/10/708
f 8084/10/12 8078/10/12 8017/10/12
f 8069/10/708 8022/10/12 8070/10/1060
f 8017/10/12 8078/10/12 8070/10/1060
f 8070/10/1060 8022/10/12 8019/10/12
f 8017/10/12 8070/10/1060 8019/10/12
f 8060/10/19 8063/10/19 8020/10/19
f 8063/10/19 8060/10/19 8084/10/19
f 8044/10/19 8020/10/19 8063/10/19
f 8063/10/19 8084/10/19 8062/10/19
f 8020/10/19 8044/10/19 8017/10/19
f 8062/10/19 8084/10/19 8045/10/19
f 8017/10/19 8044/10/19 8045/10/19
f 8017/10/19 8045/10/19 8084/10/19
f 8026/10/7 8046/10/7 8049/10/7
f 8046/10/7 8026/10/7 8028/10/7
f 8065/10/7 8049/10/7 8046/10/7
f 8046/10/7 8028/10/7 8047/10/7
f 8049/10/7 8065/10/7 8048/10/7
f 8047/10/7 8028/10/7 8064/10/7
f 8048/10/7 8065/10/7 8064/10/7
f 8048/10/7 8064/10/7 8028/10/7
f 8056/10/19 8072/10/19 8018/10/19
f 8072/10/19 8056/10/19 8050/10/19
f 8082/10/19 8018/10/19 8072/10/19
f 8072/10/19 8050/10/19 8071/10/19
f 8018/10/19 8082/10/19 8025/10/19
f 8071/10/19 8050/10/19 8080/10/19
f 8025/10/19 8082/10/19 8080/10/19
f 8025/10/19 8080/10/19 8050/10/19
f 8087/9/7 8086/9/7 8085/9/7
f 8086/9/7 8087/9/7 8088/9/7
f 8089/9/420 8088/9/420 8087/9/420
f 8088/9/420 8089/9/420 8090/9/420
f 8093/9/421 8092/9/421 8091/9/421
f 8092/9/421 8093/9/421 8094/9/421
f 8097/9/421 8096/9/421 8095/9/421
f 8096/9/421 8097/9/421 8098/9/421
f 8101/9/1402 8100/9/1402 8099/9/1402
f 8100/9/1402 8101/9/1402 8102/9/1402
f 8105/9/420 8104/9/420 8103/9/420
f 8104/9/420 8105/9/420 8106/9/420
f 8089/9/12 8107/9/12 8090/9/12
f 8107/9/12 8089/9/12 8108/9/12
f 8111/9/1388 8110/9/1388 8109/9/1388
f 8110/9/1388 8111/9/1388 8112/9/1388
f 8115/9/1402 8114/9/1402 8113/9/1402
f 8114/9/1402 8115/9/1402 8116/9/1402
f 8119/9/1402 8118/9/1402 8117/9/1402
f 8118/9/1402 8119/9/1402 8120/9/1402
f 8121/9/8 8105/9/8 8103/9/8
f 8105/9/8 8121/9/8 8122/9/8
f 8105/9/8 8122/9/8 8097/9/8
f 8097/9/8 8122/9/8 8100/9/8
f 8097/9/8 8100/9/8 8098/9/8
f 8098/9/8 8100/9/8 8102/9/8
f 8096/9/19 8102/9/19 8101/9/19
f 8102/9/19 8096/9/19 8098/9/19
f 8125/9/1388 8124/9/1388 8123/9/1388
f 8124/9/1388 8125/9/1388 8126/9/1388
f 8091/9/19 8120/9/19 8119/9/19
f 8120/9/19 8091/9/19 8092/9/19
f 8129/9/421 8128/9/421 8127/9/421
f 8128/9/421 8129/9/421 8130/9/421
f 8122/9/1388 8132/9/1388 8131/9/1388
f 8132/9/1388 8122/9/1388 8121/9/1388
f 8105/9/12 8095/9/12 8106/9/12
f 8095/9/12 8105/9/12 8097/9/12
f 8135/9/1402 8134/9/1402 8133/9/1402
f 8134/9/1402 8135/9/1402 8136/9/1402
f 8139/9/420 8138/9/420 8137/9/420
f 8138/9/420 8139/9/420 8140/9/420
f 8141/9/19 8116/9/19 8115/9/19
f 8116/9/19 8141/9/19 8142/9/19
f 8145/9/420 8144/9/420 8143/9/420
f 8144/9/420 8145/9/420 8146/9/420
f 8143/9/7 8126/9/7 8125/9/7
f 8126/9/7 8143/9/7 8144/9/7
f 8103/9/7 8132/9/7 8121/9/7
f 8132/9/7 8103/9/7 8104/9/7
f 8149/9/19 8148/9/19 8147/9/19
f 8148/9/19 8149/9/19 8150/9/19
f 8114/9/23 8151/9/23 8113/9/23
f 8151/9/23 8114/9/23 8152/9/23
f 8118/9/23 8124/9/23 8117/9/23
f 8124/9/23 8118/9/23 8123/9/23
f 8134/9/23 8109/9/23 8133/9/23
f 8109/9/23 8134/9/23 8111/9/23
f 8155/9/7 8154/9/7 8153/9/7
f 8154/9/7 8155/9/7 8156/9/7
f 8100/9/23 8131/9/23 8099/9/23
f 8131/9/23 8100/9/23 8122/9/23
f 8147/9/1402 8158/9/1402 8157/9/1402
f 8158/9/1402 8147/9/1402 8148/9/1402
f 8160/9/421 8149/9/421 8159/9/421
f 8149/9/421 8160/9/421 8150/9/421
f 8085/9/1388 8151/9/1388 8152/9/1388
f 8151/9/1388 8085/9/1388 8086/9/1388
f 8162/9/1388 8154/9/1388 8161/9/1388
f 8154/9/1388 8162/9/1388 8153/9/1388
f 8163/9/420 8156/9/420 8155/9/420
f 8156/9/420 8163/9/420 8164/9/420
f 8123/9/8 8143/9/8 8125/9/8
f 8143/9/8 8123/9/8 8145/9/8
f 8145/9/8 8123/9/8 8118/9/8
f 8145/9/8 8118/9/8 8094/9/8
f 8094/9/8 8118/9/8 8120/9/8
f 8094/9/8 8120/9/8 8092/9/8
f 8152/9/8 8087/9/8 8085/9/8
f 8087/9/8 8152/9/8 8089/9/8
f 8089/9/8 8152/9/8 8114/9/8
f 8089/9/8 8114/9/8 8108/9/8
f 8108/9/8 8114/9/8 8116/9/8
f 8108/9/8 8116/9/8 8142/9/8
f 8107/9/421 8142/9/421 8141/9/421
f 8142/9/421 8107/9/421 8108/9/421
f 8145/9/12 8093/9/12 8146/9/12
f 8093/9/12 8145/9/12 8094/9/12
f 8112/9/8 8139/9/8 8137/9/8
f 8139/9/8 8112/9/8 8111/9/8
f 8139/9/8 8111/9/8 8129/9/8
f 8129/9/8 8111/9/8 8134/9/8
f 8129/9/8 8134/9/8 8130/9/8
f 8130/9/8 8134/9/8 8136/9/8
f 8137/9/7 8110/9/7 8112/9/7
f 8110/9/7 8137/9/7 8138/9/7
f 8139/9/12 8127/9/12 8140/9/12
f 8127/9/12 8139/9/12 8129/9/12
f 8128/9/19 8136/9/19 8135/9/19
f 8136/9/19 8128/9/19 8130/9/19
f 8167/9/7 8166/9/7 8165/9/7
f 8166/9/7 8167/9/7 8168/9/7
f 8171/9/12 8170/9/12 8169/9/12
f 8170/9/12 8171/9/12 8172/9/12
f 8158/9/23 8161/9/23 8157/9/23
f 8161/9/23 8158/9/23 8162/9/23
f 8175/9/19 8174/9/19 8173/9/19
f 8174/9/19 8175/9/19 8176/9/19
f 8174/9/23 8166/9/23 8173/9/23
f 8166/9/23 8174/9/23 8165/9/23
f 8174/9/8 8167/9/8 8165/9/8
f 8167/9/8 8174/9/8 8176/9/8
f 8179/9/23 8178/9/23 8177/9/23
f 8178/9/23 8179/9/23 8180/9/23
f 8183/9/19 8182/9/19 8181/9/19
f 8182/9/19 8183/9/19 8184/9/19
f 8186/9/12 8183/9/12 8185/9/12
f 8183/9/12 8186/9/12 8184/9/12
f 8171/9/7 8178/9/7 8180/9/7
f 8178/9/7 8171/9/7 8169/9/7
f 8182/9/23 8187/9/23 8181/9/23
f 8187/9/23 8182/9/23 8188/9/23
f 8167/9/12 8175/9/12 8168/9/12
f 8175/9/12 8167/9/12 8176/9/12
f 8179/9/8 8171/9/8 8180/9/8
f 8171/9/8 8179/9/8 8172/9/8
f 8170/9/19 8179/9/19 8177/9/19
f 8179/9/19 8170/9/19 8172/9/19
f 8186/9/7 8187/9/7 8188/9/7
f 8187/9/7 8186/9/7 8185/9/7
f 8191/9/23 8190/9/23 8189/9/23
f 8190/9/23 8191/9/23 8192/9/23
f 8163/9/12 8159/9/12 8164/9/12
f 8159/9/12 8163/9/12 8160/9/12
f 8182/9/8 8186/9/8 8188/9/8
f 8186/9/8 8182/9/8 8184/9/8
f 8153/9/8 8163/9/8 8155/9/8
f 8163/9/8 8153/9/8 8162/9/8
f 8163/9/8 8162/9/8 8160/9/8
f 8160/9/8 8162/9/8 8158/9/8
f 8160/9/8 8158/9/8 8150/9/8
f 8150/9/8 8158/9/8 8148/9/8
f 8193/9/7 8190/9/7 8192/9/7
f 8190/9/7 8193/9/7 8194/9/7
f 8191/9/8 8193/9/8 8192/9/8
f 8193/9/8 8191/9/8 8195/9/8
f 8193/9/12 8196/9/12 8194/9/12
f 8196/9/12 8193/9/12 8195/9/12
f 8196/9/19 8191/9/19 8189/9/19
f 8191/9/19 8196/9/19 8195/9/19
f 8199/11/1442 8198/11/1442 8197/11/1443
f 8202/11/1444 8201/11/1445 8200/11/1444
f 8205/11/1446 8204/11/1447 8203/11/1447
f 8206/11/1448 8199/11/1449 8207/11/1450
f 8198/11/1451 8206/11/1452 8199/11/1451
f 8204/11/1453 8209/11/1454 8203/11/1453
f 8208/11/1455 8204/11/1456 8209/11/1457
f 8200/11/1458 8202/11/1459 8210/11/1460
f 8211/11/1461 8210/11/1461 8202/11/1458
f 8213/11/1462 8206/11/1463 8207/11/1464
f 8212/11/1465 8213/11/1465 8206/11/1466
f 8214/11/1467 8211/11/1468 8210/11/1468
f 8211/11/1468 8214/11/1467 8215/11/1467
f 8208/11/1469 8216/11/1470 8209/11/1469
f 8216/11/1471 8208/11/1469 8217/11/1471
f 8220/15/1472 8219/15/1473 8218/15/1474
f 8219/15/1473 8220/15/1472 8221/15/1475
f 8224/15/1476 8223/15/1477 8222/15/1476
f 8223/15/1477 8224/15/1476 8225/15/1477
f 8225/15/1477 8226/15/1478 8223/15/1477
f 8226/15/1478 8225/15/1477 8227/15/1478
f 8230/15/1479 8229/15/1480 8228/15/1479
f 8229/15/1480 8230/15/1479 8231/15/1480
f 8234/15/1481 8233/15/1482 8232/15/1482
f 8233/15/1482 8234/15/1481 8235/15/1481
f 8237/15/1483 8234/15/1481 8236/15/1484
f 8234/15/1481 8237/15/1483 8235/15/1481
f 8219/15/1473 8238/15/1485 8218/15/1474
f 8238/15/1485 8219/15/1473 8239/15/1486
f 8231/15/1480 8233/15/1482 8229/15/1480
f 8233/15/1482 8231/15/1480 8232/15/1482
f 8241/15/1487 8236/15/1484 8240/15/1487
f 8236/15/1484 8241/15/1487 8237/15/1483
f 8239/15/1486 8222/15/1476 8238/15/1485
f 8222/15/1476 8239/15/1486 8224/15/1476
f 8227/15/1478 8220/15/1472 8226/15/1478
f 8220/15/1472 8227/15/1478 8221/15/1475
f 8223/15/1488 8241/15/420 8228/15/1488
f 8241/15/420 8223/15/1488 8226/15/420
f 8238/15/1402 8229/15/1489 8233/15/1402
f 8229/15/1489 8238/15/1402 8222/15/1490
f 8218/15/1491 8233/15/1402 8235/15/1492
f 8233/15/1402 8218/15/1491 8238/15/1402
f 8237/15/1493 8218/15/1491 8235/15/1492
f 8218/15/1491 8237/15/1493 8220/15/1493
f 8223/15/1488 8229/15/1489 8222/15/1490
f 8229/15/1489 8223/15/1488 8228/15/1488
f 8226/15/420 8237/15/1493 8241/15/420
f 8237/15/1493 8226/15/420 8220/15/1493
f 8239/15/1494 8225/15/1494 8224/15/1494
f 8225/15/1494 8239/15/1494 8227/15/1494
f 8227/15/1494 8239/15/1494 8219/15/1495
f 8227/15/1494 8219/15/1495 8221/15/1496
f 8240/15/1497 8231/15/1498 8230/15/1497
f 8231/15/1498 8240/15/1497 8232/15/1498
f 8232/15/1498 8240/15/1497 8236/15/1499
f 8232/15/1498 8236/15/1499 8234/15/1500
f 8241/15/1487 8230/15/1479 8228/15/1479
f 8230/15/1479 8241/15/1487 8240/15/1487
f 8244/12/8 8243/12/8 8242/12/8
f 8243/12/8 8244/12/8 8245/12/8
f 8247/12/19 8245/12/19 8246/12/19
f 8245/12/19 8247/12/19 8243/12/19
f 8242/12/12 8247/12/12 8248/12/12
f 8247/12/12 8242/12/12 8243/12/12
f 8244/12/7 8248/12/7 8249/12/7
f 8248/12/7 8244/12/7 8242/12/7
f 8245/12/23 8249/12/23 8246/12/23
f 8249/12/23 8245/12/23 8244/12/23
f 8252/12/32 8251/12/32 8250/12/32
s 0
f 8250/12/32 8251/12/32 8253/12/32
s 1
f 8252/12/32 8254/12/32 8251/12/32
f 8255/12/32 8254/12/32 8252/12/32
s 0
f 8254/12/706 8255/12/706 8256/12/706
s 1
f 8246/12/32 8253/12/32 8251/12/32
f 8246/12/32 8257/12/32 8253/12/32
f 8257/12/32 8249/12/32 8255/12/32
f 8249/12/32 8256/12/32 8255/12/32
f 8249/12/32 8257/12/32 8246/12/32
f 8248/12/32 8256/12/32 8249/12/32
f 8256/12/32 8248/12/32 8247/12/32
f 8256/12/32 8247/12/32 8258/12/32
f 8258/12/32 8247/12/32 8251/12/32
f 8246/12/32 8251/12/32 8259/12/32
f 8246/12/32 8259/12/32 8260/12/32
f 8259/12/32 8251/12/32 8261/12/32
f 8246/12/32 8260/12/32 8262/12/32
f 8246/12/32 8262/12/32 8247/12/32
s 0
f 8263/12/706 8262/12/706 8260/12/706
s 1
f 8264/12/32 8262/12/32 8263/12/32
f 8265/12/32 8247/12/32 8262/12/32
f 8264/12/32 8266/12/32 8262/12/32
f 8261/12/32 8266/12/32 8264/12/32
f 8267/12/32 8247/12/32 8265/12/32
f 8251/12/32 8247/12/32 8267/12/32
s 0
f 8266/12/32 8261/12/32 8267/12/32
s 1
f 8251/12/32 8267/12/32 8261/12/32
f 8267/10/12 8269/10/12 8268/10/12
f 8269/10/12 8267/10/12 8265/10/12
f 8256/10/7 8270/10/7 8254/10/7
f 8270/10/7 8256/10/7 8271/10/7
f 8273/10/19 8260/10/19 8272/10/19
f 8260/10/19 8273/10/19 8263/10/19
f 8269/10/32 8274/10/32 8268/10/32
f 8274/10/32 8269/10/32 8275/10/32
f 8275/10/32 8269/10/32 8276/10/32
f 8279/10/8 8278/10/8 8277/10/8
f 8278/10/8 8279/10/8 8280/10/8
f 8273/10/32 8282/10/32 8281/10/32
f 8282/10/32 8273/10/32 8272/10/32
f 8269/10/19 8262/10/19 8276/10/19
f 8262/10/19 8269/10/19 8265/10/19
f 8256/10/12 8283/10/12 8271/10/12
f 8283/10/12 8256/10/12 8258/10/12
f 8286/10/32 8285/10/32 8284/10/32
f 8285/10/32 8286/10/32 8287/10/32
f 8283/10/32 8270/10/32 8271/10/32
f 8270/10/32 8283/10/32 8288/10/32
f 8288/10/32 8283/10/32 8289/10/32
s 0
f 8263/10/12 8261/10/12 8264/10/12
s 1
f 8263/10/12 8290/10/12 8261/10/12
f 8291/10/708 8261/10/12 8290/10/12
f 8263/10/1060 8287/10/12 8290/10/1441
f 8273/10/12 8287/10/12 8263/10/1060
f 8285/10/1060 8261/10/12 8291/10/708
f 8287/10/12 8273/10/12 8285/10/1060
f 8285/10/1060 8281/10/12 8261/10/12
f 8281/10/12 8285/10/1060 8273/10/12
f 8286/10/19 8290/10/19 8287/10/19
f 8290/10/19 8286/10/19 8292/10/19
f 8253/10/23 8294/10/23 8293/10/23
f 8294/10/23 8253/10/23 8257/10/23
f 8297/10/32 8296/10/32 8295/10/32
f 8296/10/32 8297/10/32 8298/10/32
f 8291/10/8 8292/10/8 8299/10/8
f 8292/10/8 8291/10/8 8290/10/8
f 8302/10/8 8301/10/8 8300/10/8
f 8301/10/8 8302/10/8 8303/10/8
f 8306/10/32 8305/10/32 8304/10/32
f 8305/10/32 8306/10/32 8307/10/32
f 8310/10/32 8309/10/32 8308/10/32
f 8309/10/32 8310/10/32 8311/10/32
f 8251/10/23 8288/10/23 8289/10/23
f 8288/10/23 8251/10/23 8310/10/707
f 8310/10/707 8251/10/23 8301/10/1338
f 8301/10/1338 8251/10/23 8300/10/707
f 8254/10/23 8300/10/707 8251/10/23
f 8308/10/23 8288/10/23 8310/10/707
f 8254/10/23 8308/10/23 8300/10/707
f 8308/10/23 8270/10/23 8288/10/23
f 8270/10/23 8308/10/23 8254/10/23
f 8278/10/12 8297/10/12 8295/10/12
f 8297/10/12 8278/10/12 8280/10/12
f 8255/10/7 8294/10/7 8257/10/7
f 8294/10/7 8255/10/7 8312/10/7
s 0
f 8276/10/23 8274/10/23 8275/10/23
s 1
f 8274/10/23 8276/10/23 8286/10/23
f 8286/10/707 8276/10/707 8262/10/23
f 8284/10/23 8274/10/23 8286/10/23
f 8286/10/707 8262/10/23 8292/10/1338
f 8274/10/23 8284/10/23 8266/10/23
f 8292/10/1338 8262/10/23 8299/10/707
f 8266/10/23 8284/10/23 8299/10/707
f 8266/10/23 8299/10/707 8262/10/23
f 8313/10/12 8306/10/12 8304/10/12
f 8306/10/12 8313/10/12 8314/10/12
f 8310/10/19 8303/10/19 8311/10/19
f 8303/10/19 8310/10/19 8301/10/19
f 8260/10/23 8282/10/23 8272/10/23
f 8282/10/23 8260/10/23 8259/10/23
f 8291/10/7 8284/10/7 8285/10/7
f 8284/10/7 8291/10/7 8299/10/7
f 8316/10/8 8313/10/8 8315/10/8
f 8313/10/8 8316/10/8 8314/10/8
f 8298/10/23 8277/10/23 8296/10/23
f 8277/10/23 8298/10/23 8279/10/23
f 8302/10/7 8308/10/7 8309/10/7
f 8308/10/7 8302/10/7 8300/10/7
f 8317/10/32 8294/10/32 8312/10/32
f 8294/10/32 8317/10/32 8293/10/32
f 8307/10/23 8315/10/23 8305/10/23
f 8315/10/23 8307/10/23 8316/10/23
f 8316/10/7 8267/10/7 8314/10/7
f 8314/10/7 8267/10/7 8306/10/7
f 8316/10/7 8266/10/7 8267/10/7
f 8268/10/7 8306/10/7 8267/10/7
f 8266/10/7 8316/10/7 8274/10/7
f 8268/10/7 8307/10/7 8306/10/7
f 8274/10/7 8307/10/7 8268/10/7
f 8307/10/7 8274/10/7 8316/10/7
f 8312/10/12 8309/10/1060 8317/10/12
f 8309/10/1060 8312/10/12 8255/10/12
f 8311/10/12 8317/10/12 8309/10/1060
f 8309/10/1060 8255/10/12 8302/10/708
f 8317/10/12 8311/10/12 8250/10/12
f 8302/10/708 8255/10/12 8303/10/1060
f 8250/10/12 8311/10/12 8303/10/1060
f 8303/10/1060 8255/10/12 8252/10/12
f 8250/10/12 8303/10/1060 8252/10/12
f 8293/10/19 8296/10/19 8253/10/19
f 8296/10/19 8293/10/19 8317/10/19
f 8277/10/19 8253/10/19 8296/10/19
f 8296/10/19 8317/10/19 8295/10/19
f 8253/10/19 8277/10/19 8250/10/19
f 8295/10/19 8317/10/19 8278/10/19
f 8250/10/19 8277/10/19 8278/10/19
f 8250/10/19 8278/10/19 8317/10/19
f 8259/10/7 8279/10/7 8282/10/7
f 8279/10/7 8259/10/7 8261/10/7
f 8298/10/7 8282/10/7 8279/10/7
f 8279/10/7 8261/10/7 8280/10/7
f 8282/10/7 8298/10/7 8281/10/7
f 8280/10/7 8261/10/7 8297/10/7
f 8281/10/7 8298/10/7 8297/10/7
f 8281/10/7 8297/10/7 8261/10/7
f 8289/10/19 8305/10/19 8251/10/19
f 8305/10/19 8289/10/19 8283/10/19
f 8315/10/19 8251/10/19 8305/10/19
f 8305/10/19 8283/10/19 8304/10/19
f 8251/10/19 8315/10/19 8258/10/19
f 8304/10/19 8283/10/19 8313/10/19
f 8258/10/19 8315/10/19 8313/10/19
f 8258/10/19 8313/10/19 8283/10/19
f 8320/12/8 8319/12/8 8318/12/8
f 8319/12/8 8320/12/8 8321/12/8
f 8323/12/19 8321/12/19 8322/12/19
f 8321/12/19 8323/12/19 8319/12/19
f 8318/12/12 8323/12/12 8324/12/12
f 8323/12/12 8318/12/12 8319/12/12
f 8320/12/7 8324/12/7 8325/12/7
f 8324/12/7 8320/12/7 8318/12/7
f 8321/12/23 8325/12/23 8322/12/23
f 8325/12/23 8321/12/23 8320/12/23
f 8328/12/32 8327/12/32 8326/12/32
s 0
f 8326/12/706 8327/12/706 8329/12/706
s 1
f 8328/12/32 8330/12/32 8327/12/32
f 8331/12/32 8330/12/32 8328/12/32
s 0
f 8330/12/12 8331/12/707 8332/12/708
s 1
f 8322/12/32 8329/12/32 8327/12/32
f 8322/12/32 8333/12/32 8329/12/32
f 8333/12/32 8325/12/32 8331/12/32
f 8325/12/32 8332/12/32 8331/12/32
f 8325/12/32 8333/12/32 8322/12/32
f 8324/12/32 8332/12/32 8325/12/32
f 8332/12/32 8324/12/32 8323/12/32
f 8332/12/32 8323/12/32 8334/12/32
f 8334/12/32 8323/12/32 8327/12/32
f 8322/12/32 8327/12/32 8335/12/32
f 8322/12/32 8335/12/32 8336/12/32
f 8335/12/32 8327/12/32 8337/12/32
f 8322/12/32 8336/12/32 8338/12/32
f 8322/12/32 8338/12/32 8323/12/32
s 0
f 8339/12/706 8338/12/706 8336/12/706
s 1
f 8340/12/32 8338/12/32 8339/12/32
f 8341/12/32 8323/12/32 8338/12/32
f 8340/12/32 8342/12/32 8338/12/32
f 8337/12/32 8342/12/32 8340/12/32
f 8343/12/32 8323/12/32 8341/12/32
f 8327/12/32 8323/12/32 8343/12/32
s 0
f 8342/12/706 8337/12/706 8343/12/706
s 1
f 8327/12/32 8343/12/32 8337/12/32
f 8343/10/12 8345/10/12 8344/10/12
f 8345/10/12 8343/10/12 8341/10/12
f 8332/10/7 8346/10/7 8330/10/7
f 8346/10/7 8332/10/7 8347/10/7
f 8349/10/19 8336/10/19 8348/10/19
f 8336/10/19 8349/10/19 8339/10/19
f 8345/10/32 8350/10/32 8344/10/32
f 8350/10/32 8345/10/32 8351/10/32
f 8351/10/32 8345/10/32 8352/10/32
f 8355/10/8 8354/10/8 8353/10/8
f 8354/10/8 8355/10/8 8356/10/8
f 8349/10/32 8358/10/32 8357/10/32
f 8358/10/32 8349/10/32 8348/10/32
f 8345/10/19 8338/10/19 8352/10/19
f 8338/10/19 8345/10/19 8341/10/19
f 8332/10/12 8359/10/12 8347/10/12
f 8359/10/12 8332/10/12 8334/10/12
f 8362/10/32 8361/10/32 8360/10/32
f 8361/10/32 8362/10/32 8363/10/32
f 8359/10/32 8346/10/32 8347/10/32
f 8346/10/32 8359/10/32 8364/10/32
f 8364/10/32 8359/10/32 8365/10/32
s 0
f 8339/10/12 8337/10/12 8340/10/12
s 1
f 8339/10/12 8366/10/12 8337/10/12
f 8367/10/708 8337/10/12 8366/10/12
f 8339/10/1060 8363/10/12 8366/10/1441
f 8349/10/12 8363/10/12 8339/10/1060
f 8361/10/1060 8337/10/12 8367/10/708
f 8363/10/12 8349/10/12 8361/10/1060
f 8361/10/1060 8357/10/12 8337/10/12
f 8357/10/12 8361/10/1060 8349/10/12
f 8362/10/19 8366/10/19 8363/10/19
f 8366/10/19 8362/10/19 8368/10/19
f 8329/10/23 8370/10/23 8369/10/23
f 8370/10/23 8329/10/23 8333/10/23
f 8373/10/32 8372/10/32 8371/10/32
f 8372/10/32 8373/10/32 8374/10/32
f 8367/10/8 8368/10/8 8375/10/8
f 8368/10/8 8367/10/8 8366/10/8
f 8378/10/8 8377/10/8 8376/10/8
f 8377/10/8 8378/10/8 8379/10/8
f 8382/10/32 8381/10/32 8380/10/32
f 8381/10/32 8382/10/32 8383/10/32
f 8386/10/32 8385/10/32 8384/10/32
f 8385/10/32 8386/10/32 8387/10/32
f 8327/10/23 8364/10/23 8365/10/23
f 8364/10/23 8327/10/23 8386/10/707
f 8386/10/707 8327/10/23 8377/10/1338
f 8377/10/1338 8327/10/23 8376/10/707
f 8330/10/23 8376/10/707 8327/10/23
f 8384/10/23 8364/10/23 8386/10/707
f 8330/10/23 8384/10/23 8376/10/707
f 8384/10/23 8346/10/23 8364/10/23
f 8346/10/23 8384/10/23 8330/10/23
f 8354/10/12 8373/10/12 8371/10/12
f 8373/10/12 8354/10/12 8356/10/12
f 8331/10/7 8370/10/7 8333/10/7
f 8370/10/7 8331/10/7 8388/10/7
s 0
f 8352/10/23 8350/10/23 8351/10/23
s 1
f 8350/10/23 8352/10/23 8362/10/23
f 8362/10/707 8352/10/707 8338/10/23
f 8360/10/23 8350/10/23 8362/10/23
f 8362/10/707 8338/10/23 8368/10/1338
f 8350/10/23 8360/10/23 8342/10/23
f 8368/10/1338 8338/10/23 8375/10/707
f 8342/10/23 8360/10/23 8375/10/707
f 8342/10/23 8375/10/707 8338/10/23
f 8389/10/12 8382/10/12 8380/10/12
f 8382/10/12 8389/10/12 8390/10/12
f 8386/10/19 8379/10/19 8387/10/19
f 8379/10/19 8386/10/19 8377/10/19
f 8336/10/23 8358/10/23 8348/10/23
f 8358/10/23 8336/10/23 8335/10/23
f 8367/10/7 8360/10/7 8361/10/7
f 8360/10/7 8367/10/7 8375/10/7
f 8392/10/8 8389/10/8 8391/10/8
f 8389/10/8 8392/10/8 8390/10/8
f 8374/10/23 8353/10/23 8372/10/23
f 8353/10/23 8374/10/23 8355/10/23
f 8378/10/7 8384/10/7 8385/10/7
f 8384/10/7 8378/10/7 8376/10/7
f 8393/10/32 8370/10/32 8388/10/32
f 8370/10/32 8393/10/32 8369/10/32
f 8383/10/23 8391/10/23 8381/10/23
f 8391/10/23 8383/10/23 8392/10/23
f 8392/10/7 8343/10/7 8390/10/7
f 8390/10/7 8343/10/7 8382/10/7
f 8392/10/7 8342/10/7 8343/10/7
f 8344/10/7 8382/10/7 8343/10/7
f 8342/10/7 8392/10/7 8350/10/7
f 8344/10/7 8383/10/7 8382/10/7
f 8350/10/7 8383/10/7 8344/10/7
f 8383/10/7 8350/10/7 8392/10/7
f 8388/10/12 8385/10/1060 8393/10/12
f 8385/10/1060 8388/10/12 8331/10/12
f 8387/10/12 8393/10/12 8385/10/1060
f 8385/10/1060 8331/10/12 8378/10/708
f 8393/10/12 8387/10/12 8326/10/12
f 8378/10/708 8331/10/12 8379/10/1060
f 8326/10/12 8387/10/12 8379/10/1060
f 8379/10/1060 8331/10/12 8328/10/12
f 8326/10/12 8379/10/1060 8328/10/12
f 8369/10/19 8372/10/19 8329/10/19
f 8372/10/19 8369/10/19 8393/10/19
f 8353/10/19 8329/10/19 8372/10/19
f 8372/10/19 8393/10/19 8371/10/19
f 8329/10/19 8353/10/19 8326/10/19
f 8371/10/19 8393/10/19 8354/10/19
f 8326/10/19 8353/10/19 8354/10/19
f 8326/10/19 8354/10/19 8393/10/19
f 8335/10/7 8355/10/7 8358/10/7
f 8355/10/7 8335/10/7 8337/10/7
f 8374/10/7 8358/10/7 8355/10/7
f 8355/10/7 8337/10/7 8356/10/7
f 8358/10/7 8374/10/7 8357/10/7
f 8356/10/7 8337/10/7 8373/10/7
f 8357/10/7 8374/10/7 8373/10/7
f 8357/10/7 8373/10/7 8337/10/7
f 8365/10/19 8381/10/19 8327/10/19
f 8381/10/19 8365/10/19 8359/10/19
f 8391/10/19 8327/10/19 8381/10/19
f 8381/10/19 8359/10/19 8380/10/19
f 8327/10/19 8391/10/19 8334/10/19
f 8380/10/19 8359/10/19 8389/10/19
f 8334/10/19 8391/10/19 8389/10/19
f 8334/10/19 8389/10/19 8359/10/19
f 8396/7/424 8395/7/275 8394/7/276
f 8395/7/275 8396/7/424 8397/7/277
f 8400/7/278 8399/7/279 8398/7/280
f 8399/7/279 8400/7/278 8401/7/281
f 8404/7/282 8403/7/283 8402/7/284
f 8403/7/283 8404/7/282 8405/7/285
f 8408/7/286 8407/7/287 8406/7/288
f 8407/7/287 8408/7/286 8409/7/289
f 8412/7/425 8411/7/291 8410/7/426
f 8411/7/291 8412/7/425 8413/7/293
f 8416/7/294 8415/7/295 8414/7/296
f 8415/7/295 8416/7/294 8417/7/297
f 8419/7/298 8394/7/276 8418/7/299
f 8394/7/276 8419/7/298 8396/7/424
f 8394/7/276 8420/7/488 8418/7/299
f 8420/7/488 8394/7/276 8395/7/275
f 8395/7/275 8421/7/668 8420/7/488
f 8421/7/668 8395/7/275 8397/7/277
f 8419/7/298 8397/7/277 8396/7/424
f 8397/7/277 8419/7/298 8421/7/668
f 8414/7/296 8423/7/499 8422/7/489
f 8423/7/499 8414/7/296 8415/7/295
f 8415/7/295 8418/7/669 8423/7/499
f 8418/7/669 8415/7/295 8417/7/297
f 8419/7/305 8414/7/296 8422/7/489
f 8414/7/296 8419/7/305 8416/7/294
f 8419/7/305 8417/7/297 8416/7/294
f 8417/7/297 8419/7/305 8418/7/669
f 8425/7/306 8410/7/426 8424/7/307
f 8410/7/426 8425/7/306 8412/7/425
f 8410/7/426 8423/7/427 8424/7/307
f 8423/7/427 8410/7/426 8411/7/291
f 8411/7/291 8422/7/428 8423/7/427
f 8422/7/428 8411/7/291 8413/7/293
f 8425/7/306 8413/7/293 8412/7/425
f 8413/7/293 8425/7/306 8422/7/428
f 8399/7/279 8421/7/310 8425/7/429
f 8421/7/310 8399/7/279 8401/7/281
f 8420/7/312 8398/7/280 8424/7/500
f 8398/7/280 8420/7/312 8400/7/278
f 8424/7/500 8399/7/279 8425/7/429
f 8399/7/279 8424/7/500 8398/7/280
f 8420/7/312 8401/7/281 8400/7/278
f 8401/7/281 8420/7/312 8421/7/310
f 8425/7/314 8409/7/289 8408/7/286
f 8409/7/289 8425/7/314 8421/7/315
f 8406/7/288 8419/7/316 8422/7/317
f 8419/7/316 8406/7/288 8407/7/287
f 8425/7/314 8406/7/288 8422/7/317
f 8406/7/288 8425/7/314 8408/7/286
f 8407/7/287 8421/7/315 8419/7/316
f 8421/7/315 8407/7/287 8409/7/289
f 8418/7/318 8403/7/283 8423/7/319
f 8403/7/283 8418/7/318 8402/7/284
f 8420/7/320 8405/7/285 8404/7/282
f 8405/7/285 8420/7/320 8424/7/321
f 8403/7/283 8424/7/321 8423/7/319
f 8424/7/321 8403/7/283 8405/7/285
f 8420/7/320 8402/7/284 8418/7/318
f 8402/7/284 8420/7/320 8404/7/282
f 8428/4/424 8427/4/275 8426/4/276
f 8427/4/275 8428/4/424 8429/4/277
f 8432/4/278 8431/4/279 8430/4/280
f 8431/4/279 8432/4/278 8433/4/281
f 8436/4/282 8435/4/283 8434/4/284
f 8435/4/283 8436/4/282 8437/4/285
f 8440/4/286 8439/4/287 8438/4/288
f 8439/4/287 8440/4/286 8441/4/289
f 8444/4/425 8443/4/291 8442/4/426
f 8443/4/291 8444/4/425 8445/4/293
f 8448/4/294 8447/4/295 8446/4/296
f 8447/4/295 8448/4/294 8449/4/297
f 8451/4/298 8426/4/276 8450/4/299
f 8426/4/276 8451/4/298 8428/4/424
f 8426/4/276 8452/4/488 8450/4/299
f 8452/4/488 8426/4/276 8427/4/275
f 8427/4/275 8453/4/668 8452/4/488
f 8453/4/668 8427/4/275 8429/4/277
f 8451/4/298 8429/4/277 8428/4/424
f 8429/4/277 8451/4/298 8453/4/668
f 8446/4/296 8455/4/499 8454/4/489
f 8455/4/499 8446/4/296 8447/4/295
f 8447/4/295 8450/4/669 8455/4/499
f 8450/4/669 8447/4/295 8449/4/297
f 8451/4/305 8446/4/296 8454/4/489
f 8446/4/296 8451/4/305 8448/4/294
f 8451/4/305 8449/4/297 8448/4/294
f 8449/4/297 8451/4/305 8450/4/669
f 8457/4/306 8442/4/426 8456/4/307
f 8442/4/426 8457/4/306 8444/4/425
f 8442/4/426 8455/4/427 8456/4/307
f 8455/4/427 8442/4/426 8443/4/291
f 8443/4/291 8454/4/428 8455/4/427
f 8454/4/428 8443/4/291 8445/4/293
f 8457/4/306 8445/4/293 8444/4/425
f 8445/4/293 8457/4/306 8454/4/428
f 8431/4/279 8453/4/310 8457/4/819
f 8453/4/310 8431/4/279 8433/4/281
f 8452/4/312 8430/4/280 8456/4/500
f 8430/4/280 8452/4/312 8432/4/278
f 8456/4/500 8431/4/279 8457/4/819
f 8431/4/279 8456/4/500 8430/4/280
f 8452/4/312 8433/4/281 8432/4/278
f 8433/4/281 8452/4/312 8453/4/310
f 8457/4/314 8441/4/289 8440/4/286
f 8441/4/289 8457/4/314 8453/4/315
f 8438/4/288 8451/4/316 8454/4/317
f 8451/4/316 8438/4/288 8439/4/287
f 8457/4/314 8438/4/288 8454/4/317
f 8438/4/288 8457/4/314 8440/4/286
f 8439/4/287 8453/4/315 8451/4/316
f 8453/4/315 8439/4/287 8441/4/289
f 8450/4/318 8435/4/283 8455/4/319
f 8435/4/283 8450/4/318 8434/4/284
f 8452/4/320 8437/4/285 8436/4/282
f 8437/4/285 8452/4/320 8456/4/321
f 8435/4/283 8456/4/321 8455/4/319
f 8456/4/321 8435/4/283 8437/4/285
f 8452/4/320 8434/4/284 8450/4/318
f 8434/4/284 8452/4/320 8436/4/282
f 8460/7/424 8459/7/275 8458/7/276
f 8459/7/275 8460/7/424 8461/7/277
f 8464/7/278 8463/7/279 8462/7/280
f 8463/7/279 8464/7/278 8465/7/281
f 8468/7/282 8467/7/283 8466/7/284
f 8467/7/283 8468/7/282 8469/7/285
f 8472/7/286 8471/7/287 8470/7/288
f 8471/7/287 8472/7/286 8473/7/289
f 8476/7/425 8475/7/291 8474/7/426
f 8475/7/291 8476/7/425 8477/7/293
f 8480/7/294 8479/7/295 8478/7/296
f 8479/7/295 8480/7/294 8481/7/297
f 8483/7/298 8458/7/276 8482/7/299
f 8458/7/276 8483/7/298 8460/7/424
f 8458/7/276 8484/7/488 8482/7/299
f 8484/7/488 8458/7/276 8459/7/275
f 8459/7/275 8485/7/668 8484/7/488
f 8485/7/668 8459/7/275 8461/7/277
f 8483/7/298 8461/7/277 8460/7/424
f 8461/7/277 8483/7/298 8485/7/668
f 8478/7/296 8487/7/499 8486/7/489
f 8487/7/499 8478/7/296 8479/7/295
f 8479/7/295 8482/7/669 8487/7/499
f 8482/7/669 8479/7/295 8481/7/297
f 8483/7/305 8478/7/296 8486/7/489
f 8478/7/296 8483/7/305 8480/7/294
f 8483/7/305 8481/7/297 8480/7/294
f 8481/7/297 8483/7/305 8482/7/669
f 8489/7/306 8474/7/426 8488/7/307
f 8474/7/426 8489/7/306 8476/7/425
f 8474/7/426 8487/7/427 8488/7/307
f 8487/7/427 8474/7/426 8475/7/291
f 8475/7/291 8486/7/428 8487/7/427
f 8486/7/428 8475/7/291 8477/7/293
f 8489/7/306 8477/7/293 8476/7/425
f 8477/7/293 8489/7/306 8486/7/428
f 8463/7/279 8485/7/310 8489/7/819
f 8485/7/310 8463/7/279 8465/7/281
f 8484/7/312 8462/7/280 8488/7/500
f 8462/7/280 8484/7/312 8464/7/278
f 8488/7/500 8463/7/279 8489/7/819
f 8463/7/279 8488/7/500 8462/7/280
f 8484/7/312 8465/7/281 8464/7/278
f 8465/7/281 8484/7/312 8485/7/310
f 8489/7/314 8473/7/289 8472/7/286
f 8473/7/289 8489/7/314 8485/7/315
f 8470/7/288 8483/7/316 8486/7/317
f 8483/7/316 8470/7/288 8471/7/287
f 8489/7/314 8470/7/288 8486/7/317
f 8470/7/288 8489/7/314 8472/7/286
f 8471/7/287 8485/7/315 8483/7/316
f 8485/7/315 8471/7/287 8473/7/289
f 8482/7/318 8467/7/283 8487/7/319
f 8467/7/283 8482/7/318 8466/7/284
f 8484/7/320 8469/7/285 8468/7/282
f 8469/7/285 8484/7/320 8488/7/321
f 8467/7/283 8488/7/321 8487/7/319
f 8488/7/321 8467/7/283 8469/7/285
f 8484/7/320 8466/7/284 8482/7/318
f 8466/7/284 8484/7/320 8468/7/282
f 8492/8/627 8491/8/626 8490/8/624
f 8491/8/626 8492/8/627 8493/8/625
f 8496/8/638 8495/8/639 8494/8/637
f 8495/8/639 8496/8/638 8497/8/636
f 8500/8/631 8499/8/630 8498/8/628
f 8499/8/630 8500/8/631 8501/8/629
f 8504/8/634 8503/8/635 8502/8/633
f 8503/8/635 8504/8/634 8505/8/632
f 8508/8/642 8507/8/643 8506/8/641
f 8507/8/643 8508/8/642 8509/8/640
f 8512/8/623 8511/8/622 8510/8/620
f 8511/8/622 8512/8/623 8513/8/621
f 8515/8/656 8490/8/624 8514/8/658
f 8490/8/624 8515/8/656 8492/8/627
f 8490/8/624 8516/8/659 8514/8/658
f 8516/8/659 8490/8/624 8491/8/626
f 8491/8/626 8517/8/657 8516/8/659
f 8517/8/657 8491/8/626 8493/8/625
f 8515/8/656 8493/8/625 8492/8/627
f 8493/8/625 8515/8/656 8517/8/657
f 8510/8/620 8519/8/645 8518/8/644
f 8519/8/645 8510/8/620 8511/8/622
f 8511/8/622 8514/8/646 8519/8/645
f 8514/8/646 8511/8/622 8513/8/621
f 8515/8/647 8510/8/620 8518/8/644
f 8510/8/620 8515/8/647 8512/8/623
f 8515/8/647 8513/8/621 8512/8/623
f 8513/8/621 8515/8/647 8514/8/646
f 8521/8/649 8506/8/641 8520/8/648
f 8506/8/641 8521/8/649 8508/8/642
f 8506/8/641 8519/8/650 8520/8/648
f 8519/8/650 8506/8/641 8507/8/643
f 8507/8/643 8518/8/651 8519/8/650
f 8518/8/651 8507/8/643 8509/8/640
f 8521/8/649 8509/8/640 8508/8/642
f 8509/8/640 8521/8/649 8518/8/651
f 8495/8/639 8517/8/652 8521/8/655
f 8517/8/652 8495/8/639 8497/8/636
f 8516/8/653 8494/8/637 8520/8/654
f 8494/8/637 8516/8/653 8496/8/638
f 8520/8/654 8495/8/639 8521/8/655
f 8495/8/639 8520/8/654 8494/8/637
f 8516/8/653 8497/8/636 8496/8/638
f 8497/8/636 8516/8/653 8517/8/652
f 8521/8/663 8505/8/632 8504/8/634
f 8505/8/632 8521/8/663 8517/8/660
f 8502/8/633 8515/8/661 8518/8/662
f 8515/8/661 8502/8/633 8503/8/635
f 8521/8/663 8502/8/633 8518/8/662
f 8502/8/633 8521/8/663 8504/8/634
f 8503/8/635 8517/8/660 8515/8/661
f 8517/8/660 8503/8/635 8505/8/632
f 8514/8/666 8499/8/630 8519/8/664
f 8499/8/630 8514/8/666 8498/8/628
f 8516/8/667 8501/8/629 8500/8/631
f 8501/8/629 8516/8/667 8520/8/665
f 8499/8/630 8520/8/665 8519/8/664
f 8520/8/665 8499/8/630 8501/8/629
f 8516/8/667 8498/8/628 8514/8/666
f 8498/8/628 8516/8/667 8500/8/631
f 8524/7/627 8523/7/626 8522/7/624
f 8523/7/626 8524/7/627 8525/7/625
f 8528/7/638 8527/7/639 8526/7/637
f 8527/7/639 8528/7/638 8529/7/636
f 8532/7/631 8531/7/630 8530/7/628
f 8531/7/630 8532/7/631 8533/7/629
f 8536/7/634 8535/7/635 8534/7/633
f 8535/7/635 8536/7/634 8537/7/632
f 8540/7/642 8539/7/643 8538/7/641
f 8539/7/643 8540/7/642 8541/7/640
f 8544/7/623 8543/7/622 8542/7/620
f 8543/7/622 8544/7/623 8545/7/621
f 8547/7/656 8522/7/624 8546/7/658
f 8522/7/624 8547/7/656 8524/7/627
f 8522/7/624 8548/7/659 8546/7/658
f 8548/7/659 8522/7/624 8523/7/626
f 8523/7/626 8549/7/657 8548/7/659
f 8549/7/657 8523/7/626 8525/7/625
f 8547/7/656 8525/7/625 8524/7/627
f 8525/7/625 8547/7/656 8549/7/657
f 8542/7/620 8551/7/645 8550/7/644
f 8551/7/645 8542/7/620 8543/7/622
f 8543/7/622 8546/7/646 8551/7/645
f 8546/7/646 8543/7/622 8545/7/621
f 8547/7/647 8542/7/620 8550/7/644
f 8542/7/620 8547/7/647 8544/7/623
f 8547/7/647 8545/7/621 8544/7/623
f 8545/7/621 8547/7/647 8546/7/646
f 8553/7/649 8538/7/641 8552/7/648
f 8538/7/641 8553/7/649 8540/7/642
f 8538/7/641 8551/7/650 8552/7/648
f 8551/7/650 8538/7/641 8539/7/643
f 8539/7/643 8550/7/651 8551/7/650
f 8550/7/651 8539/7/643 8541/7/640
f 8553/7/649 8541/7/640 8540/7/642
f 8541/7/640 8553/7/649 8550/7/651
f 8527/7/639 8549/7/652 8553/7/655
f 8549/7/652 8527/7/639 8529/7/636
f 8548/7/653 8526/7/637 8552/7/654
f 8526/7/637 8548/7/653 8528/7/638
f 8552/7/654 8527/7/639 8553/7/655
f 8527/7/639 8552/7/654 8526/7/637
f 8548/7/653 8529/7/636 8528/7/638
f 8529/7/636 8548/7/653 8549/7/652
f 8553/7/663 8537/7/632 8536/7/634
f 8537/7/632 8553/7/663 8549/7/660
f 8534/7/633 8547/7/661 8550/7/662
f 8547/7/661 8534/7/633 8535/7/635
f 8553/7/663 8534/7/633 8550/7/662
f 8534/7/633 8553/7/663 8536/7/634
f 8535/7/635 8549/7/660 8547/7/661
f 8549/7/660 8535/7/635 8537/7/632
f 8546/7/666 8531/7/630 8551/7/664
f 8531/7/630 8546/7/666 8530/7/628
f 8548/7/667 8533/7/629 8532/7/631
f 8533/7/629 8548/7/667 8552/7/665
f 8531/7/630 8552/7/665 8551/7/664
f 8552/7/665 8531/7/630 8533/7/629
f 8548/7/667 8530/7/628 8546/7/666
f 8530/7/628 8548/7/667 8532/7/631
f 8556/7/627 8555/7/626 8554/7/624
f 8555/7/626 8556/7/627 8557/7/625
f 8560/7/638 8559/7/639 8558/7/637
f 8559/7/639 8560/7/638 8561/7/636
f 8564/7/631 8563/7/630 8562/7/628
f 8563/7/630 8564/7/631 8565/7/629
f 8568/7/634 8567/7/635 8566/7/633
f 8567/7/635 8568/7/634 8569/7/632
f 8572/7/642 8571/7/643 8570/7/641
f 8571/7/643 8572/7/642 8573/7/640
f 8576/7/623 8575/7/622 8574/7/620
f 8575/7/622 8576/7/623 8577/7/621
f 8579/7/656 8554/7/624 8578/7/658
f 8554/7/624 8579/7/656 8556/7/627
f 8554/7/624 8580/7/659 8578/7/658
f 8580/7/659 8554/7/624 8555/7/626
f 8555/7/626 8581/7/657 8580/7/659
f 8581/7/657 8555/7/626 8557/7/625
f 8579/7/656 8557/7/625 8556/7/627
f 8557/7/625 8579/7/656 8581/7/657
f 8574/7/620 8583/7/645 8582/7/644
f 8583/7/645 8574/7/620 8575/7/622
f 8575/7/622 8578/7/646 8583/7/645
f 8578/7/646 8575/7/622 8577/7/621
f 8579/7/647 8574/7/620 8582/7/644
f 8574/7/620 8579/7/647 8576/7/623
f 8579/7/647 8577/7/621 8576/7/623
f 8577/7/621 8579/7/647 8578/7/646
f 8585/7/649 8570/7/641 8584/7/648
f 8570/7/641 8585/7/649 8572/7/642
f 8570/7/641 8583/7/650 8584/7/648
f 8583/7/650 8570/7/641 8571/7/643
f 8571/7/643 8582/7/651 8583/7/650
f 8582/7/651 8571/7/643 8573/7/640
f 8585/7/649 8573/7/640 8572/7/642
f 8573/7/640 8585/7/649 8582/7/651
f 8559/7/639 8581/7/652 8585/7/655
f 8581/7/652 8559/7/639 8561/7/636
f 8580/7/653 8558/7/637 8584/7/654
f 8558/7/637 8580/7/653 8560/7/638
f 8584/7/654 8559/7/639 8585/7/655
f 8559/7/639 8584/7/654 8558/7/637
f 8580/7/653 8561/7/636 8560/7/638
f 8561/7/636 8580/7/653 8581/7/652
f 8585/7/663 8569/7/632 8568/7/634
f 8569/7/632 8585/7/663 8581/7/660
f 8566/7/633 8579/7/661 8582/7/662
f 8579/7/661 8566/7/633 8567/7/635
f 8585/7/663 8566/7/633 8582/7/662
f 8566/7/633 8585/7/663 8568/7/634
f 8567/7/635 8581/7/660 8579/7/661
f 8581/7/660 8567/7/635 8569/7/632
f 8578/7/666 8563/7/630 8583/7/664
f 8563/7/630 8578/7/666 8562/7/628
f 8580/7/667 8565/7/629 8564/7/631
f 8565/7/629 8580/7/667 8584/7/665
f 8563/7/630 8584/7/665 8583/7/664
f 8584/7/665 8563/7/630 8565/7/629
f 8580/7/667 8562/7/628 8578/7/666
f 8562/7/628 8580/7/667 8564/7/631
f 8588/7/627 8587/7/626 8586/7/624
f 8587/7/626 8588/7/627 8589/7/625
f 8592/7/638 8591/7/639 8590/7/637
f 8591/7/639 8592/7/638 8593/7/636
f 8596/7/631 8595/7/630 8594/7/628
f 8595/7/630 8596/7/631 8597/7/629
f 8600/7/634 8599/7/635 8598/7/633
f 8599/7/635 8600/7/634 8601/7/632
f 8604/7/642 8603/7/643 8602/7/641
f 8603/7/643 8604/7/642 8605/7/640
f 8608/7/623 8607/7/622 8606/7/620
f 8607/7/622 8608/7/623 8609/7/621
f 8611/7/656 8586/7/624 8610/7/658
f 8586/7/624 8611/7/656 8588/7/627
f 8586/7/624 8612/7/659 8610/7/658
f 8612/7/659 8586/7/624 8587/7/626
f 8587/7/626 8613/7/657 8612/7/659
f 8613/7/657 8587/7/626 8589/7/625
f 8611/7/656 8589/7/625 8588/7/627
f 8589/7/625 8611/7/656 8613/7/657
f 8606/7/620 8615/7/645 8614/7/644
f 8615/7/645 8606/7/620 8607/7/622
f 8607/7/622 8610/7/646 8615/7/645
f 8610/7/646 8607/7/622 8609/7/621
f 8611/7/647 8606/7/620 8614/7/644
f 8606/7/620 8611/7/647 8608/7/623
f 8611/7/647 8609/7/621 8608/7/623
f 8609/7/621 8611/7/647 8610/7/646
f 8617/7/649 8602/7/641 8616/7/648
f 8602/7/641 8617/7/649 8604/7/642
f 8602/7/641 8615/7/650 8616/7/648
f 8615/7/650 8602/7/641 8603/7/643
f 8603/7/643 8614/7/651 8615/7/650
f 8614/7/651 8603/7/643 8605/7/640
f 8617/7/649 8605/7/640 8604/7/642
f 8605/7/640 8617/7/649 8614/7/651
f 8591/7/639 8613/7/652 8617/7/655
f 8613/7/652 8591/7/639 8593/7/636
f 8612/7/653 8590/7/637 8616/7/654
f 8590/7/637 8612/7/653 8592/7/638
f 8616/7/654 8591/7/639 8617/7/655
f 8591/7/639 8616/7/654 8590/7/637
f 8612/7/653 8593/7/636 8592/7/638
f 8593/7/636 8612/7/653 8613/7/652
f 8617/7/663 8601/7/632 8600/7/634
f 8601/7/632 8617/7/663 8613/7/660
f 8598/7/633 8611/7/661 8614/7/662
f 8611/7/661 8598/7/633 8599/7/635
f 8617/7/663 8598/7/633 8614/7/662
f 8598/7/633 8617/7/663 8600/7/634
f 8599/7/635 8613/7/660 8611/7/661
f 8613/7/660 8599/7/635 8601/7/632
f 8610/7/666 8595/7/630 8615/7/664
f 8595/7/630 8610/7/666 8594/7/628
f 8612/7/667 8597/7/629 8596/7/631
f 8597/7/629 8612/7/667 8616/7/665
f 8595/7/630 8616/7/665 8615/7/664
f 8616/7/665 8595/7/630 8597/7/629
f 8612/7/667 8594/7/628 8610/7/666
f 8594/7/628 8612/7/667 8596/7/631
f 8620/4/424 8619/4/275 8618/4/276
f 8619/4/275 8620/4/424 8621/4/277
f 8624/4/278 8623/4/279 8622/4/280
f 8623/4/279 8624/4/278 8625/4/281
f 8628/4/282 8627/4/283 8626/4/284
f 8627/4/283 8628/4/282 8629/4/285
f 8632/4/286 8631/4/287 8630/4/288
f 8631/4/287 8632/4/286 8633/4/289
f 8636/4/425 8635/4/291 8634/4/426
f 8635/4/291 8636/4/425 8637/4/293
f 8640/4/294 8639/4/295 8638/4/296
f 8639/4/295 8640/4/294 8641/4/297
f 8643/4/298 8618/4/276 8642/4/299
f 8618/4/276 8643/4/298 8620/4/424
f 8618/4/276 8644/4/488 8642/4/299
f 8644/4/488 8618/4/276 8619/4/275
f 8619/4/275 8645/4/301 8644/4/488
f 8645/4/301 8619/4/275 8621/4/277
f 8643/4/298 8621/4/277 8620/4/424
f 8621/4/277 8643/4/298 8645/4/301
f 8638/4/296 8647/4/499 8646/4/489
f 8647/4/499 8638/4/296 8639/4/295
f 8639/4/295 8642/4/304 8647/4/499
f 8642/4/304 8639/4/295 8641/4/297
f 8643/4/305 8638/4/296 8646/4/489
f 8638/4/296 8643/4/305 8640/4/294
f 8643/4/305 8641/4/297 8640/4/294
f 8641/4/297 8643/4/305 8642/4/304
f 8649/4/306 8634/4/426 8648/4/307
f 8634/4/426 8649/4/306 8636/4/425
f 8634/4/426 8647/4/427 8648/4/307
f 8647/4/427 8634/4/426 8635/4/291
f 8635/4/291 8646/4/428 8647/4/427
f 8646/4/428 8635/4/291 8637/4/293
f 8649/4/306 8637/4/293 8636/4/425
f 8637/4/293 8649/4/306 8646/4/428
f 8623/4/279 8645/4/310 8649/4/429
f 8645/4/310 8623/4/279 8625/4/281
f 8644/4/312 8622/4/280 8648/4/500
f 8622/4/280 8644/4/312 8624/4/278
f 8648/4/500 8623/4/279 8649/4/429
f 8623/4/279 8648/4/500 8622/4/280
f 8644/4/312 8625/4/281 8624/4/278
f 8625/4/281 8644/4/312 8645/4/310
f 8649/4/314 8633/4/289 8632/4/286
f 8633/4/289 8649/4/314 8645/4/315
f 8630/4/288 8643/4/316 8646/4/317
f 8643/4/316 8630/4/288 8631/4/287
f 8649/4/314 8630/4/288 8646/4/317
f 8630/4/288 8649/4/314 8632/4/286
f 8631/4/287 8645/4/315 8643/4/316
f 8645/4/315 8631/4/287 8633/4/289
f 8642/4/318 8627/4/283 8647/4/319
f 8627/4/283 8642/4/318 8626/4/284
f 8644/4/320 8629/4/285 8628/4/282
f 8629/4/285 8644/4/320 8648/4/321
f 8627/4/283 8648/4/321 8647/4/319
f 8648/4/321 8627/4/283 8629/4/285
f 8644/4/320 8626/4/284 8642/4/318
f 8626/4/284 8644/4/320 8628/4/282
f 8652/4/424 8651/4/275 8650/4/276
f 8651/4/275 8652/4/424 8653/4/277
f 8656/4/278 8655/4/279 8654/4/280
f 8655/4/279 8656/4/278 8657/4/281
f 8660/4/282 8659/4/283 8658/4/284
f 8659/4/283 8660/4/282 8661/4/285
f 8664/4/286 8663/4/287 8662/4/288
f 8663/4/287 8664/4/286 8665/4/289
f 8668/4/425 8667/4/291 8666/4/426
f 8667/4/291 8668/4/425 8669/4/293
f 8672/4/294 8671/4/295 8670/4/296
f 8671/4/295 8672/4/294 8673/4/297
f 8675/4/298 8650/4/276 8674/4/299
f 8650/4/276 8675/4/298 8652/4/424
f 8650/4/276 8676/4/488 8674/4/299
f 8676/4/488 8650/4/276 8651/4/275
f 8651/4/275 8677/4/301 8676/4/488
f 8677/4/301 8651/4/275 8653/4/277
f 8675/4/298 8653/4/277 8652/4/424
f 8653/4/277 8675/4/298 8677/4/301
f 8670/4/296 8679/4/499 8678/4/489
f 8679/4/499 8670/4/296 8671/4/295
f 8671/4/295 8674/4/304 8679/4/499
f 8674/4/304 8671/4/295 8673/4/297
f 8675/4/305 8670/4/296 8678/4/489
f 8670/4/296 8675/4/305 8672/4/294
f 8675/4/305 8673/4/297 8672/4/294
f 8673/4/297 8675/4/305 8674/4/304
f 8681/4/306 8666/4/426 8680/4/307
f 8666/4/426 8681/4/306 8668/4/425
f 8666/4/426 8679/4/427 8680/4/307
f 8679/4/427 8666/4/426 8667/4/291
f 8667/4/291 8678/4/428 8679/4/427
f 8678/4/428 8667/4/291 8669/4/293
f 8681/4/306 8669/4/293 8668/4/425
f 8669/4/293 8681/4/306 8678/4/428
f 8655/4/279 8677/4/310 8681/4/429
f 8677/4/310 8655/4/279 8657/4/281
f 8676/4/312 8654/4/280 8680/4/500
f 8654/4/280 8676/4/312 8656/4/278
f 8680/4/500 8655/4/279 8681/4/429
f 8655/4/279 8680/4/500 8654/4/280
f 8676/4/312 8657/4/281 8656/4/278
f 8657/4/281 8676/4/312 8677/4/310
f 8681/4/314 8665/4/289 8664/4/286
f 8665/4/289 8681/4/314 8677/4/315
f 8662/4/288 8675/4/316 8678/4/317
f 8675/4/316 8662/4/288 8663/4/287
f 8681/4/314 8662/4/288 8678/4/317
f 8662/4/288 8681/4/314 8664/4/286
f 8663/4/287 8677/4/315 8675/4/316
f 8677/4/315 8663/4/287 8665/4/289
f 8674/4/318 8659/4/283 8679/4/319
f 8659/4/283 8674/4/318 8658/4/284
f 8676/4/320 8661/4/285 8660/4/282
f 8661/4/285 8676/4/320 8680/4/321
f 8659/4/283 8680/4/321 8679/4/319
f 8680/4/321 8659/4/283 8661/4/285
f 8676/4/320 8658/4/284 8674/4/318
f 8658/4/284 8676/4/320 8660/4/282
f 8684/7/137 8683/7/136 8682/7/134
f 8683/7/136 8684/7/137 8685/7/135
f 8688/7/148 8687/7/149 8686/7/147
f 8687/7/149 8688/7/148 8689/7/146
f 8692/7/141 8691/7/140 8690/7/138
f 8691/7/140 8692/7/141 8693/7/139
f 8696/7/144 8695/7/145 8694/7/143
f 8695/7/145 8696/7/144 8697/7/142
f 8700/7/152 8699/7/153 8698/7/151
f 8699/7/153 8700/7/152 8701/7/561
f 8704/7/133 8703/7/132 8702/7/130
f 8703/7/132 8704/7/133 8705/7/131
f 8707/7/1501 8682/7/134 8706/7/168
f 8682/7/134 8707/7/1501 8684/7/137
f 8682/7/134 8708/7/169 8706/7/168
f 8708/7/169 8682/7/134 8683/7/136
f 8683/7/136 8709/7/567 8708/7/169
f 8709/7/567 8683/7/136 8685/7/135
f 8707/7/1501 8685/7/135 8684/7/137
f 8685/7/135 8707/7/1501 8709/7/567
f 8702/7/130 8711/7/568 8710/7/564
f 8711/7/568 8702/7/130 8703/7/132
f 8703/7/132 8706/7/156 8711/7/568
f 8706/7/156 8703/7/132 8705/7/131
f 8707/7/157 8702/7/130 8710/7/564
f 8702/7/130 8707/7/157 8704/7/133
f 8707/7/157 8705/7/131 8704/7/133
f 8705/7/131 8707/7/157 8706/7/156
f 8713/7/159 8698/7/151 8712/7/569
f 8698/7/151 8713/7/159 8700/7/152
f 8698/7/151 8711/7/160 8712/7/569
f 8711/7/160 8698/7/151 8699/7/153
f 8699/7/153 8710/7/570 8711/7/160
f 8710/7/570 8699/7/153 8701/7/561
f 8713/7/159 8701/7/561 8700/7/152
f 8701/7/561 8713/7/159 8710/7/570
f 8687/7/149 8709/7/571 8713/7/165
f 8709/7/571 8687/7/149 8689/7/146
f 8708/7/163 8686/7/147 8712/7/164
f 8686/7/147 8708/7/163 8688/7/148
f 8712/7/164 8687/7/149 8713/7/165
f 8687/7/149 8712/7/164 8686/7/147
f 8708/7/163 8689/7/146 8688/7/148
f 8689/7/146 8708/7/163 8709/7/571
f 8713/7/173 8697/7/142 8696/7/144
f 8697/7/142 8713/7/173 8709/7/170
f 8694/7/143 8707/7/171 8710/7/172
f 8707/7/171 8694/7/143 8695/7/145
f 8713/7/173 8694/7/143 8710/7/172
f 8694/7/143 8713/7/173 8696/7/144
f 8695/7/145 8709/7/170 8707/7/171
f 8709/7/170 8695/7/145 8697/7/142
f 8706/7/176 8691/7/140 8711/7/174
f 8691/7/140 8706/7/176 8690/7/138
f 8708/7/177 8693/7/139 8692/7/141
f 8693/7/139 8708/7/177 8712/7/175
f 8691/7/140 8712/7/175 8711/7/174
f 8712/7/175 8691/7/140 8693/7/139
f 8708/7/177 8690/7/138 8706/7/176
f 8690/7/138 8708/7/177 8692/7/141
f 8716/8/424 8715/8/275 8714/8/276
f 8715/8/275 8716/8/424 8717/8/277
f 8720/8/278 8719/8/279 8718/8/280
f 8719/8/279 8720/8/278 8721/8/281
f 8724/8/282 8723/8/283 8722/8/284
f 8723/8/283 8724/8/282 8725/8/285
f 8728/8/286 8727/8/287 8726/8/288
f 8727/8/287 8728/8/286 8729/8/289
f 8732/8/425 8731/8/291 8730/8/426
f 8731/8/291 8732/8/425 8733/8/293
f 8736/8/294 8735/8/295 8734/8/296
f 8735/8/295 8736/8/294 8737/8/297
f 8739/8/298 8714/8/276 8738/8/299
f 8714/8/276 8739/8/298 8716/8/424
f 8714/8/276 8740/8/300 8738/8/299
f 8740/8/300 8714/8/276 8715/8/275
f 8715/8/275 8741/8/301 8740/8/300
f 8741/8/301 8715/8/275 8717/8/277
f 8739/8/298 8717/8/277 8716/8/424
f 8717/8/277 8739/8/298 8741/8/301
f 8734/8/296 8743/8/302 8742/8/489
f 8743/8/302 8734/8/296 8735/8/295
f 8735/8/295 8738/8/669 8743/8/302
f 8738/8/669 8735/8/295 8737/8/297
f 8739/8/818 8734/8/296 8742/8/489
f 8734/8/296 8739/8/818 8736/8/294
f 8739/8/818 8737/8/297 8736/8/294
f 8737/8/297 8739/8/818 8738/8/669
f 8745/8/306 8730/8/426 8744/8/307
f 8730/8/426 8745/8/306 8732/8/425
f 8730/8/426 8743/8/308 8744/8/307
f 8743/8/308 8730/8/426 8731/8/291
f 8731/8/291 8742/8/309 8743/8/308
f 8742/8/309 8731/8/291 8733/8/293
f 8745/8/306 8733/8/293 8732/8/425
f 8733/8/293 8745/8/306 8742/8/309
f 8719/8/279 8741/8/310 8745/8/429
f 8741/8/310 8719/8/279 8721/8/281
f 8740/8/312 8718/8/280 8744/8/500
f 8718/8/280 8740/8/312 8720/8/278
f 8744/8/500 8719/8/279 8745/8/429
f 8719/8/279 8744/8/500 8718/8/280
f 8740/8/312 8721/8/281 8720/8/278
f 8721/8/281 8740/8/312 8741/8/310
f 8745/8/314 8729/8/289 8728/8/286
f 8729/8/289 8745/8/314 8741/8/315
f 8726/8/288 8739/8/316 8742/8/317
f 8739/8/316 8726/8/288 8727/8/287
f 8745/8/314 8726/8/288 8742/8/317
f 8726/8/288 8745/8/314 8728/8/286
f 8727/8/287 8741/8/315 8739/8/316
f 8741/8/315 8727/8/287 8729/8/289
f 8738/8/318 8723/8/283 8743/8/319
f 8723/8/283 8738/8/318 8722/8/284
f 8740/8/320 8725/8/285 8724/8/282
f 8725/8/285 8740/8/320 8744/8/321
f 8723/8/283 8744/8/321 8743/8/319
f 8744/8/321 8723/8/283 8725/8/285
f 8740/8/320 8722/8/284 8738/8/318
f 8722/8/284 8740/8/320 8724/8/282
f 8748/7/424 8747/7/275 8746/7/276
f 8747/7/275 8748/7/424 8749/7/277
f 8752/7/278 8751/7/279 8750/7/280
f 8751/7/279 8752/7/278 8753/7/281
f 8756/7/282 8755/7/283 8754/7/284
f 8755/7/283 8756/7/282 8757/7/285
f 8760/7/286 8759/7/287 8758/7/288
f 8759/7/287 8760/7/286 8761/7/289
f 8764/7/425 8763/7/291 8762/7/426
f 8763/7/291 8764/7/425 8765/7/293
f 8768/7/294 8767/7/295 8766/7/296
f 8767/7/295 8768/7/294 8769/7/297
f 8771/7/670 8746/7/276 8770/7/671
f 8746/7/276 8771/7/670 8748/7/424
f 8746/7/276 8772/7/300 8770/7/671
f 8772/7/300 8746/7/276 8747/7/275
f 8747/7/275 8773/7/668 8772/7/300
f 8773/7/668 8747/7/275 8749/7/277
f 8771/7/670 8749/7/277 8748/7/424
f 8749/7/277 8771/7/670 8773/7/668
f 8766/7/296 8775/7/302 8774/7/489
f 8775/7/302 8766/7/296 8767/7/295
f 8767/7/295 8770/7/669 8775/7/302
f 8770/7/669 8767/7/295 8769/7/297
f 8771/7/818 8766/7/296 8774/7/489
f 8766/7/296 8771/7/818 8768/7/294
f 8771/7/818 8769/7/297 8768/7/294
f 8769/7/297 8771/7/818 8770/7/669
f 8777/7/306 8762/7/426 8776/7/307
f 8762/7/426 8777/7/306 8764/7/425
f 8762/7/426 8775/7/308 8776/7/307
f 8775/7/308 8762/7/426 8763/7/291
f 8763/7/291 8774/7/428 8775/7/308
f 8774/7/428 8763/7/291 8765/7/293
f 8777/7/306 8765/7/293 8764/7/425
f 8765/7/293 8777/7/306 8774/7/428
f 8751/7/279 8773/7/310 8777/7/429
f 8773/7/310 8751/7/279 8753/7/281
f 8772/7/312 8750/7/280 8776/7/500
f 8750/7/280 8772/7/312 8752/7/278
f 8776/7/500 8751/7/279 8777/7/429
f 8751/7/279 8776/7/500 8750/7/280
f 8772/7/312 8753/7/281 8752/7/278
f 8753/7/281 8772/7/312 8773/7/310
f 8777/7/314 8761/7/289 8760/7/286
f 8761/7/289 8777/7/314 8773/7/315
f 8758/7/288 8771/7/316 8774/7/317
f 8771/7/316 8758/7/288 8759/7/287
f 8777/7/314 8758/7/288 8774/7/317
f 8758/7/288 8777/7/314 8760/7/286
f 8759/7/287 8773/7/315 8771/7/316
f 8773/7/315 8759/7/287 8761/7/289
f 8770/7/318 8755/7/283 8775/7/319
f 8755/7/283 8770/7/318 8754/7/284
f 8772/7/320 8757/7/285 8756/7/282
f 8757/7/285 8772/7/320 8776/7/321
f 8755/7/283 8776/7/321 8775/7/319
f 8776/7/321 8755/7/283 8757/7/285
f 8772/7/320 8754/7/284 8770/7/318
f 8754/7/284 8772/7/320 8756/7/282
f 8779/7/23 5423/7/23 8778/7/23
f 5423/7/23 8779/7/23 5425/7/23
f 8782/7/1502 8781/7/1502 8780/7/1502
f 8781/7/1502 8782/7/1502 8783/7/1502
f 8779/7/8 8782/7/8 5425/7/8
f 8782/7/8 8779/7/8 8783/7/8
f 8782/7/7 5423/7/7 5425/7/7
f 5423/7/7 8782/7/7 8780/7/7
f 8781/7/19 8779/7/19 8778/7/19
f 8779/7/19 8781/7/19 8783/7/19
f 8781/10/32 5423/10/32 8780/10/32
f 5423/10/32 8781/10/32 8778/10/32
f 8785/7/23 5522/7/23 8784/7/23
f 5522/7/23 8785/7/23 5524/7/23
f 5529/7/12 8786/7/12 5527/7/12
f 8786/7/12 5529/7/12 8787/7/12
f 8785/7/8 5529/7/8 5524/7/8
f 5529/7/8 8785/7/8 8787/7/8
f 5529/7/7 5522/7/7 5524/7/7
f 5522/7/7 5529/7/7 5527/7/7
f 8786/7/19 8785/7/19 8784/7/19
f 8785/7/19 8786/7/19 8787/7/19
f 8786/10/32 5522/10/32 5527/10/32
f 5522/10/32 8786/10/32 8784/10/32
f 8790/10/32 8789/10/32 8788/10/32
f 8789/10/32 8790/10/32 8791/10/32
f 8794/10/8 8793/10/8 8792/10/8
f 8793/10/8 8794/10/8 8795/10/8
f 8793/10/7 8790/10/7 8788/10/7
f 8790/10/7 8793/10/7 8795/10/7
f 8790/10/12 8794/10/12 8791/10/12
f 8794/10/12 8790/10/12 8795/10/12
f 8794/10/19 8789/10/19 8791/10/19
f 8789/10/19 8794/10/19 8792/10/19
f 8793/10/23 8789/10/23 8792/10/23
f 8789/10/23 8793/10/23 8788/10/23
f 8798/10/32 8797/10/32 8796/10/32
f 8797/10/32 8798/10/32 8799/10/32
f 8802/10/8 8801/10/8 8800/10/8
f 8801/10/8 8802/10/8 8803/10/8
f 8801/10/7 8798/10/7 8796/10/7
f 8798/10/7 8801/10/7 8803/10/7
f 8798/10/12 8802/10/12 8799/10/12
f 8802/10/12 8798/10/12 8803/10/12
f 8802/10/19 8797/10/19 8799/10/19
f 8797/10/19 8802/10/19 8800/10/19
f 8801/10/23 8797/10/23 8800/10/23
f 8797/10/23 8801/10/23 8796/10/23
f 8806/10/8 8805/10/8 8804/10/8
f 8805/10/8 8806/10/8 8807/10/8
f 8804/10/12 8809/10/12 8808/10/12
f 8809/10/12 8804/10/12 8805/10/12
f 8811/10/23 8806/10/23 8810/10/23
f 8806/10/23 8811/10/23 8807/10/23
f 8809/10/32 8810/10/32 8808/10/32
f 8810/10/32 8809/10/32 8811/10/32
f 8814/4/23 8813/4/23 8812/4/23
f 8813/4/23 8814/4/23 8815/4/23
f 7924/4/12 8816/4/12 7922/4/12
f 8816/4/12 7924/4/12 8817/4/12
f 8814/4/8 7924/4/8 8815/4/8
f 7924/4/8 8814/4/8 8817/4/8
f 7924/4/7 8813/4/7 8815/4/7
f 8813/4/7 7924/4/7 7922/4/7
f 8816/4/19 8814/4/19 8812/4/19
f 8814/4/19 8816/4/19 8817/4/19
f 8816/10/32 8813/10/32 7922/10/32
f 8813/10/32 8816/10/32 8812/10/32
f 8819/4/23 8812/4/23 8818/4/23
f 8812/4/23 8819/4/23 8814/4/23
f 8817/4/12 8820/4/12 8816/4/12
f 8820/4/12 8817/4/12 8821/4/12
f 8819/4/8 8817/4/8 8814/4/8
f 8817/4/8 8819/4/8 8821/4/8
f 8817/4/7 8812/4/7 8814/4/7
f 8812/4/7 8817/4/7 8816/4/7
f 8820/4/19 8819/4/19 8818/4/19
f 8819/4/19 8820/4/19 8821/4/19
f 8820/10/32 8812/10/32 8816/10/32
f 8812/10/32 8820/10/32 8818/10/32
f 8821/4/23 8778/4/23 8820/4/23
f 8778/4/23 8821/4/23 8779/4/23
f 8783/4/12 8822/4/12 8781/4/12
f 8822/4/12 8783/4/12 8823/4/12
f 8821/4/8 8783/4/8 8779/4/8
f 8783/4/8 8821/4/8 8823/4/8
f 8783/4/7 8778/4/7 8779/4/7
f 8778/4/7 8783/4/7 8781/4/7
f 8822/4/19 8821/4/19 8820/4/19
f 8821/4/19 8822/4/19 8823/4/19
f 8822/10/32 8778/10/32 8781/10/32
f 8778/10/32 8822/10/32 8820/10/32
f 8826/16/23 8825/16/23 8824/16/23
f 8825/16/23 8826/16/23 8827/16/23
f 8815/16/12 8812/16/12 8813/16/12
f 8812/16/12 8815/16/12 8814/16/12
f 8826/16/8 8815/16/8 8827/16/8
f 8815/16/8 8826/16/8 8814/16/8
f 8815/16/7 8825/16/7 8827/16/7
f 8825/16/7 8815/16/7 8813/16/7
f 8812/16/19 8826/16/19 8824/16/19
f 8826/16/19 8812/16/19 8814/16/19
f 8812/10/32 8825/10/32 8813/10/32
f 8825/10/32 8812/10/32 8824/10/32
f 8829/16/23 8824/16/23 8828/16/23
f 8824/16/23 8829/16/23 8826/16/23
f 8814/16/12 8818/16/12 8812/16/12
f 8818/16/12 8814/16/12 8819/16/12
f 8829/16/8 8814/16/8 8826/16/8
f 8814/16/8 8829/16/8 8819/16/8
f 8814/16/7 8824/16/7 8826/16/7
f 8824/16/7 8814/16/7 8812/16/7
f 8818/16/19 8829/16/19 8828/16/19
f 8829/16/19 8818/16/19 8819/16/19
f 8818/10/32 8824/10/32 8812/10/32
f 8824/10/32 8818/10/32 8828/10/32
f 8832/10/32 8831/10/32 8830/10/32
f 8831/10/32 8832/10/32 8833/10/32
f 8836/10/8 8835/10/8 8834/10/8
f 8835/10/8 8836/10/8 8837/10/8
f 8835/10/7 8832/10/7 8830/10/7
f 8832/10/7 8835/10/7 8837/10/7
f 8832/10/12 8836/10/12 8833/10/12
f 8836/10/12 8832/10/12 8837/10/12
f 8836/10/19 8831/10/19 8833/10/19
f 8831/10/19 8836/10/19 8834/10/19
f 8835/10/23 8831/10/23 8834/10/23
f 8831/10/23 8835/10/23 8830/10/23
f 8840/10/32 8839/10/32 8838/10/32
f 8839/10/32 8840/10/32 8841/10/32
f 8844/10/8 8843/10/8 8842/10/8
f 8843/10/8 8844/10/8 8845/10/8
f 8843/10/7 8840/10/7 8838/10/7
f 8840/10/7 8843/10/7 8845/10/7
f 8840/10/12 8844/10/12 8841/10/12
f 8844/10/12 8840/10/12 8845/10/12
f 8844/10/19 8839/10/19 8841/10/19
f 8839/10/19 8844/10/19 8842/10/19
f 8843/10/23 8839/10/23 8842/10/23
f 8839/10/23 8843/10/23 8838/10/23
f 8848/10/8 8847/10/8 8846/10/8
f 8847/10/8 8848/10/8 8849/10/8
f 8846/10/12 8851/10/12 8850/10/12
f 8851/10/12 8846/10/12 8847/10/12
f 8853/10/23 8848/10/23 8852/10/23
f 8848/10/23 8853/10/23 8849/10/23
f 8851/10/32 8852/10/32 8850/10/32
f 8852/10/32 8851/10/32 8853/10/32
f 8856/10/32 8855/10/32 8854/10/32
f 8855/10/32 8856/10/32 8857/10/32
f 8860/10/8 8859/10/8 8858/10/8
f 8859/10/8 8860/10/8 8861/10/8
f 8859/10/7 8856/10/7 8854/10/7
f 8856/10/7 8859/10/7 8861/10/7
f 8856/10/12 8860/10/12 8857/10/12
f 8860/10/12 8856/10/12 8861/10/12
f 8860/10/19 8855/10/19 8857/10/19
f 8855/10/19 8860/10/19 8858/10/19
f 8859/10/23 8855/10/23 8858/10/23
f 8855/10/23 8859/10/23 8854/10/23
f 8833/10/32 8862/10/32 8831/10/32
f 8862/10/32 8833/10/32 8863/10/32
f 8865/10/8 8834/10/8 8864/10/8
f 8834/10/8 8865/10/8 8836/10/8
f 8834/10/7 8833/10/7 8831/10/7
f 8833/10/7 8834/10/7 8836/10/7
f 8833/10/12 8865/10/12 8863/10/12
f 8865/10/12 8833/10/12 8836/10/12
f 8865/10/19 8862/10/19 8863/10/19
f 8862/10/19 8865/10/19 8864/10/19
f 8834/10/23 8862/10/23 8864/10/23
f 8862/10/23 8834/10/23 8831/10/23
f 8868/10/8 8867/10/8 8866/10/8
f 8867/10/8 8868/10/8 8869/10/8
f 8866/10/12 8871/10/12 8870/10/12
f 8871/10/12 8866/10/12 8867/10/12
f 8873/10/23 8868/10/23 8872/10/23
f 8868/10/23 8873/10/23 8869/10/23
f 8871/10/32 8872/10/32 8870/10/32
f 8872/10/32 8871/10/32 8873/10/32
f 8876/10/32 8875/10/32 8874/10/32
f 8875/10/32 8876/10/32 8877/10/32
f 8880/10/8 8879/10/8 8878/10/8
f 8879/10/8 8880/10/8 8881/10/8
f 8879/10/7 8876/10/7 8874/10/7
f 8876/10/7 8879/10/7 8881/10/7
f 8876/10/12 8880/10/12 8877/10/12
f 8880/10/12 8876/10/12 8881/10/12
f 8880/10/19 8875/10/19 8877/10/19
f 8875/10/19 8880/10/19 8878/10/19
f 8879/10/23 8875/10/23 8878/10/23
f 8875/10/23 8879/10/23 8874/10/23
f 8857/10/32 8882/10/32 8855/10/32
f 8882/10/32 8857/10/32 8883/10/32
f 8885/10/8 8858/10/8 8884/10/8
f 8858/10/8 8885/10/8 8860/10/8
f 8858/10/7 8857/10/7 8855/10/7
f 8857/10/7 8858/10/7 8860/10/7
f 8857/10/12 8885/10/12 8883/10/12
f 8885/10/12 8857/10/12 8860/10/12
f 8885/10/19 8882/10/19 8883/10/19
f 8882/10/19 8885/10/19 8884/10/19
f 8858/10/23 8882/10/23 8884/10/23
f 8882/10/23 8858/10/23 8855/10/23
f 8888/10/8 8887/10/8 8886/10/8
f 8887/10/8 8888/10/8 8889/10/8
f 8886/10/12 8891/10/12 8890/10/12
f 8891/10/12 8886/10/12 8887/10/12
f 8893/10/23 8888/10/23 8892/10/23
f 8888/10/23 8893/10/23 8889/10/23
f 8891/10/32 8892/10/32 8890/10/32
f 8892/10/32 8891/10/32 8893/10/32
f 8896/10/32 8895/10/32 8894/10/32
f 8895/10/32 8896/10/32 8897/10/32
f 8900/10/8 8899/10/8 8898/10/8
f 8899/10/8 8900/10/8 8901/10/8
f 8899/10/7 8896/10/7 8894/10/7
f 8896/10/7 8899/10/7 8901/10/7
f 8896/10/12 8900/10/12 8897/10/12
f 8900/10/12 8896/10/12 8901/10/12
f 8900/10/19 8895/10/19 8897/10/19
f 8895/10/19 8900/10/19 8898/10/19
f 8899/10/23 8895/10/23 8898/10/23
f 8895/10/23 8899/10/23 8894/10/23
f 8904/10/32 8903/10/32 8902/10/32
f 8903/10/32 8904/10/32 8905/10/32
f 8908/10/8 8907/10/8 8906/10/8
f 8907/10/8 8908/10/8 8909/10/8
f 8907/10/7 8904/10/7 8902/10/7
f 8904/10/7 8907/10/7 8909/10/7
f 8904/10/12 8908/10/12 8905/10/12
f 8908/10/12 8904/10/12 8909/10/12
f 8908/10/19 8903/10/19 8905/10/19
f 8903/10/19 8908/10/19 8906/10/19
f 8907/10/23 8903/10/23 8906/10/23
f 8903/10/23 8907/10/23 8902/10/23
f 8912/10/8 8911/10/8 8910/10/8
f 8911/10/8 8912/10/8 8913/10/8
f 8910/10/12 8915/10/12 8914/10/12
f 8915/10/12 8910/10/12 8911/10/12
f 8917/10/23 8912/10/23 8916/10/23
f 8912/10/23 8917/10/23 8913/10/23
f 8915/10/32 8916/10/32 8914/10/32
f 8916/10/32 8915/10/32 8917/10/32
f 8920/10/32 8919/10/32 8918/10/32
f 8919/10/32 8920/10/32 8921/10/32
f 8924/10/8 8923/10/8 8922/10/8
f 8923/10/8 8924/10/8 8925/10/8
f 8923/10/7 8920/10/7 8918/10/7
f 8920/10/7 8923/10/7 8925/10/7
f 8920/10/12 8924/10/12 8921/10/12
f 8924/10/12 8920/10/12 8925/10/12
f 8924/10/19 8919/10/19 8921/10/19
f 8919/10/19 8924/10/19 8922/10/19
f 8923/10/23 8919/10/23 8922/10/23
f 8919/10/23 8923/10/23 8918/10/23
f 8897/10/32 8926/10/32 8895/10/32
f 8926/10/32 8897/10/32 8927/10/32
f 8929/10/8 8898/10/8 8928/10/8
f 8898/10/8 8929/10/8 8900/10/8
f 8898/10/7 8897/10/7 8895/10/7
f 8897/10/7 8898/10/7 8900/10/7
f 8897/10/12 8929/10/12 8927/10/12
f 8929/10/12 8897/10/12 8900/10/12
f 8929/10/19 8926/10/19 8927/10/19
f 8926/10/19 8929/10/19 8928/10/19
f 8898/10/23 8926/10/23 8928/10/23
f 8926/10/23 8898/10/23 8895/10/23
f 8932/10/8 8931/10/8 8930/10/8
f 8931/10/8 8932/10/8 8933/10/8
f 8930/10/12 8935/10/12 8934/10/12
f 8935/10/12 8930/10/12 8931/10/12
f 8937/10/23 8932/10/23 8936/10/23
f 8932/10/23 8937/10/23 8933/10/23
f 8935/10/32 8936/10/32 8934/10/32
f 8936/10/32 8935/10/32 8937/10/32
f 8940/10/32 8939/10/32 8938/10/32
f 8939/10/32 8940/10/32 8941/10/32
f 8944/10/8 8943/10/8 8942/10/8
f 8943/10/8 8944/10/8 8945/10/8
f 8943/10/7 8940/10/7 8938/10/7
f 8940/10/7 8943/10/7 8945/10/7
f 8940/10/12 8944/10/12 8941/10/12
f 8944/10/12 8940/10/12 8945/10/12
f 8944/10/19 8939/10/19 8941/10/19
f 8939/10/19 8944/10/19 8942/10/19
f 8943/10/23 8939/10/23 8942/10/23
f 8939/10/23 8943/10/23 8938/10/23
f 8921/10/32 8946/10/32 8919/10/32
f 8946/10/32 8921/10/32 8947/10/32
f 8949/10/8 8922/10/8 8948/10/8
f 8922/10/8 8949/10/8 8924/10/8
f 8922/10/7 8921/10/7 8919/10/7
f 8921/10/7 8922/10/7 8924/10/7
f 8921/10/12 8949/10/12 8947/10/12
f 8949/10/12 8921/10/12 8924/10/12
f 8949/10/19 8946/10/19 8947/10/19
f 8946/10/19 8949/10/19 8948/10/19
f 8922/10/23 8946/10/23 8948/10/23
f 8946/10/23 8922/10/23 8919/10/23
f 8952/10/8 8951/10/8 8950/10/8
f 8951/10/8 8952/10/8 8953/10/8
f 8950/10/12 8955/10/12 8954/10/12
f 8955/10/12 8950/10/12 8951/10/12
f 8957/10/23 8952/10/23 8956/10/23
f 8952/10/23 8957/10/23 8953/10/23
f 8955/10/32 8956/10/32 8954/10/32
f 8956/10/32 8955/10/32 8957/10/32
f 8960/10/32 8959/10/32 8958/10/32
f 8959/10/32 8960/10/32 8961/10/32
f 8964/10/8 8963/10/8 8962/10/8
f 8963/10/8 8964/10/8 8965/10/8
f 8963/10/7 8960/10/7 8958/10/7
f 8960/10/7 8963/10/7 8965/10/7
f 8960/10/12 8964/10/12 8961/10/12
f 8964/10/12 8960/10/12 8965/10/12
f 8964/10/19 8959/10/19 8961/10/19
f 8959/10/19 8964/10/19 8962/10/19
f 8963/10/23 8959/10/23 8962/10/23
f 8959/10/23 8963/10/23 8958/10/23
f 8941/10/32 8966/10/32 8939/10/32
f 8966/10/32 8941/10/32 8967/10/32
f 8969/10/8 8942/10/8 8968/10/8
f 8942/10/8 8969/10/8 8944/10/8
f 8942/10/7 8941/10/7 8939/10/7
f 8941/10/7 8942/10/7 8944/10/7
f 8941/10/12 8969/10/12 8967/10/12
f 8969/10/12 8941/10/12 8944/10/12
f 8969/10/19 8966/10/19 8967/10/19
f 8966/10/19 8969/10/19 8968/10/19
f 8942/10/23 8966/10/23 8968/10/23
f 8966/10/23 8942/10/23 8939/10/23
f 8972/10/8 8971/10/8 8970/10/8
f 8971/10/8 8972/10/8 8973/10/8
f 8970/10/12 8975/10/12 8974/10/12
f 8975/10/12 8970/10/12 8971/10/12
f 8977/10/23 8972/10/23 8976/10/23
f 8972/10/23 8977/10/23 8973/10/23
f 8975/10/32 8976/10/32 8974/10/32
f 8976/10/32 8975/10/32 8977/10/32
f 8980/10/32 8979/10/32 8978/10/32
f 8979/10/32 8980/10/32 8981/10/32
f 8984/10/8 8983/10/8 8982/10/8
f 8983/10/8 8984/10/8 8985/10/8
f 8983/10/7 8980/10/7 8978/10/7
f 8980/10/7 8983/10/7 8985/10/7
f 8980/10/12 8984/10/12 8981/10/12
f 8984/10/12 8980/10/12 8985/10/12
f 8984/10/19 8979/10/19 8981/10/19
f 8979/10/19 8984/10/19 8982/10/19
f 8983/10/23 8979/10/23 8982/10/23
f 8979/10/23 8983/10/23 8978/10/23
f 8961/10/32 8986/10/32 8959/10/32
f 8986/10/32 8961/10/32 8987/10/32
f 8989/10/8 8962/10/8 8988/10/8
f 8962/10/8 8989/10/8 8964/10/8
f 8962/10/7 8961/10/7 8959/10/7
f 8961/10/7 8962/10/7 8964/10/7
f 8961/10/12 8989/10/12 8987/10/12
f 8989/10/12 8961/10/12 8964/10/12
f 8989/10/19 8986/10/19 8987/10/19
f 8986/10/19 8989/10/19 8988/10/19
f 8962/10/23 8986/10/23 8988/10/23
f 8986/10/23 8962/10/23 8959/10/23
f 8992/10/8 8991/10/8 8990/10/8
f 8991/10/8 8992/10/8 8993/10/8
f 8990/10/12 8995/10/12 8994/10/12
f 8995/10/12 8990/10/12 8991/10/12
f 8997/10/23 8992/10/23 8996/10/23
f 8992/10/23 8997/10/23 8993/10/23
f 8995/10/32 8996/10/32 8994/10/32
f 8996/10/32 8995/10/32 8997/10/32
f 9000/10/32 8999/10/32 8998/10/32
f 8999/10/32 9000/10/32 9001/10/32
f 9004/10/8 9003/10/8 9002/10/8
f 9003/10/8 9004/10/8 9005/10/8
f 9003/10/7 9000/10/7 8998/10/7
f 9000/10/7 9003/10/7 9005/10/7
f 9000/10/12 9004/10/12 9001/10/12
f 9004/10/12 9000/10/12 9005/10/12
f 9004/10/19 8999/10/19 9001/10/19
f 8999/10/19 9004/10/19 9002/10/19
f 9003/10/23 8999/10/23 9002/10/23
f 8999/10/23 9003/10/23 8998/10/23
f 8981/10/32 9006/10/32 8979/10/32
f 9006/10/32 8981/10/32 9007/10/32
f 9009/10/8 8982/10/8 9008/10/8
f 8982/10/8 9009/10/8 8984/10/8
f 8982/10/7 8981/10/7 8979/10/7
f 8981/10/7 8982/10/7 8984/10/7
f 8981/10/12 9009/10/12 9007/10/12
f 9009/10/12 8981/10/12 8984/10/12
f 9009/10/19 9006/10/19 9007/10/19
f 9006/10/19 9009/10/19 9008/10/19
f 8982/10/23 9006/10/23 9008/10/23
f 9006/10/23 8982/10/23 8979/10/23
f 9012/10/8 9011/10/8 9010/10/8
f 9011/10/8 9012/10/8 9013/10/8
f 9010/10/12 9015/10/12 9014/10/12
f 9015/10/12 9010/10/12 9011/10/12
f 9017/10/23 9012/10/23 9016/10/23
f 9012/10/23 9017/10/23 9013/10/23
f 9015/10/32 9016/10/32 9014/10/32
f 9016/10/32 9015/10/32 9017/10/32
f 9020/10/32 9019/10/32 9018/10/32
f 9019/10/32 9020/10/32 9021/10/32
f 9024/10/8 9023/10/8 9022/10/8
f 9023/10/8 9024/10/8 9025/10/8
f 9023/10/7 9020/10/7 9018/10/7
f 9020/10/7 9023/10/7 9025/10/7
f 9020/10/12 9024/10/12 9021/10/12
f 9024/10/12 9020/10/12 9025/10/12
f 9024/10/19 9019/10/19 9021/10/19
f 9019/10/19 9024/10/19 9022/10/19
f 9023/10/23 9019/10/23 9022/10/23
f 9019/10/23 9023/10/23 9018/10/23
f 9001/10/32 9026/10/32 8999/10/32
f 9026/10/32 9001/10/32 9027/10/32
f 9029/10/8 9002/10/8 9028/10/8
f 9002/10/8 9029/10/8 9004/10/8
f 9002/10/7 9001/10/7 8999/10/7
f 9001/10/7 9002/10/7 9004/10/7
f 9001/10/12 9029/10/12 9027/10/12
f 9029/10/12 9001/10/12 9004/10/12
f 9029/10/19 9026/10/19 9027/10/19
f 9026/10/19 9029/10/19 9028/10/19
f 9002/10/23 9026/10/23 9028/10/23
f 9026/10/23 9002/10/23 8999/10/23
f 9032/10/8 9031/10/8 9030/10/8
f 9031/10/8 9032/10/8 9033/10/8
f 9030/10/12 9035/10/12 9034/10/12
f 9035/10/12 9030/10/12 9031/10/12
f 9037/10/23 9032/10/23 9036/10/23
f 9032/10/23 9037/10/23 9033/10/23
f 9035/10/32 9036/10/32 9034/10/32
f 9036/10/32 9035/10/32 9037/10/32
f 9040/10/32 9039/10/32 9038/10/32
f 9039/10/32 9040/10/32 9041/10/32
f 9044/10/8 9043/10/8 9042/10/8
f 9043/10/8 9044/10/8 9045/10/8
f 9043/10/7 9040/10/7 9038/10/7
f 9040/10/7 9043/10/7 9045/10/7
f 9040/10/12 9044/10/12 9041/10/12
f 9044/10/12 9040/10/12 9045/10/12
f 9044/10/19 9039/10/19 9041/10/19
f 9039/10/19 9044/10/19 9042/10/19
f 9043/10/23 9039/10/23 9042/10/23
f 9039/10/23 9043/10/23 9038/10/23
f 9021/10/32 9046/10/32 9019/10/32
f 9046/10/32 9021/10/32 9047/10/32
f 9049/10/8 9022/10/8 9048/10/8
f 9022/10/8 9049/10/8 9024/10/8
f 9022/10/7 9021/10/7 9019/10/7
f 9021/10/7 9022/10/7 9024/10/7
f 9021/10/12 9049/10/12 9047/10/12
f 9049/10/12 9021/10/12 9024/10/12
f 9049/10/19 9046/10/19 9047/10/19
f 9046/10/19 9049/10/19 9048/10/19
f 9022/10/23 9046/10/23 9048/10/23
f 9046/10/23 9022/10/23 9019/10/23
f 9052/10/8 9051/10/8 9050/10/8
f 9051/10/8 9052/10/8 9053/10/8
f 9050/10/12 9055/10/12 9054/10/12
f 9055/10/12 9050/10/12 9051/10/12
f 9057/10/23 9052/10/23 9056/10/23
f 9052/10/23 9057/10/23 9053/10/23
f 9055/10/32 9056/10/32 9054/10/32
f 9056/10/32 9055/10/32 9057/10/32
f 9060/10/32 9059/10/32 9058/10/32
f 9059/10/32 9060/10/32 9061/10/32
f 9064/10/8 9063/10/8 9062/10/8
f 9063/10/8 9064/10/8 9065/10/8
f 9063/10/7 9060/10/7 9058/10/7
f 9060/10/7 9063/10/7 9065/10/7
f 9060/10/12 9064/10/12 9061/10/12
f 9064/10/12 9060/10/12 9065/10/12
f 9064/10/19 9059/10/19 9061/10/19
f 9059/10/19 9064/10/19 9062/10/19
f 9063/10/23 9059/10/23 9062/10/23
f 9059/10/23 9063/10/23 9058/10/23
f 9041/10/32 9066/10/32 9039/10/32
f 9066/10/32 9041/10/32 9067/10/32
f 9069/10/8 9042/10/8 9068/10/8
f 9042/10/8 9069/10/8 9044/10/8
f 9042/10/7 9041/10/7 9039/10/7
f 9041/10/7 9042/10/7 9044/10/7
f 9041/10/12 9069/10/12 9067/10/12
f 9069/10/12 9041/10/12 9044/10/12
f 9069/10/19 9066/10/19 9067/10/19
f 9066/10/19 9069/10/19 9068/10/19
f 9042/10/23 9066/10/23 9068/10/23
f 9066/10/23 9042/10/23 9039/10/23
f 9072/10/8 9071/10/8 9070/10/8
f 9071/10/8 9072/10/8 9073/10/8
f 9070/10/12 9075/10/12 9074/10/12
f 9075/10/12 9070/10/12 9071/10/12
f 9077/10/23 9072/10/23 9076/10/23
f 9072/10/23 9077/10/23 9073/10/23
f 9075/10/32 9076/10/32 9074/10/32
f 9076/10/32 9075/10/32 9077/10/32
f 9079/10/32 8838/10/32 9078/10/32
f 8838/10/32 9079/10/32 8840/10/32
f 8845/10/8 9080/10/8 8843/10/8
f 9080/10/8 8845/10/8 9081/10/8
f 9080/10/7 9079/10/7 9078/10/7
f 9079/10/7 9080/10/7 9081/10/7
f 9079/10/12 8845/10/12 8840/10/12
f 8845/10/12 9079/10/12 9081/10/12
f 8845/10/19 8838/10/19 8840/10/19
f 8838/10/19 8845/10/19 8843/10/19
f 9080/10/23 8838/10/23 8843/10/23
f 8838/10/23 9080/10/23 9078/10/23
f 9061/10/32 9082/10/32 9059/10/32
f 9082/10/32 9061/10/32 9083/10/32
f 9085/10/8 9062/10/8 9084/10/8
f 9062/10/8 9085/10/8 9064/10/8
f 9062/10/7 9061/10/7 9059/10/7
f 9061/10/7 9062/10/7 9064/10/7
f 9061/10/12 9085/10/12 9083/10/12
f 9085/10/12 9061/10/12 9064/10/12
f 9085/10/19 9082/10/19 9083/10/19
f 9082/10/19 9085/10/19 9084/10/19
f 9062/10/23 9082/10/23 9084/10/23
f 9082/10/23 9062/10/23 9059/10/23
f 9088/10/8 9087/10/8 9086/10/8
f 9087/10/8 9088/10/8 9089/10/8
f 9086/10/12 9091/10/12 9090/10/12
f 9091/10/12 9086/10/12 9087/10/12
f 9093/10/23 9088/10/23 9092/10/23
f 9088/10/23 9093/10/23 9089/10/23
f 9091/10/32 9092/10/32 9090/10/32
f 9092/10/32 9091/10/32 9093/10/32
f 9096/4/226 9095/4/227 9094/4/228
f 9095/4/227 9096/4/226 9097/4/229
f 9100/4/230 9099/4/231 9098/4/232
f 9099/4/231 9100/4/230 9101/4/233
f 9104/4/234 9103/4/235 9102/4/236
f 9103/4/235 9104/4/234 9105/4/237
f 9108/4/238 9107/4/239 9106/4/793
f 9107/4/239 9108/4/238 9109/4/241
f 9112/4/242 9111/4/243 9110/4/244
f 9111/4/243 9112/4/242 9113/4/245
f 9116/4/246 9115/4/247 9114/4/248
f 9115/4/247 9116/4/246 9117/4/249
f 9119/4/250 9094/4/228 9118/4/251
f 9094/4/228 9119/4/250 9096/4/226
f 9094/4/228 9120/4/252 9118/4/251
f 9120/4/252 9094/4/228 9095/4/227
f 9095/4/227 9121/4/253 9120/4/252
f 9121/4/253 9095/4/227 9097/4/229
f 9119/4/250 9097/4/229 9096/4/226
f 9097/4/229 9119/4/250 9121/4/253
f 9114/4/248 9123/4/254 9122/4/255
f 9123/4/254 9114/4/248 9115/4/247
f 9115/4/247 9118/4/256 9123/4/254
f 9118/4/256 9115/4/247 9117/4/249
f 9119/4/257 9114/4/248 9122/4/255
f 9114/4/248 9119/4/257 9116/4/246
f 9119/4/257 9117/4/249 9116/4/246
f 9117/4/249 9119/4/257 9118/4/256
f 9125/4/258 9110/4/244 9124/4/259
f 9110/4/244 9125/4/258 9112/4/242
f 9110/4/244 9123/4/260 9124/4/259
f 9123/4/260 9110/4/244 9111/4/243
f 9111/4/243 9122/4/261 9123/4/260
f 9122/4/261 9111/4/243 9113/4/245
f 9125/4/258 9113/4/245 9112/4/242
f 9113/4/245 9125/4/258 9122/4/261
f 9099/4/231 9121/4/262 9125/4/263
f 9121/4/262 9099/4/231 9101/4/233
f 9120/4/264 9098/4/232 9124/4/265
f 9098/4/232 9120/4/264 9100/4/230
f 9124/4/265 9099/4/231 9125/4/263
f 9099/4/231 9124/4/265 9098/4/232
f 9120/4/264 9101/4/233 9100/4/230
f 9101/4/233 9120/4/264 9121/4/262
f 9125/4/266 9109/4/241 9108/4/238
f 9109/4/241 9125/4/266 9121/4/267
f 9106/4/793 9119/4/268 9122/4/269
f 9119/4/268 9106/4/793 9107/4/239
f 9125/4/266 9106/4/793 9122/4/269
f 9106/4/793 9125/4/266 9108/4/238
f 9107/4/239 9121/4/267 9119/4/268
f 9121/4/267 9107/4/239 9109/4/241
f 9118/4/270 9103/4/235 9123/4/271
f 9103/4/235 9118/4/270 9102/4/236
f 9120/4/272 9105/4/237 9104/4/234
f 9105/4/237 9120/4/272 9124/4/273
f 9103/4/235 9124/4/273 9123/4/271
f 9124/4/273 9103/4/235 9105/4/237
f 9120/4/272 9102/4/236 9118/4/270
f 9102/4/236 9120/4/272 9104/4/234
f 9128/4/424 9127/4/275 9126/4/276
f 9127/4/275 9128/4/424 9129/4/277
f 9132/4/278 9131/4/279 9130/4/280
f 9131/4/279 9132/4/278 9133/4/281
f 9136/4/282 9135/4/283 9134/4/284
f 9135/4/283 9136/4/282 9137/4/285
f 9140/4/286 9139/4/287 9138/4/288
f 9139/4/287 9140/4/286 9141/4/289
f 9144/4/290 9143/4/291 9142/4/426
f 9143/4/291 9144/4/290 9145/4/293
f 9148/4/294 9147/4/295 9146/4/296
f 9147/4/295 9148/4/294 9149/4/297
f 9151/4/298 9126/4/276 9150/4/299
f 9126/4/276 9151/4/298 9128/4/424
f 9126/4/276 9152/4/488 9150/4/299
f 9152/4/488 9126/4/276 9127/4/275
f 9127/4/275 9153/4/668 9152/4/488
f 9153/4/668 9127/4/275 9129/4/277
f 9151/4/298 9129/4/277 9128/4/424
f 9129/4/277 9151/4/298 9153/4/668
f 9146/4/296 9155/4/499 9154/4/489
f 9155/4/499 9146/4/296 9147/4/295
f 9147/4/295 9150/4/669 9155/4/499
f 9150/4/669 9147/4/295 9149/4/297
f 9151/4/305 9146/4/296 9154/4/489
f 9146/4/296 9151/4/305 9148/4/294
f 9151/4/305 9149/4/297 9148/4/294
f 9149/4/297 9151/4/305 9150/4/669
f 9157/4/306 9142/4/426 9156/4/307
f 9142/4/426 9157/4/306 9144/4/290
f 9142/4/426 9155/4/427 9156/4/307
f 9155/4/427 9142/4/426 9143/4/291
f 9143/4/291 9154/4/428 9155/4/427
f 9154/4/428 9143/4/291 9145/4/293
f 9157/4/306 9145/4/293 9144/4/290
f 9145/4/293 9157/4/306 9154/4/428
f 9131/4/279 9153/4/310 9157/4/429
f 9153/4/310 9131/4/279 9133/4/281
f 9152/4/312 9130/4/280 9156/4/313
f 9130/4/280 9152/4/312 9132/4/278
f 9156/4/313 9131/4/279 9157/4/429
f 9131/4/279 9156/4/313 9130/4/280
f 9152/4/312 9133/4/281 9132/4/278
f 9133/4/281 9152/4/312 9153/4/310
f 9157/4/314 9141/4/289 9140/4/286
f 9141/4/289 9157/4/314 9153/4/315
f 9138/4/288 9151/4/316 9154/4/317
f 9151/4/316 9138/4/288 9139/4/287
f 9157/4/314 9138/4/288 9154/4/317
f 9138/4/288 9157/4/314 9140/4/286
f 9139/4/287 9153/4/315 9151/4/316
f 9153/4/315 9139/4/287 9141/4/289
f 9150/4/318 9135/4/283 9155/4/319
f 9135/4/283 9150/4/318 9134/4/284
f 9152/4/320 9137/4/285 9136/4/282
f 9137/4/285 9152/4/320 9156/4/321
f 9135/4/283 9156/4/321 9155/4/319
f 9156/4/321 9135/4/283 9137/4/285
f 9152/4/320 9134/4/284 9150/4/318
f 9134/4/284 9152/4/320 9136/4/282
f 9160/4/424 9159/4/275 9158/4/1503
f 9159/4/275 9160/4/424 9161/4/277
f 9164/4/278 9163/4/279 9162/4/280
f 9163/4/279 9164/4/278 9165/4/281
f 9168/4/282 9167/4/283 9166/4/284
f 9167/4/283 9168/4/282 9169/4/285
f 9172/4/286 9171/4/287 9170/4/288
f 9171/4/287 9172/4/286 9173/4/289
f 9176/4/425 9175/4/291 9174/4/426
f 9175/4/291 9176/4/425 9177/4/293
f 9180/4/294 9179/4/295 9178/4/296
f 9179/4/295 9180/4/294 9181/4/297
f 9183/4/298 9158/4/1503 9182/4/299
f 9158/4/1503 9183/4/298 9160/4/424
f 9158/4/1503 9184/4/488 9182/4/299
f 9184/4/488 9158/4/1503 9159/4/275
f 9159/4/275 9185/4/668 9184/4/488
f 9185/4/668 9159/4/275 9161/4/277
f 9183/4/298 9161/4/277 9160/4/424
f 9161/4/277 9183/4/298 9185/4/668
f 9178/4/296 9187/4/499 9186/4/489
f 9187/4/499 9178/4/296 9179/4/295
f 9179/4/295 9182/4/304 9187/4/499
f 9182/4/304 9179/4/295 9181/4/297
f 9183/4/305 9178/4/296 9186/4/489
f 9178/4/296 9183/4/305 9180/4/294
f 9183/4/305 9181/4/297 9180/4/294
f 9181/4/297 9183/4/305 9182/4/304
f 9189/4/306 9174/4/426 9188/4/307
f 9174/4/426 9189/4/306 9176/4/425
f 9174/4/426 9187/4/427 9188/4/307
f 9187/4/427 9174/4/426 9175/4/291
f 9175/4/291 9186/4/428 9187/4/427
f 9186/4/428 9175/4/291 9177/4/293
f 9189/4/306 9177/4/293 9176/4/425
f 9177/4/293 9189/4/306 9186/4/428
f 9163/4/279 9185/4/310 9189/4/429
f 9185/4/310 9163/4/279 9165/4/281
f 9184/4/312 9162/4/280 9188/4/313
f 9162/4/280 9184/4/312 9164/4/278
f 9188/4/313 9163/4/279 9189/4/429
f 9163/4/279 9188/4/313 9162/4/280
f 9184/4/312 9165/4/281 9164/4/278
f 9165/4/281 9184/4/312 9185/4/310
f 9189/4/314 9173/4/289 9172/4/286
f 9173/4/289 9189/4/314 9185/4/315
f 9170/4/288 9183/4/316 9186/4/317
f 9183/4/316 9170/4/288 9171/4/287
f 9189/4/314 9170/4/288 9186/4/317
f 9170/4/288 9189/4/314 9172/4/286
f 9171/4/287 9185/4/315 9183/4/316
f 9185/4/315 9171/4/287 9173/4/289
f 9182/4/318 9167/4/283 9187/4/319
f 9167/4/283 9182/4/318 9166/4/284
f 9184/4/320 9169/4/285 9168/4/282
f 9169/4/285 9184/4/320 9188/4/321
f 9167/4/283 9188/4/321 9187/4/319
f 9188/4/321 9167/4/283 9169/4/285
f 9184/4/320 9166/4/284 9182/4/318
f 9166/4/284 9184/4/320 9168/4/282
f 9192/6/32 9191/6/32 9190/6/32
f 9191/6/32 9192/6/32 9193/6/32
f 9196/6/8 9195/6/8 9194/6/8
f 9195/6/8 9196/6/8 9197/6/8
f 9195/6/12 9192/6/12 9190/6/12
f 9192/6/12 9195/6/12 9197/6/12
f 9192/6/19 9196/6/19 9193/6/19
f 9196/6/19 9192/6/19 9197/6/19
f 9196/6/23 9191/6/23 9193/6/23
f 9191/6/23 9196/6/23 9194/6/23
f 9195/6/7 9191/6/7 9194/6/7
f 9191/6/7 9195/6/7 9190/6/7
f 9200/6/32 9199/6/32 9198/6/32
f 9199/6/32 9200/6/32 9201/6/32
f 9204/6/8 9203/6/8 9202/6/8
f 9203/6/8 9204/6/8 9205/6/8
f 9203/6/12 9200/6/12 9198/6/12
f 9200/6/12 9203/6/12 9205/6/12
f 9200/6/19 9204/6/19 9201/6/19
f 9204/6/19 9200/6/19 9205/6/19
f 9204/6/23 9199/6/23 9201/6/23
f 9199/6/23 9204/6/23 9202/6/23
f 9203/6/7 9199/6/7 9202/6/7
f 9199/6/7 9203/6/7 9198/6/7
f 9208/6/8 9207/6/8 9206/6/8
f 9207/6/8 9208/6/8 9209/6/8
f 9206/6/19 9211/6/19 9210/6/19
f 9211/6/19 9206/6/19 9207/6/19
f 9213/6/7 9208/6/7 9212/6/7
f 9208/6/7 9213/6/7 9209/6/7
f 9211/6/32 9212/6/32 9210/6/32
f 9212/6/32 9211/6/32 9213/6/32
f 9216/6/7 9215/6/7 9214/6/7
f 9215/6/7 9216/6/7 9217/6/7
f 9216/6/114 9218/6/114 9217/6/114
f 9218/6/114 9216/6/114 9219/6/114
f 9221/6/115 9215/6/115 9220/6/115
f 9215/6/115 9221/6/115 9214/6/115
f 9221/6/116 9216/6/116 9214/6/116
f 9216/6/116 9221/6/116 9219/6/116
f 9218/6/117 9215/6/117 9217/6/117
f 9215/6/117 9218/6/117 9220/6/117
f 9218/6/19 9221/6/19 9220/6/19
f 9221/6/19 9218/6/19 9219/6/19
f 9224/6/7 9223/6/7 9222/6/7
f 9223/6/7 9224/6/7 9225/6/7
f 9224/6/118 9226/6/118 9225/6/118
f 9226/6/118 9224/6/118 9227/6/118
f 9229/6/119 9223/6/119 9228/6/119
f 9223/6/119 9229/6/119 9222/6/119
f 9229/6/120 9224/6/120 9222/6/120
f 9224/6/120 9229/6/120 9227/6/120
f 9226/6/121 9223/6/121 9225/6/121
f 9223/6/121 9226/6/121 9228/6/121
f 9226/6/19 9229/6/19 9228/6/19
f 9229/6/19 9226/6/19 9227/6/19
f 9232/6/7 9231/6/7 9230/6/7
f 9231/6/7 9232/6/7 9233/6/7
f 9232/6/122 9234/6/122 9233/6/122
f 9234/6/122 9232/6/122 9235/6/122
f 9237/6/123 9231/6/123 9236/6/123
f 9231/6/123 9237/6/123 9230/6/123
f 9237/6/124 9232/6/124 9230/6/124
f 9232/6/124 9237/6/124 9235/6/124
f 9234/6/125 9231/6/125 9233/6/125
f 9231/6/125 9234/6/125 9236/6/125
f 9234/6/19 9237/6/19 9236/6/19
f 9237/6/19 9234/6/19 9235/6/19
f 9240/6/8 9239/6/8 9238/6/8
f 9239/6/8 9240/6/8 9241/6/8
f 9238/6/19 9243/6/19 9242/6/19
f 9243/6/19 9238/6/19 9239/6/19
f 9245/6/7 9240/6/7 9244/6/7
f 9240/6/7 9245/6/7 9241/6/7
f 9243/6/32 9244/6/32 9242/6/32
f 9244/6/32 9243/6/32 9245/6/32
f 9248/6/7 9247/6/7 9246/6/7
f 9247/6/7 9248/6/7 9249/6/7
f 9248/6/126 9250/6/126 9249/6/126
f 9250/6/126 9248/6/126 9251/6/126
f 9253/6/127 9247/6/127 9252/6/127
f 9247/6/127 9253/6/127 9246/6/127
f 9253/6/128 9248/6/128 9246/6/128
f 9248/6/128 9253/6/128 9251/6/128
f 9250/6/129 9247/6/129 9249/6/129
f 9247/6/129 9250/6/129 9252/6/129
f 9250/6/19 9253/6/19 9252/6/19
f 9253/6/19 9250/6/19 9251/6/19
f 9256/6/7 9255/6/7 9254/6/7
f 9255/6/7 9256/6/7 9257/6/7
f 9256/6/12 9258/6/12 9257/6/12
f 9258/6/12 9256/6/12 9259/6/12
f 9261/6/23 9255/6/23 9260/6/23
f 9255/6/23 9261/6/23 9254/6/23
f 9261/6/8 9256/6/8 9254/6/8
f 9256/6/8 9261/6/8 9259/6/8
f 9258/6/32 9255/6/32 9257/6/32
f 9255/6/32 9258/6/32 9260/6/32
f 9258/6/19 9261/6/19 9260/6/19
f 9261/6/19 9258/6/19 9259/6/19
f 9264/6/32 9263/6/32 9262/6/32
f 9263/6/32 9264/6/32 9265/6/32
f 9268/6/8 9267/6/8 9266/6/8
f 9267/6/8 9268/6/8 9269/6/8
f 9267/6/12 9264/6/12 9262/6/12
f 9264/6/12 9267/6/12 9269/6/12
f 9264/6/19 9268/6/19 9265/6/19
f 9268/6/19 9264/6/19 9269/6/19
f 9268/6/23 9263/6/23 9265/6/23
f 9263/6/23 9268/6/23 9266/6/23
f 9267/6/7 9263/6/7 9266/6/7
f 9263/6/7 9267/6/7 9262/6/7
f 9272/6/32 9271/6/32 9270/6/32
f 9271/6/32 9272/6/32 9273/6/32
f 9276/6/8 9275/6/8 9274/6/8
f 9275/6/8 9276/6/8 9277/6/8
f 9275/6/12 9272/6/12 9270/6/12
f 9272/6/12 9275/6/12 9277/6/12
f 9272/6/19 9276/6/19 9273/6/19
f 9276/6/19 9272/6/19 9277/6/19
f 9276/6/23 9271/6/23 9273/6/23
f 9271/6/23 9276/6/23 9274/6/23
f 9275/6/7 9271/6/7 9274/6/7
f 9271/6/7 9275/6/7 9270/6/7
f 9280/6/8 9279/6/8 9278/6/8
f 9279/6/8 9280/6/8 9281/6/8
f 9278/6/19 9283/6/19 9282/6/19
f 9283/6/19 9278/6/19 9279/6/19
f 9285/6/7 9280/6/7 9284/6/7
f 9280/6/7 9285/6/7 9281/6/7
f 9283/6/32 9284/6/32 9282/6/32
f 9284/6/32 9283/6/32 9285/6/32
f 9288/6/7 9287/6/7 9286/6/7
f 9287/6/7 9288/6/7 9289/6/7
f 9288/6/114 9290/6/114 9289/6/114
f 9290/6/114 9288/6/114 9291/6/114
f 9293/6/115 9287/6/115 9292/6/115
f 9287/6/115 9293/6/115 9286/6/115
f 9293/6/116 9288/6/116 9286/6/116
f 9288/6/116 9293/6/116 9291/6/116
f 9290/6/117 9287/6/117 9289/6/117
f 9287/6/117 9290/6/117 9292/6/117
f 9290/6/19 9293/6/19 9292/6/19
f 9293/6/19 9290/6/19 9291/6/19
f 9296/6/7 9295/6/7 9294/6/7
f 9295/6/7 9296/6/7 9297/6/7
f 9296/6/118 9298/6/118 9297/6/118
f 9298/6/118 9296/6/118 9299/6/118
f 9301/6/119 9295/6/119 9300/6/119
f 9295/6/119 9301/6/119 9294/6/119
f 9301/6/120 9296/6/120 9294/6/120
f 9296/6/120 9301/6/120 9299/6/120
f 9298/6/121 9295/6/121 9297/6/121
f 9295/6/121 9298/6/121 9300/6/121
f 9298/6/19 9301/6/19 9300/6/19
f 9301/6/19 9298/6/19 9299/6/19
f 9304/6/7 9303/6/7 9302/6/7
f 9303/6/7 9304/6/7 9305/6/7
f 9304/6/122 9306/6/122 9305/6/122
f 9306/6/122 9304/6/122 9307/6/122
f 9309/6/123 9303/6/123 9308/6/123
f 9303/6/123 9309/6/123 9302/6/123
f 9309/6/124 9304/6/124 9302/6/124
f 9304/6/124 9309/6/124 9307/6/124
f 9306/6/125 9303/6/125 9305/6/125
f 9303/6/125 9306/6/125 9308/6/125
f 9306/6/19 9309/6/19 9308/6/19
f 9309/6/19 9306/6/19 9307/6/19
f 9312/6/8 9311/6/8 9310/6/8
f 9311/6/8 9312/6/8 9313/6/8
f 9310/6/19 9315/6/19 9314/6/19
f 9315/6/19 9310/6/19 9311/6/19
f 9317/6/7 9312/6/7 9316/6/7
f 9312/6/7 9317/6/7 9313/6/7
f 9315/6/32 9316/6/32 9314/6/32
f 9316/6/32 9315/6/32 9317/6/32
f 9320/6/7 9319/6/7 9318/6/7
f 9319/6/7 9320/6/7 9321/6/7
f 9320/6/126 9322/6/126 9321/6/126
f 9322/6/126 9320/6/126 9323/6/126
f 9325/6/127 9319/6/127 9324/6/127
f 9319/6/127 9325/6/127 9318/6/127
f 9325/6/128 9320/6/128 9318/6/128
f 9320/6/128 9325/6/128 9323/6/128
f 9322/6/129 9319/6/129 9321/6/129
f 9319/6/129 9322/6/129 9324/6/129
f 9322/6/19 9325/6/19 9324/6/19
f 9325/6/19 9322/6/19 9323/6/19
f 9328/6/7 9327/6/7 9326/6/7
f 9327/6/7 9328/6/7 9329/6/7
f 9328/6/12 9330/6/12 9329/6/12
f 9330/6/12 9328/6/12 9331/6/12
f 9333/6/23 9327/6/23 9332/6/23
f 9327/6/23 9333/6/23 9326/6/23
f 9333/6/8 9328/6/8 9326/6/8
f 9328/6/8 9333/6/8 9331/6/8
f 9330/6/32 9327/6/32 9329/6/32
f 9327/6/32 9330/6/32 9332/6/32
f 9330/6/19 9333/6/19 9332/6/19
f 9333/6/19 9330/6/19 9331/6/19
f 4396/13/32 6490/13/32 9334/13/32
f 6490/13/32 4396/13/32 4395/13/32
f 4394/12/23 6490/13/23 4395/13/23
f 6490/13/23 4394/12/23 4577/12/23
f 9337/12/7 9336/12/7 9335/12/7
f 9336/12/7 9337/12/7 9338/12/7
f 4394/12/711 9340/12/711 9339/12/711
f 4396/12/711 9340/12/711 4394/12/711
f 9334/12/711 9340/12/711 4396/12/711
f 9334/12/711 9338/12/711 9340/12/711
f 9338/12/711 9334/12/711 9336/12/711
f 4577/12/711 9336/12/711 9334/12/711
f 9337/12/712 9340/12/712 9338/12/712
f 9340/12/712 9337/12/712 9341/12/712
f 9340/12/19 9342/12/19 9339/12/19
f 9342/12/19 9340/12/19 9341/12/19
f 9342/12/23 4394/12/23 9339/12/23
f 4394/12/23 9342/12/23 4577/12/23
f 4577/12/23 9342/12/23 9336/12/23
f 9336/12/23 9342/12/23 9335/12/23
f 9342/12/713 9337/12/713 9335/12/713
f 9337/12/713 9342/12/713 9341/12/713
f 9345/14/32 9344/14/32 9343/14/32
f 9344/14/32 9345/14/32 9346/14/32
f 9349/14/7 9348/14/7 9347/14/7
f 9348/14/7 9349/14/7 9350/14/7
f 9350/14/7 9349/14/7 9351/14/7
f 9352/14/7 9351/14/7 9349/14/7
f 9353/14/7 9351/14/7 9352/14/7
f 9351/14/7 9353/14/7 9354/14/7
f 9346/14/19 9355/14/19 9344/14/19
f 9355/14/19 9346/14/19 9356/14/19
f 9359/14/19 9358/14/19 9357/14/19
f 9358/14/19 9359/14/19 9360/14/19
f 9353/14/8 9362/14/8 9361/14/8
f 9362/14/8 9353/14/8 9352/14/8
f 9362/14/19 9363/14/19 9361/14/19
f 9363/14/19 9362/14/19 9364/14/19
f 9364/14/19 9362/14/19 9365/14/19
f 9366/14/19 9365/14/19 9362/14/19
f 9367/14/19 9365/14/19 9366/14/19
f 9365/14/19 9367/14/19 9368/14/19
f 9348/14/8 9370/14/8 9369/14/8
f 9370/14/8 9348/14/8 9350/14/8
f 9373/14/8 9372/14/8 9371/14/8
f 9372/14/8 9373/14/8 9374/14/8
f 9377/14/19 9376/14/19 9375/14/19
f 9376/14/19 9377/14/19 9378/14/19
f 9378/14/19 9377/14/19 9372/14/19
f 9379/14/19 9372/14/19 9377/14/19
f 9380/14/19 9372/14/19 9379/14/19
f 9372/14/19 9380/14/19 9371/14/19
f 9382/14/32 9357/14/32 9381/14/32
f 9357/14/32 9382/14/32 9359/14/32
f 9384/14/7 9381/14/7 9383/14/7
f 9381/14/7 9384/14/7 9382/14/7
f 9366/14/32 9385/14/32 9367/14/32
f 9385/14/32 9366/14/32 9386/14/32
f 9386/14/32 9366/14/32 9349/14/32
f 9386/14/32 9349/14/32 9387/14/32
f 9387/14/32 9349/14/32 9347/14/32
f 9347/14/32 9388/14/32 9387/14/32
f 9379/14/32 9389/14/32 9380/14/32
f 9389/14/32 9379/14/32 9390/14/32
f 9390/14/32 9379/14/32 9391/14/32
f 9390/14/32 9391/14/32 9392/14/32
f 9392/14/32 9391/14/32 9393/14/32
f 9393/14/32 9394/14/32 9392/14/32
f 9395/14/8 9377/14/8 9375/14/8
f 9377/14/8 9395/14/8 9396/14/8
f 9398/14/19 9394/14/19 9397/14/19
f 9394/14/19 9398/14/19 9392/14/19
f 9358/14/8 9384/14/8 9383/14/8
f 9384/14/8 9358/14/8 9360/14/8
f 9364/14/32 9354/14/32 9363/14/32
f 9354/14/32 9364/14/32 9351/14/32
f 9370/14/12 9386/14/12 9387/14/12
f 9386/14/12 9370/14/12 9399/14/12
s 0
f 9350/14/744 9399/14/709 9370/14/7
f 9350/14/12 9365/14/12 9399/14/12
s 1
f 9351/14/12 9365/14/12 9350/14/12
f 9365/14/12 9351/14/12 9364/14/12
f 9400/14/8 9398/14/8 9397/14/8
f 9398/14/8 9400/14/8 9401/14/8
f 9398/14/12 9390/14/12 9392/14/12
f 9390/14/12 9398/14/12 9374/14/12
s 0
f 9401/14/744 9374/14/709 9398/14/7
f 9401/14/12 9372/14/12 9374/14/12
s 1
f 9402/14/12 9372/14/12 9401/14/12
f 9372/14/12 9402/14/12 9378/14/12
f 9404/14/7 9343/14/7 9403/14/7
f 9343/14/7 9404/14/7 9345/14/7
f 9370/14/19 9388/14/19 9369/14/19
f 9388/14/19 9370/14/19 9387/14/19
f 9405/14/8 9365/14/8 9368/14/8
f 9365/14/8 9405/14/8 9399/14/8
f 9386/14/7 9405/14/7 9385/14/7
f 9405/14/7 9386/14/7 9399/14/7
f 9378/14/32 9406/14/32 9376/14/32
f 9406/14/32 9378/14/32 9402/14/32
f 9390/14/7 9373/14/7 9389/14/7
f 9373/14/7 9390/14/7 9374/14/7
f 9355/14/8 9404/14/8 9403/14/8
f 9404/14/8 9355/14/8 9356/14/8
f 9391/14/7 9400/14/7 9393/14/7
f 9400/14/7 9391/14/7 9401/14/7
f 9401/14/7 9391/14/7 9402/14/7
f 9396/14/7 9402/14/7 9391/14/7
f 9395/14/7 9402/14/7 9396/14/7
f 9402/14/7 9395/14/7 9406/14/7
f 9382/14/12 9362/14/12 9359/14/12
f 9362/14/12 9382/14/12 9384/14/12
f 9352/14/12 9359/14/12 9362/14/12
f 9362/14/12 9384/14/12 9366/14/12
f 9359/14/12 9352/14/12 9360/14/12
f 9366/14/12 9384/14/12 9349/14/12
f 9360/14/12 9352/14/12 9349/14/12
f 9360/14/12 9349/14/12 9384/14/12
f 9345/14/12 9377/14/12 9346/14/12
f 9377/14/12 9345/14/12 9404/14/12
f 9396/14/12 9346/14/12 9377/14/12
f 9377/14/12 9404/14/12 9379/14/12
f 9346/14/12 9396/14/12 9356/14/12
f 9379/14/12 9404/14/12 9391/14/12
f 9356/14/12 9396/14/12 9391/14/12
f 9356/14/12 9391/14/12 9404/14/12
f 9367/9/12 9405/9/12 9368/9/12
f 9405/9/12 9367/9/12 9385/9/12
f 9394/9/12 9400/9/12 9397/9/12
f 9400/9/12 9394/9/12 9393/9/12
f 9380/9/12 9373/9/12 9371/9/12
f 9373/9/12 9380/9/12 9389/9/12
f 9388/9/12 9348/9/12 9369/9/12
f 9348/9/12 9388/9/12 9347/9/12
f 9363/9/12 9353/9/12 9361/9/12
f 9353/9/12 9363/9/12 9354/9/12
f 9376/9/12 9395/9/12 9375/9/12
f 9395/9/12 9376/9/12 9406/9/12
f 9409/14/32 9408/14/32 9407/14/32
f 9408/14/32 9409/14/32 9410/14/32
f 9412/13/7 9408/14/7 9411/13/7
f 9408/14/7 9412/13/7 9407/14/7
f 9412/13/12 9409/14/12 9407/14/12
f 9409/14/12 9412/13/12 9413/13/12
f 9409/14/19 9414/13/19 9410/14/19
f 9414/13/19 9409/14/19 9413/13/19
f 9414/13/23 9408/14/23 9410/14/23
f 9408/14/23 9414/13/23 9411/13/23
f 4546/13/23 9411/13/23 9414/13/23
f 9411/13/23 4546/13/23 6478/13/23
f 4546/13/8 9415/13/8 6478/13/8
f 9415/13/8 4546/13/8 4435/13/8
f 9415/13/7 9411/13/7 6478/13/7
f 9411/13/7 9415/13/7 9412/13/7
f 9415/13/12 9413/13/12 9412/13/12
f 9413/13/12 9415/13/12 4435/13/12
f 9413/13/19 4546/13/19 9414/13/19
f 4546/13/19 9413/13/19 4435/13/19
f 9334/13/19 4577/13/19 6490/13/19
f 9415/13/7 6489/13/7 6464/13/7
f 9334/13/32 6489/13/32 9415/13/32
f 6489/13/32 9334/13/32 6490/13/32
f 4577/12/23 6489/13/23 6490/13/23
f 6489/13/23 4577/12/23 6464/12/23
f 9418/12/7 9417/12/7 9416/12/7
f 9417/12/7 9418/12/7 9419/12/7
f 4577/12/711 9421/12/711 9420/12/711
f 9334/12/711 9421/12/711 4577/12/711
f 9415/12/711 9421/12/711 9334/12/711
f 9415/12/711 9419/12/711 9421/12/711
f 9419/12/711 9415/12/711 9417/12/711
f 6464/12/711 9417/12/711 9415/12/711
f 9418/12/712 9421/12/712 9419/12/712
f 9421/12/712 9418/12/712 9422/12/712
f 9421/12/19 9423/12/19 9420/12/19
f 9423/12/19 9421/12/19 9422/12/19
f 9423/12/23 4577/12/23 9420/12/23
f 4577/12/23 9423/12/23 6464/12/23
f 6464/12/23 9423/12/23 9417/12/23
f 9417/12/23 9423/12/23 9416/12/23
f 9423/12/713 9418/12/713 9416/12/713
f 9418/12/713 9423/12/713 9422/12/713
f 9425/11/23 5527/11/23 9424/11/23
f 5527/11/23 9425/11/23 5529/11/23
f 8826/11/12 8828/11/12 8824/11/12
f 8828/11/12 8826/11/12 8829/11/12
f 9425/11/8 8826/11/8 5529/11/8
f 8826/11/8 9425/11/8 8829/11/8
f 8826/11/7 5527/11/7 5529/11/7
f 5527/11/7 8826/11/7 8824/11/7
f 8828/11/19 9425/11/19 9424/11/19
f 9425/11/19 8828/11/19 8829/11/19
f 8828/10/32 5527/10/32 8824/10/32
f 5527/10/32 8828/10/32 9424/10/32
f 9428/4/627 9427/4/626 9426/4/624
f 9427/4/626 9428/4/627 9429/4/625
f 9432/4/638 9431/4/639 9430/4/637
f 9431/4/639 9432/4/638 9433/4/636
f 9436/4/631 9435/4/630 9434/4/628
f 9435/4/630 9436/4/631 9437/4/629
f 9440/4/634 9439/4/635 9438/4/633
f 9439/4/635 9440/4/634 9441/4/632
f 9444/4/642 9443/4/643 9442/4/641
f 9443/4/643 9444/4/642 9445/4/640
f 9448/4/623 9447/4/622 9446/4/620
f 9447/4/622 9448/4/623 9449/4/621
f 9451/4/656 9426/4/624 9450/4/658
f 9426/4/624 9451/4/656 9428/4/627
f 9426/4/624 9452/4/659 9450/4/658
f 9452/4/659 9426/4/624 9427/4/626
f 9427/4/626 9453/4/657 9452/4/659
f 9453/4/657 9427/4/626 9429/4/625
f 9451/4/656 9429/4/625 9428/4/627
f 9429/4/625 9451/4/656 9453/4/657
f 9446/4/620 9455/4/645 9454/4/644
f 9455/4/645 9446/4/620 9447/4/622
f 9447/4/622 9450/4/646 9455/4/645
f 9450/4/646 9447/4/622 9449/4/621
f 9451/4/647 9446/4/620 9454/4/644
f 9446/4/620 9451/4/647 9448/4/623
f 9451/4/647 9449/4/621 9448/4/623
f 9449/4/621 9451/4/647 9450/4/646
f 9457/4/649 9442/4/641 9456/4/648
f 9442/4/641 9457/4/649 9444/4/642
f 9442/4/641 9455/4/650 9456/4/648
f 9455/4/650 9442/4/641 9443/4/643
f 9443/4/643 9454/4/651 9455/4/650
f 9454/4/651 9443/4/643 9445/4/640
f 9457/4/649 9445/4/640 9444/4/642
f 9445/4/640 9457/4/649 9454/4/651
f 9431/4/639 9453/4/652 9457/4/655
f 9453/4/652 9431/4/639 9433/4/636
f 9452/4/653 9430/4/637 9456/4/654
f 9430/4/637 9452/4/653 9432/4/638
f 9456/4/654 9431/4/639 9457/4/655
f 9431/4/639 9456/4/654 9430/4/637
f 9452/4/653 9433/4/636 9432/4/638
f 9433/4/636 9452/4/653 9453/4/652
f 9457/4/663 9441/4/632 9440/4/634
f 9441/4/632 9457/4/663 9453/4/660
f 9438/4/633 9451/4/661 9454/4/662
f 9451/4/661 9438/4/633 9439/4/635
f 9457/4/663 9438/4/633 9454/4/662
f 9438/4/633 9457/4/663 9440/4/634
f 9439/4/635 9453/4/660 9451/4/661
f 9453/4/660 9439/4/635 9441/4/632
f 9450/4/666 9435/4/630 9455/4/664
f 9435/4/630 9450/4/666 9434/4/628
f 9452/4/667 9437/4/629 9436/4/631
f 9437/4/629 9452/4/667 9456/4/665
f 9435/4/630 9456/4/665 9455/4/664
f 9456/4/665 9435/4/630 9437/4/629
f 9452/4/667 9434/4/628 9450/4/666
f 9434/4/628 9452/4/667 9436/4/631
f 1212/11/23 5336/11/23 1210/11/23
f 5336/11/23 1212/11/23 5337/11/23
f 9459/11/12 7921/11/12 9458/11/12
f 7921/11/12 9459/11/12 7923/11/12
f 1212/11/8 9459/11/8 5337/11/8
f 9459/11/8 1212/11/8 7923/11/8
f 9459/11/7 5336/11/7 5337/11/7
f 5336/11/7 9459/11/7 9458/11/7
f 7921/11/19 1212/11/19 1210/11/19
f 1212/11/19 7921/11/19 7923/11/19
f 7921/10/32 5336/10/32 9458/10/32
f 5336/10/32 7921/10/32 1210/10/32
f 9462/7/19 9461/7/19 9460/7/19
f 9461/7/19 9462/7/19 9463/7/19
f 9466/7/7 9465/7/7 9464/7/7
f 9465/7/7 9466/7/7 9467/7/7
f 9462/7/8 9466/7/8 9463/7/8
f 9466/7/8 9462/7/8 9467/7/8
f 9466/7/23 9461/7/23 9463/7/23
f 9461/7/23 9466/7/23 9464/7/23
f 9465/7/12 9462/7/12 9460/7/12
f 9462/7/12 9465/7/12 9467/7/12
f 9465/10/32 9461/10/32 9464/10/32
f 9461/10/32 9465/10/32 9460/10/32
f 5529/11/23 5526/11/23 5527/11/23
f 5526/11/23 5529/11/23 5528/11/23
f 8827/11/12 8824/11/12 8825/11/12
f 8824/11/12 8827/11/12 8826/11/12
f 5529/11/8 8827/11/8 5528/11/8
f 8827/11/8 5529/11/8 8826/11/8
f 8827/11/7 5526/11/7 5528/11/7
f 5526/11/7 8827/11/7 8825/11/7
f 8824/11/19 5529/11/19 5527/11/19
f 5529/11/19 8824/11/19 8826/11/19
f 8824/10/32 5526/10/32 8825/10/32
f 5526/10/32 8824/10/32 5527/10/32
